strategy_name,family,horizon_hours,threshold_label,min_entry_abs_ret_60m_slot_percentile,timing_regime,event_day_bucket,symbol,trade_count,win_rate,median_r,mean_r,total_r,profit_factor,median_entry_abs_return,median_entry_abs_ret_60m_slot_percentile,contained_within_0_5x_shock_rate_24h,contained_within_1_0x_shock_rate_24h,median_adverse_extension_units_24h,median_favorable_extension_units_24h,contained_within_0_5x_shock_rate_72h,contained_within_1_0x_shock_rate_72h,median_adverse_extension_units_72h,median_favorable_extension_units_72h
fade_credit_24h,credit_spread_proxy,24,all,0.0,immediate,weekday,GLD,1846,0.5796316359696642,0.5384615384615384,-0.09512545340327572,-175.60158698244697,0.7628432395037253,0.0013186994389050577,0.5076923076923077,0.1635969664138678,0.24972914409534128,3.8000000000002423,3.855400696864265,,,,
fade_credit_24h,credit_spread_proxy,24,all,0.0,immediate,weekday,QQQ,1852,0.5583153347732182,0.5384615384615384,-0.12881162015319447,-238.55912052371616,0.6953304869467165,0.0012803428358164615,0.5230769230769231,0.14578833693304535,0.23110151187904968,3.675757575757641,3.6825757575756244,,,,
fade_credit_24h,credit_spread_proxy,24,all,0.0,immediate,weekday,SLV,1776,0.5850225225225225,0.5384615384615384,-0.08774016524009895,-155.82653346641573,0.7786353127835594,0.002266111473023802,0.515625,0.16835585585585586,0.268018018018018,3.4722222222219514,3.666666666666509,,,,
fade_credit_24h,credit_spread_proxy,24,all,0.0,immediate,weekday,SPY,1850,0.5664864864864865,0.5384615384615384,-0.11725925676434817,-216.92962501404412,0.716943037194517,0.0010000427019387081,0.5254237288135594,0.1535135135135135,0.22054054054054054,3.421580671580413,3.552882072977643,,,,
fade_credit_24h,credit_spread_proxy,24,all,0.0,immediate,weekday,UNG,1760,0.5738636363636364,0.5384615384615384,-0.10166071164904275,-178.92285250231524,0.7486578484334498,0.004659108669603285,0.5806451612903226,0.17727272727272728,0.2676136363636364,2.9999999999999876,3.285714285714266,,,,
fade_credit_24h,credit_spread_proxy,24,all,0.0,immediate,weekday,USO,1791,0.5683975432719152,0.5384615384615384,-0.11315471498591895,-202.66009453978083,0.7258221421437901,0.0025544703230653276,0.5538461538461539,0.16973757677275264,0.25907314349525407,3.181818181818211,3.26829268292683,,,,
fade_credit_24h,credit_spread_proxy,24,all,0.0,delayed,weekday,GLD,626,0.6549520766773163,0.5384615384615384,0.03459764401730533,21.658125154833137,1.1151547385386595,0.004810230203113219,0.921875,0.2268370607028754,0.4281150159744409,1.1208053691274824,1.1365911365911558,,,,
fade_credit_24h,credit_spread_proxy,24,all,0.0,delayed,weekday,QQQ,626,0.7188498402555911,0.5384615384615384,0.10397401321134175,65.08773227029994,1.3919852308751,0.0031193284936480437,0.883300916921367,0.2571884984025559,0.4185303514376997,1.4568670576735185,2.260547676389277,,,,
fade_credit_24h,credit_spread_proxy,24,all,0.0,delayed,weekday,SLV,619,0.6720516962843296,0.5384615384615384,0.05830468612754074,36.09060071294772,1.201042362320433,0.008864643709512565,0.9491525423728814,0.25363489499192243,0.4668820678513732,1.1951710261569415,0.9500000000000106,,,,
fade_credit_24h,credit_spread_proxy,24,all,0.0,delayed,weekday,SPY,622,0.6816720257234726,0.5384615384615384,0.06234751480638028,38.780154209568536,1.212982389932928,0.00259956994768773,0.9076923076923077,0.28135048231511256,0.4003215434083601,1.5844155844152756,1.887218045112717,,,,
fade_credit_24h,credit_spread_proxy,24,all,0.0,delayed,weekday,UNG,608,0.6233552631578947,0.5384615384615384,0.0016610480052641442,1.0099171872005996,1.005216538625526,0.010089020771513413,0.9519723360655737,0.21052631578947367,0.40131578947368424,1.7500000000000056,1.92857142857143,,,,
fade_credit_24h,credit_spread_proxy,24,all,0.0,delayed,weekday,USO,623,0.7142857142857143,0.5384615384615384,0.11384410449510068,70.92487710044773,1.4464908955260984,0.006791800444554186,0.8032786885245902,0.26324237560192615,0.44141252006420545,1.2087912087912072,1.7368421052631575,,,,
fade_credit_24h,credit_spread_proxy,24,all,0.0,delayed,weekend,GLD,757,0.6803170409511229,0.5384615384615384,0.07132566547327139,53.99352876326645,1.2629458372524474,0.006333822185381255,0.9491525423728814,0.31704095112285335,0.5455746367239102,0.822335025380699,0.9068322981366461,,,,
fade_credit_24h,credit_spread_proxy,24,all,0.0,delayed,weekend,QQQ,757,0.9088507265521797,0.5384615384615384,0.3740622155737239,283.165097189309,5.7550419812991365,0.0055414620103990675,1.0,0.43593130779392336,0.6697490092470277,0.7233146067415693,1.248704663212451,,,,
fade_credit_24h,credit_spread_proxy,24,all,0.0,delayed,weekend,SLV,757,0.7159841479524438,0.5384615384615384,0.1196066304103122,90.54221922060634,1.5096298101010015,0.010490693739424684,0.9661016949152542,0.3236459709379128,0.5046235138705416,0.9999999999996447,1.2000000000000284,,,,
fade_credit_24h,credit_spread_proxy,24,all,0.0,delayed,weekend,SPY,757,0.8309114927344782,0.5384615384615384,0.2976822642993131,225.34547407458,3.158257358118534,0.004502192435730246,0.9830508474576272,0.404227212681638,0.6287978863936592,0.7037974683544644,1.0617760617760488,,,,
fade_credit_24h,credit_spread_proxy,24,all,0.0,delayed,weekend,UNG,757,0.6287978863936592,0.5384615384615384,0.021416882425702027,16.212579996256434,1.0736074371209239,0.024193548387096975,1.0,0.3051519154557464,0.4914134742404227,1.0156250000000053,0.9375000000000011,,,,
fade_credit_24h,credit_spread_proxy,24,all,0.0,delayed,weekend,USO,757,0.7199471598414795,0.5384615384615384,0.16261121891332342,123.09669271738582,1.7441804773349214,0.008182190099550013,0.9122807017543859,0.34346103038309117,0.4953764861294584,1.0333333333333026,1.4848484848484562,,,,
fade_credit_24h,credit_spread_proxy,24,p80,0.8,immediate,weekday,GLD,402,0.6766169154228856,0.5384615384615384,0.05696859169725257,22.901373862295532,1.1939127154306668,0.004527613864334756,0.8983050847457628,0.2562189054726368,0.44776119402985076,1.255597014925398,1.3647839484558064,,,,
fade_credit_24h,credit_spread_proxy,24,p80,0.8,immediate,weekday,QQQ,418,0.6267942583732058,0.5384615384615384,-0.014050201184330154,-5.872984095050004,0.9590989040338542,0.004904404113675986,0.9008196721311476,0.2535885167464115,0.4090909090909091,1.3912930213170953,1.3891709697163055,,,,
fade_credit_24h,credit_spread_proxy,24,p80,0.8,immediate,weekday,SLV,351,0.6410256410256411,0.5384615384615384,0.01250482413251216,4.389193270511768,1.0394684997372547,0.009207240948813977,0.9016393442622951,0.26495726495726496,0.4017094017094017,1.43478260869562,1.2898550724637599,,,,
fade_credit_24h,credit_spread_proxy,24,p80,0.8,immediate,weekday,SPY,422,0.6611374407582938,0.5384615384615384,0.032798150194696125,13.840819382161765,1.1066501805066766,0.003929897777293467,0.9076923076923077,0.26303317535545023,0.4004739336492891,1.2945508047425496,1.3661957033351642,,,,
fade_credit_24h,credit_spread_proxy,24,p80,0.8,immediate,weekday,UNG,450,0.6466666666666666,0.5384615384615384,0.016063589795406955,7.2286154079331295,1.0499026827594586,0.013109303852097631,0.8983050847457628,0.3,0.45111111111111113,1.1893274853801166,1.4529914529914474,,,,
fade_credit_24h,credit_spread_proxy,24,p80,0.8,immediate,weekday,USO,445,0.6179775280898876,0.5384615384615384,-0.03352838244234813,-14.92013018684492,0.9056774635642055,0.007983517898531911,0.8983050847457628,0.2696629213483146,0.4202247191011236,1.4423076923077034,1.4117647058823086,,,,
fade_credit_24h,credit_spread_proxy,24,p80,0.8,delayed,weekday,GLD,467,0.702355460385439,0.5384615384615384,0.11981049737857997,55.95150227579685,1.5000093892022277,0.006560325019148161,0.9830508474576272,0.26124197002141325,0.49036402569593146,1.0419354838709851,0.8917197452229233,,,,
fade_credit_24h,credit_spread_proxy,24,p80,0.8,delayed,weekday,QQQ,437,0.7734553775743707,0.5384615384615384,0.18565421432176968,81.13089165861335,1.8862748287674975,0.0046137787056366175,0.9836065573770492,0.3340961098398169,0.4851258581235698,1.02105263157894,1.331182795698943,,,,
fade_credit_24h,credit_spread_proxy,24,p80,0.8,delayed,weekday,SLV,438,0.7328767123287672,0.5384615384615384,0.15839198041349623,69.37568742111135,1.725930321197865,0.013102480112306969,0.9830508474576272,0.3287671232876712,0.5958904109589042,0.8371212121212185,0.7173913043478288,,,,
fade_credit_24h,credit_spread_proxy,24,p80,0.8,delayed,weekday,SPY,413,0.7675544794188862,0.5384615384615384,0.2068760580912764,85.43981199169716,2.052218765159848,0.003968196498139065,0.9830508474576272,0.3898305084745763,0.5254237288135594,0.9702127659575212,1.3704545454545367,,,,
fade_credit_24h,credit_spread_proxy,24,p80,0.8,delayed,weekday,UNG,480,0.6333333333333333,0.5384615384615384,0.02176211379812098,10.44581462309807,1.0725744317870594,0.012284204154927647,0.9814814814814815,0.24791666666666667,0.4895833333333333,1.0915071770334936,1.4137931034482718,,,,
fade_credit_24h,credit_spread_proxy,24,p80,0.8,delayed,weekday,USO,312,0.75,0.5384615384615384,0.17948020730950245,55.99782468056476,1.8779091214816221,0.01112047177759068,0.9322033898305084,0.3685897435897436,0.5576923076923077,0.823983228511528,0.869565217391299,,,,
fade_credit_24h,credit_spread_proxy,24,p80,0.8,delayed,weekend,GLD,627,0.7129186602870813,0.5384615384615384,0.12659991092166162,79.37814414788184,1.5537718614468878,0.009167821242224816,0.9830508474576272,0.3827751196172249,0.6236044657097288,0.7299270072992828,0.49860724233982623,,,,
fade_credit_24h,credit_spread_proxy,24,p80,0.8,delayed,weekend,QQQ,626,0.9488817891373802,0.5384615384615384,0.43059059516601333,269.54971257392435,12.953162403806136,0.006629047279899103,1.0,0.48562300319488816,0.7332268370607029,0.5361702127659483,1.0222222222222146,,,,
fade_credit_24h,credit_spread_proxy,24,p80,0.8,delayed,weekend,SLV,550,0.7854545454545454,0.5384615384615384,0.22368264351747186,123.02545393460952,2.373995619544617,0.014462809917355157,0.9830508474576272,0.4036363636363636,0.6290909090909091,0.7122302158273393,0.8636363636363901,,,,
fade_credit_24h,credit_spread_proxy,24,p80,0.8,delayed,weekend,SPY,642,0.8753894080996885,0.5384615384615384,0.369577182239341,237.26855099765692,5.206080440818754,0.004923072282951635,1.0,0.4766355140186916,0.7180685358255452,0.5313351498637311,0.9841456144272794,,,,
fade_credit_24h,credit_spread_proxy,24,p80,0.8,delayed,weekend,UNG,647,0.6646058732612056,0.5384615384615384,0.08569296634779855,55.443349227025664,1.354820714802064,0.02954545454545443,1.0,0.357032457496136,0.5749613601236476,0.7916666666666676,0.8135593220338992,,,,
fade_credit_24h,credit_spread_proxy,24,p80,0.8,delayed,weekend,USO,418,0.7607655502392344,0.5384615384615384,0.24659261649857758,103.07571369640543,2.6308770083171686,0.014319151865620272,0.9649122807017544,0.5454545454545454,0.6842105263157895,0.4705882352941141,0.8000000000000022,,,,
fade_credit_24h,credit_spread_proxy,24,p90,0.9,immediate,weekday,GLD,199,0.7135678391959799,0.5384615384615384,0.11349376353127302,22.585258942723332,1.4452298933281795,0.006390664073353758,0.953125,0.32663316582914576,0.5226130653266332,0.9583333333333348,1.1366906474820084,,,,
fade_credit_24h,credit_spread_proxy,24,p90,0.9,immediate,weekday,QQQ,211,0.6777251184834123,0.5384615384615384,0.06241072827944823,13.168663666963576,1.2142425764511093,0.00749547253336913,0.9538461538461539,0.26066350710900477,0.46919431279620855,1.0952380952380025,1.1572327044025148,,,,
fade_credit_24h,credit_spread_proxy,24,p90,0.9,immediate,weekday,SLV,183,0.6229508196721312,0.5384615384615384,-0.0107346972587469,-1.964449598350683,0.9670899654794071,0.013687853996224186,0.9538461538461539,0.28415300546448086,0.4098360655737705,1.2758620689655245,0.9677419354838769,,,,
fade_credit_24h,credit_spread_proxy,24,p90,0.9,immediate,weekday,SPY,221,0.6742081447963801,0.5384615384615384,0.06281553406613188,13.882233028615145,1.2167591211994453,0.005500671486652786,0.9538461538461539,0.28054298642533937,0.43891402714932126,1.1741573033706836,1.1589537223340072,,,,
fade_credit_24h,credit_spread_proxy,24,p90,0.9,immediate,weekday,UNG,223,0.6816143497757847,0.5384615384615384,0.06528243461037302,14.557982918113183,1.224505646585785,0.01660735468564667,0.9538461538461539,0.3273542600896861,0.5022421524663677,1.0000000000000273,1.261538461538458,,,,
fade_credit_24h,credit_spread_proxy,24,p90,0.9,immediate,weekday,USO,219,0.6757990867579908,0.5384615384615384,0.04378363127872901,9.588615250041652,1.141656764273103,0.01160365058670143,0.9516129032258065,0.3105022831050228,0.5068493150684932,0.9712230215827395,1.318181818181821,,,,
fade_credit_24h,credit_spread_proxy,24,p90,0.9,delayed,weekday,GLD,344,0.6976744186046512,0.5384615384615384,0.12858974993708766,44.23487397835815,1.574304088791252,0.007767057922050791,0.9833333333333333,0.26453488372093026,0.49709302325581395,1.0088105726871914,0.6671442215854833,,,,
fade_credit_24h,credit_spread_proxy,24,p90,0.9,delayed,weekday,QQQ,300,0.8,0.5384615384615384,0.21814141561724018,65.44242468517206,2.171184552397726,0.005965432735715259,1.0,0.4066666666666667,0.5933333333333334,0.7684324226819577,0.8938992042440104,,,,
fade_credit_24h,credit_spread_proxy,24,p90,0.9,delayed,weekday,SLV,349,0.7449856733524355,0.5384615384615384,0.17938534642580814,62.605485902607036,1.8699800093672907,0.015575620767494303,0.9836065573770492,0.35816618911174786,0.6361031518624641,0.7647058823529405,0.5476190476190465,,,,
fade_credit_24h,credit_spread_proxy,24,p90,0.9,delayed,weekday,SPY,316,0.7689873417721519,0.5384615384615384,0.21622590142783485,68.32738485119582,2.1202420577536056,0.0048065741530352035,0.9842431761786601,0.43354430379746833,0.5854430379746836,0.6979472140762515,1.0617760617760488,,,,
fade_credit_24h,credit_spread_proxy,24,p90,0.9,delayed,weekday,UNG,417,0.6594724220623501,0.5384615384615384,0.06175900942635562,25.753506930790294,1.227888270193645,0.014705882352941124,0.9818181818181818,0.2446043165467626,0.5179856115107914,0.9999999999999988,1.2857142857142785,,,,
fade_credit_24h,credit_spread_proxy,24,p90,0.9,delayed,weekday,USO,201,0.8059701492537313,0.5384615384615384,0.25519168338394194,51.29352836017233,2.686019691597866,0.017285714285714238,0.9830508474576272,0.43781094527363185,0.6567164179104478,0.573529411764701,0.8000000000000022,,,,
fade_credit_24h,credit_spread_proxy,24,p90,0.9,delayed,weekend,GLD,434,0.7119815668202765,0.5384615384615384,0.1402680014885945,60.87631264605001,1.689106955635253,0.013880126182965302,0.9830508474576272,0.4078341013824885,0.6797235023041475,0.5814606741573011,0.28378378378378866,,,,
fade_credit_24h,credit_spread_proxy,24,p90,0.9,delayed,weekend,QQQ,547,0.9634369287020109,0.5384615384615384,0.4502043499748641,246.26177943625066,17.060155885034938,0.008865450864503965,1.0,0.5301645338208409,0.7952468007312614,0.48195876288659967,0.9063829787233936,,,,
fade_credit_24h,credit_spread_proxy,24,p90,0.9,delayed,weekend,SLV,466,0.8004291845493562,0.5384615384615384,0.2494768737454479,116.25622316537873,2.8013479155541563,0.017108352901710755,0.9830508474576272,0.4206008583690987,0.6394849785407726,0.7122302158273393,0.7256637168141579,,,,
fade_credit_24h,credit_spread_proxy,24,p90,0.9,delayed,weekend,SPY,491,0.9124236252545825,0.5384615384615384,0.4409746991958024,216.518577305139,11.883693975864059,0.007213692793653026,1.0,0.539714867617108,0.8126272912423625,0.44105691056912416,0.8369304556355021,,,,
fade_credit_24h,credit_spread_proxy,24,p90,0.9,delayed,weekend,UNG,627,0.6539074960127592,0.5384615384615384,0.07125058765198548,44.6741184577949,1.2859008855947722,0.030320366132723153,1.0,0.3365231259968102,0.5614035087719298,0.7924528301886774,0.7254901960784337,,,,
fade_credit_24h,credit_spread_proxy,24,p90,0.9,delayed,weekend,USO,382,0.7382198952879581,0.5384615384615384,0.21908664479526194,83.69109831179006,2.3241711664449047,0.014733969986357454,0.9672131147540983,0.5602094240837696,0.7120418848167539,0.4705882352941141,0.7929515418502194,,,,
fade_credit_72h,credit_spread_proxy,72,all,0.0,immediate,weekday,GLD,1833,0.5422804146208402,0.5384615384615384,-0.15491268641440578,-283.9549541976058,0.6490495220358865,0.0013187900101656602,0.5076923076923077,,,,,0.10474631751227496,0.16039279869067102,6.310344827585706,6.723529411764755
fade_credit_72h,credit_spread_proxy,72,all,0.0,immediate,weekday,QQQ,1839,0.5263730288200109,0.5384615384615384,-0.1798950287585886,-330.82695788704444,0.6085120857460451,0.0012837179070523952,0.5230769230769231,,,,,0.08374116367591082,0.14192495921696574,6.840909090908222,6.165898617511635
fade_credit_72h,credit_spread_proxy,72,all,0.0,immediate,weekday,SLV,1763,0.5570051049347703,0.5384615384615384,-0.13002437565460914,-229.2329742790759,0.6943259862679599,0.002261164499717472,0.5084745762711864,,,,,0.1128757799205899,0.18774815655133295,6.000000000000355,6.44444444444469
fade_credit_72h,credit_spread_proxy,72,all,0.0,immediate,weekday,SPY,1837,0.5367446924333152,0.5384615384615384,-0.16144994511869948,-296.58354918305093,0.6369301426809748,0.0010015492715294005,0.5254237288135594,,,,,0.09744148067501361,0.1491562329885683,6.512195121950861,6.079999999999927
fade_credit_72h,credit_spread_proxy,72,all,0.0,immediate,weekday,UNG,1748,0.5572082379862701,0.5384615384615384,-0.13114123309466244,-229.23487544946997,0.6923649415855936,0.004705885247757224,0.5846153846153846,,,,,0.11613272311212815,0.17677345537757438,5.249999999999902,5.816666666666604
fade_credit_72h,credit_spread_proxy,72,all,0.0,immediate,weekday,USO,1778,0.5714285714285714,0.5384615384615384,-0.11477592562356435,-204.0715957586974,0.7244945935034177,0.0025384656573331776,0.5491935483870968,,,,,0.11304836895388076,0.18503937007874016,5.507575757575693,5.823543233082752
fade_credit_72h,credit_spread_proxy,72,all,0.0,delayed,weekday,GLD,622,0.5466237942122186,0.5384615384615384,-0.1273460843490564,-79.20926446511308,0.6898405050253167,0.00480580968993638,0.921875,,,,,0.12218649517684887,0.2572347266881029,2.0999999999999943,1.6842105263157738
fade_credit_72h,credit_spread_proxy,72,all,0.0,delayed,weekday,QQQ,622,0.6237942122186495,0.5384615384615384,-0.02785558430628975,-17.326173438512225,0.9224335521519343,0.0031579278616622464,0.8870967741935484,,,,,0.15434083601286175,0.2765273311897106,2.14713896457771,3.505358074372201
fade_credit_72h,credit_spread_proxy,72,all,0.0,delayed,weekday,SLV,615,0.5739837398373984,0.5384615384615384,-0.08150839240774949,-50.12766133076593,0.7836223326377469,0.008864643709512565,0.9491525423728814,,,,,0.14146341463414633,0.3154471544715447,2.280000000000001,1.5270270270270314
fade_credit_72h,credit_spread_proxy,72,all,0.0,delayed,weekday,SPY,618,0.6035598705501618,0.5384615384615384,-0.03464850431693261,-21.412775667864352,0.9027139804533352,0.0026053352804764063,0.9076923076923077,,,,,0.18446601941747573,0.2524271844660194,2.234061930783338,2.8537710131759435
fade_credit_72h,credit_spread_proxy,72,all,0.0,delayed,weekday,UNG,604,0.6076158940397351,0.5384615384615384,-0.05453580675656419,-32.93962728096477,0.8522553071162198,0.010089020771513413,0.9573317307692308,,,,,0.14403973509933773,0.23344370860927152,3.0357142857142936,3.2000000000000712
fade_credit_72h,credit_spread_proxy,72,all,0.0,delayed,weekday,USO,619,0.6042003231017771,0.5384615384615384,-0.06472505041110184,-40.064806204472035,0.8278017558233153,0.00670314637482905,0.7818181818181819,,,,,0.1777059773828756,0.30210016155088854,2.111111111111104,2.4999999999999916
fade_credit_72h,credit_spread_proxy,72,all,0.0,delayed,weekend,GLD,757,0.5878467635402906,0.5384615384615384,-0.04008504177786386,-30.34437662584294,0.8819116547371398,0.006333822185381255,0.9491525423728814,,,,,0.11360634081902246,0.30647291941875826,1.8946666666666716,1.0945945945945843
fade_credit_72h,credit_spread_proxy,72,all,0.0,delayed,weekend,QQQ,757,0.7490092470277411,0.5384615384615384,0.152401165771904,115.36768248933132,1.6196142336797346,0.0055414620103990675,1.0,,,,,0.26023778071334214,0.404227212681638,1.2645228215767517,2.2890365448505006
fade_credit_72h,credit_spread_proxy,72,all,0.0,delayed,weekend,SLV,757,0.5310435931307794,0.30149471381698645,-0.13942136037646605,-105.5419698049848,0.6506912380707038,0.010490693739424684,0.9661016949152542,,,,,0.12681638044914134,0.22985468956406868,2.384615384615374,1.7450980392156943
fade_credit_72h,credit_spread_proxy,72,all,0.0,delayed,weekend,SPY,757,0.6697490092470277,0.5384615384615384,0.10103255347196081,76.48164297827434,1.3974746835550462,0.004502192435730246,0.9830508474576272,,,,,0.22324966974900926,0.3249669749009247,1.5449330783938622,2.7226277372262815
fade_credit_72h,credit_spread_proxy,72,all,0.0,delayed,weekend,UNG,757,0.6776750330250991,0.5384615384615384,0.052354225034587566,39.632148351182785,1.1810018520135583,0.024193548387096975,1.0,,,,,0.178335535006605,0.309114927344782,1.9285714285714177,1.3333333333333333
fade_credit_72h,credit_spread_proxy,72,all,0.0,delayed,weekend,USO,757,0.6605019815059445,0.5384615384615384,0.018478098736561463,13.987920743577027,1.056507725814754,0.008182190099550013,0.9122807017543859,,,,,0.18494055482166447,0.31968295904887717,2.215686274509773,2.4999999999999916
fade_credit_72h,credit_spread_proxy,72,p80,0.8,immediate,weekday,GLD,399,0.5989974937343359,0.5384615384615384,-0.06441471454656128,-25.701471104077953,0.8286750418690062,0.004544153427794351,0.8983050847457628,,,,,0.16541353383458646,0.2907268170426065,2.485507246376825,2.324324324324302
fade_credit_72h,credit_spread_proxy,72,p80,0.8,immediate,weekday,QQQ,416,0.5625,0.5384615384615384,-0.11283879991985539,-46.94094076665984,0.7219890423321326,0.004931557066192083,0.9016393442622951,,,,,0.1658653846153846,0.27163461538461536,2.4774477193630933,2.5214400150786656
fade_credit_72h,credit_spread_proxy,72,p80,0.8,immediate,weekday,SLV,347,0.6167146974063401,0.5384615384615384,-0.039338774563710315,-13.650554773607478,0.8907219299635682,0.009207240948813977,0.9016393442622951,,,,,0.17579250720461095,0.28530259365994237,2.5643274853801143,2.807692307692331
fade_credit_72h,credit_spread_proxy,72,p80,0.8,immediate,weekday,SPY,421,0.5985748218527316,0.5384615384615384,-0.05305180734085773,-22.334810890501103,0.8535191571301995,0.003933784264862794,0.9076923076923077,,,,,0.17339667458432304,0.27790973871733965,2.2187499999999756,2.603375527426138
fade_credit_72h,credit_spread_proxy,72,p80,0.8,immediate,weekday,UNG,450,0.62,0.5384615384615384,-0.03503442138358708,-15.765489622614187,0.9027401629081232,0.013109303852097631,0.8983050847457628,,,,,0.20222222222222222,0.3088888888888889,2.262422360248439,2.679487179487185
fade_credit_72h,credit_spread_proxy,72,p80,0.8,immediate,weekday,USO,435,0.6137931034482759,0.5384615384615384,-0.040587596075731924,-17.655604292943387,0.8888207966939226,0.007968127490040056,0.8983050847457628,,,,,0.19080459770114944,0.3080459770114943,2.28205128205128,2.479166666666641
fade_credit_72h,credit_spread_proxy,72,p80,0.8,delayed,weekday,GLD,464,0.5905172413793104,0.5384615384615384,-0.05081062148801432,-23.576128370438642,0.8564276316353996,0.006560325019148161,0.9830508474576272,,,,,0.14224137931034483,0.3081896551724138,1.6996015936254951,1.2254335260115505
fade_credit_72h,credit_spread_proxy,72,p80,0.8,delayed,weekday,QQQ,437,0.6544622425629291,0.5384615384615384,0.025025221448728114,10.936021773094186,1.0775945133784746,0.0046137787056366175,0.9836065573770492,,,,,0.19221967963386727,0.3157894736842105,1.6219512195121892,2.4937500000001473
fade_credit_72h,credit_spread_proxy,72,p80,0.8,delayed,weekday,SLV,435,0.5701149425287356,0.5384615384615384,-0.07446001096478148,-32.390104769679944,0.7952661471414593,0.013102480112306969,0.9830508474576272,,,,,0.18160919540229886,0.3954022988505747,1.6521739130434299,0.9661016949152608
fade_credit_72h,credit_spread_proxy,72,p80,0.8,delayed,weekday,SPY,413,0.6828087167070218,0.5384615384615384,0.09207044589496777,38.02509415462169,1.3405332172496762,0.003968196498139065,0.9830508474576272,,,,,0.24939467312348668,0.3389830508474576,1.7705735660847695,2.311627906976659
fade_credit_72h,credit_spread_proxy,72,p80,0.8,delayed,weekday,UNG,479,0.5970772442588727,0.5384615384615384,-0.06796453423037448,-32.55501189634938,0.8180772510617695,0.012303485987696594,0.9814814814814815,,,,,0.162839248434238,0.2755741127348643,1.8783783783783785,2.461538461538455
fade_credit_72h,credit_spread_proxy,72,p80,0.8,delayed,weekday,USO,308,0.6363636363636364,0.5384615384615384,-0.003431017175717468,-1.0567532901209802,0.9896398613953488,0.01111532146014893,0.9322033898305084,,,,,0.2532467532467532,0.38311688311688313,1.3592233009708778,1.8555033907146465
fade_credit_72h,credit_spread_proxy,72,p80,0.8,delayed,weekend,GLD,627,0.5773524720893142,0.5384615384615384,-0.044715604973126995,-28.036684318150627,0.8664686741324559,0.009167821242224816,0.9830508474576272,,,,,0.1371610845295056,0.3700159489633174,1.4442105263157923,0.9606741573033747
fade_credit_72h,credit_spread_proxy,72,p80,0.8,delayed,weekend,QQQ,626,0.7699680511182109,0.5384615384615384,0.18466206345063985,115.59845172010054,1.82456793157629,0.006629047279899103,1.0,,,,,0.29073482428115016,0.44568690095846647,1.0530821917808122,1.948186528497455
fade_credit_72h,credit_spread_proxy,72,p80,0.8,delayed,weekend,SLV,550,0.5218181818181818,0.057692307692316196,-0.1553909940510213,-85.46504672806172,0.6117787614512932,0.014462809917355157,0.9830508474576272,,,,,0.1509090909090909,0.2927272727272727,1.9583333333333124,1.12745098039216
fade_credit_72h,credit_spread_proxy,72,p80,0.8,delayed,weekend,SPY,642,0.7071651090342679,0.5384615384615384,0.17125106143273017,109.94318143981278,1.8430003478481698,0.004923072282951635,1.0,,,,,0.2632398753894081,0.3598130841121495,1.3142667928098672,2.1806930693069035
fade_credit_72h,credit_spread_proxy,72,p80,0.8,delayed,weekend,UNG,647,0.7109737248840804,0.5384615384615384,0.10524526555289218,68.09368681272124,1.4204354574316875,0.02954545454545443,1.0,,,,,0.20865533230293662,0.3616692426584235,1.3090909090909053,0.9743589743589748
fade_credit_72h,credit_spread_proxy,72,p80,0.8,delayed,weekend,USO,418,0.7511961722488039,0.5384615384615384,0.15989013059744228,66.83407458973088,1.706939876403821,0.014319151865620272,0.9649122807017544,,,,,0.31100478468899523,0.49521531100478466,1.0185185185185148,1.5473568281938317
fade_credit_72h,credit_spread_proxy,72,p90,0.9,immediate,weekday,GLD,198,0.6464646464646465,0.5384615384615384,0.005284367588578229,1.0463047825384892,1.0161064930492703,0.0064262711196746425,0.953125,,,,,0.2222222222222222,0.35353535353535354,1.825473472971284,1.73054903013626
fade_credit_72h,credit_spread_proxy,72,p90,0.9,immediate,weekday,QQQ,211,0.6255924170616114,0.5384615384615384,-0.012206697629590042,-2.575613199843499,0.9634083054536196,0.00749547253336913,0.9538461538461539,,,,,0.17535545023696683,0.3127962085308057,2.0182648401825793,2.1549636803874335
fade_credit_72h,credit_spread_proxy,72,p90,0.9,immediate,weekday,SLV,180,0.6333333333333333,0.5384615384615384,-0.01605654782650427,-2.8901786087707686,0.9534402634416506,0.013809160674577603,0.9538461538461539,,,,,0.19444444444444445,0.31666666666666665,2.1585917312661573,1.772765246449461
fade_credit_72h,credit_spread_proxy,72,p90,0.9,immediate,weekday,SPY,221,0.6289592760180995,0.5384615384615384,0.004804431807649882,1.061779429490624,1.0150089353961147,0.005500671486652786,0.9538461538461539,,,,,0.19004524886877827,0.3257918552036199,1.9666666666666133,1.999999999999858
fade_credit_72h,credit_spread_proxy,72,p90,0.9,immediate,weekday,UNG,223,0.6143497757847534,0.5384615384615384,-0.029616318157047773,-6.604438949021653,0.9153791964954602,0.01660735468564667,0.9538461538461539,,,,,0.21973094170403587,0.35874439461883406,1.6981132075471634,2.2647058823529407
fade_credit_72h,credit_spread_proxy,72,p90,0.9,immediate,weekday,USO,212,0.6462264150943396,0.5384615384615384,0.010287383863856737,2.180925379137628,1.030806503714452,0.01168892754811146,0.951216287678477,,,,,0.24056603773584906,0.4056603773584906,1.4270361990950269,1.9916666666666685
fade_credit_72h,credit_spread_proxy,72,p90,0.9,delayed,weekday,GLD,341,0.6129032258064516,0.5384615384615384,-0.03785654073622634,-12.909080391053182,0.8911027866361222,0.007769097222222188,0.9833333333333333,,,,,0.16422287390029325,0.36070381231671556,1.385786802030447,0.9980988593155857
fade_credit_72h,credit_spread_proxy,72,p90,0.9,delayed,weekday,QQQ,300,0.6433333333333333,0.5384615384615384,0.012892966349872926,3.867889904961878,1.0394967627443719,0.005965432735715259,1.0,,,,,0.22333333333333333,0.37666666666666665,1.4285714285714328,1.771349862258973
fade_credit_72h,credit_spread_proxy,72,p90,0.9,delayed,weekday,SLV,349,0.6045845272206304,0.5384615384615384,-0.03918678826097233,-13.676189103079341,0.8856208636249436,0.015575620767494303,0.9836065573770492,,,,,0.21203438395415472,0.45558739255014324,1.4835164835164791,0.964912280701749
fade_credit_72h,credit_spread_proxy,72,p90,0.9,delayed,weekday,SPY,316,0.6582278481012658,0.5384615384615384,0.06985294925621802,22.073531964964893,1.2486606335720216,0.0048065741530352035,0.9842431761786601,,,,,0.2848101265822785,0.3924050632911392,1.5064935064935745,1.5959302325581697
fade_credit_72h,credit_spread_proxy,72,p90,0.9,delayed,weekday,UNG,416,0.6057692307692307,0.5384615384615384,-0.052554577413561725,-21.862704204041677,0.8541996964507864,0.014705882352941124,0.983096590909091,,,,,0.1466346153846154,0.2764423076923077,1.7999999999999716,2.0
fade_credit_72h,credit_spread_proxy,72,p90,0.9,delayed,weekday,USO,197,0.6954314720812182,0.5384615384615384,0.0721514760510933,14.21384078206538,1.2537070747470074,0.016878779673255795,0.9830508474576272,,,,,0.26903553299492383,0.4517766497461929,1.1351351351351475,1.6769230769230725
fade_credit_72h,credit_spread_proxy,72,p90,0.9,delayed,weekend,GLD,434,0.543778801843318,0.24875124875124102,-0.11154464228263869,-48.41037475066519,0.7020732904245017,0.013880126182965302,0.9830508474576272,,,,,0.1382488479262673,0.423963133640553,1.4442105263157923,0.448421052631578
fade_credit_72h,credit_spread_proxy,72,p90,0.9,delayed,weekend,QQQ,547,0.7641681901279708,0.5384615384615384,0.1757530406920696,96.13691325856207,1.767911143645137,0.008865450864503965,1.0,,,,,0.31992687385740404,0.4789762340036563,1.0530821917808122,1.771349862258973
fade_credit_72h,credit_spread_proxy,72,p90,0.9,delayed,weekend,SLV,466,0.5665236051502146,0.30149471381698645,-0.07907652813879208,-36.84966211267711,0.7684525866019617,0.017108352901710755,0.9830508474576272,,,,,0.15236051502145923,0.3197424892703863,1.7707006369426757,1.12745098039216
fade_credit_72h,credit_spread_proxy,72,p90,0.9,delayed,weekend,SPY,491,0.7352342158859471,0.5384615384615384,0.21405784564914232,105.10240221372888,2.202141345329809,0.007213692793653026,1.0,,,,,0.329938900203666,0.45621181262729127,1.1634877384195905,1.7174796747967485
fade_credit_72h,credit_spread_proxy,72,p90,0.9,delayed,weekend,UNG,627,0.7017543859649122,0.5384615384615384,0.09142656466266423,57.32445604349047,1.353942267290556,0.030320366132723153,1.0,,,,,0.18341307814992025,0.3413078149920255,1.3548387096774304,0.9375000000000011
fade_credit_72h,credit_spread_proxy,72,p90,0.9,delayed,weekend,USO,382,0.7539267015706806,0.5384615384615384,0.16448710625584004,62.83407458973089,1.7432469483138542,0.014733969986357454,0.9672131147540983,,,,,0.3403141361256545,0.5052356020942408,0.8161764705882352,1.4480874316939936
fade_debit_24h,debit_spread_proxy,24,all,0.0,immediate,weekday,GLD,1846,0.5059588299024919,0.05971479500886689,0.015094254931412258,27.863994603387027,1.0336349572364643,0.0013186994389050577,0.5076923076923077,0.1635969664138678,0.24972914409534128,3.8000000000002423,3.855400696864265,,,,
fade_debit_24h,debit_spread_proxy,24,all,0.0,immediate,weekday,QQQ,1852,0.4994600431965443,0.0,-0.010879507093352649,-20.148847136889106,0.9766333994120818,0.0012803428358164615,0.5230769230769231,0.14578833693304535,0.23110151187904968,3.675757575757641,3.6825757575756244,,,,
fade_debit_24h,debit_spread_proxy,24,all,0.0,immediate,weekday,SLV,1776,0.518581081081081,0.24999999999997224,0.04361817318419824,77.46587557513608,1.0991840103077952,0.002266111473023802,0.515625,0.16835585585585586,0.268018018018018,3.4722222222219514,3.666666666666509,,,,
fade_debit_24h,debit_spread_proxy,24,all,0.0,immediate,weekday,SPY,1850,0.49675675675675673,-0.0836720867208513,-0.010925685580597307,-20.21251832410502,0.9764748699793737,0.0010000427019387081,0.5254237288135594,0.1535135135135135,0.22054054054054054,3.421580671580413,3.552882072977643,,,,
fade_debit_24h,debit_spread_proxy,24,all,0.0,immediate,weekday,UNG,1760,0.49829545454545454,0.0,0.01223687780693076,21.536904940198138,1.0270685113977764,0.004659108669603285,0.5806451612903226,0.17727272727272728,0.2676136363636364,2.9999999999999876,3.285714285714266,,,,
fade_debit_24h,debit_spread_proxy,24,all,0.0,immediate,weekday,USO,1791,0.5013958682300391,0.014285714285721536,0.00648594619039112,11.616329626990495,1.0141769960241904,0.0025544703230653276,0.5538461538461539,0.16973757677275264,0.25907314349525407,3.181818181818211,3.26829268292683,,,,
fade_debit_24h,debit_spread_proxy,24,all,0.0,delayed,weekday,GLD,626,0.4984025559105431,-0.060836501901139164,-0.03652928253607285,-22.867330867581604,0.9114879179686921,0.004810230203113219,0.921875,0.2268370607028754,0.4281150159744409,1.1208053691274824,1.1365911365911558,,,,
fade_debit_24h,debit_spread_proxy,24,all,0.0,delayed,weekday,QQQ,626,0.5718849840255591,0.10588235294116043,0.08297374053273064,51.94156157348938,1.2429684512587427,0.0031193284936480437,0.883300916921367,0.2571884984025559,0.4185303514376997,1.4568670576735185,2.260547676389277,,,,
fade_debit_24h,debit_spread_proxy,24,all,0.0,delayed,weekday,SLV,619,0.5105008077544426,0.1351351351351284,0.00803294310811624,4.972391783923953,1.0207792577479788,0.008864643709512565,0.9491525423728814,0.25363489499192243,0.4668820678513732,1.1951710261569415,0.9500000000000106,,,,
fade_debit_24h,debit_spread_proxy,24,all,0.0,delayed,weekday,SPY,622,0.477491961414791,-0.04091653027823269,0.02339536828287783,14.55191907195001,1.0592602048106192,0.00259956994768773,0.9076923076923077,0.28135048231511256,0.4003215434083601,1.5844155844152756,1.887218045112717,,,,
fade_debit_24h,debit_spread_proxy,24,all,0.0,delayed,weekday,UNG,608,0.49506578947368424,0.0,0.017161986922337256,10.434488048781052,1.039837912629677,0.010089020771513413,0.9519723360655737,0.21052631578947367,0.40131578947368424,1.7500000000000056,1.92857142857143,,,,
fade_debit_24h,debit_spread_proxy,24,all,0.0,delayed,weekday,USO,623,0.565008025682183,0.34374999999999795,0.12736128389773402,79.3460798682883,1.3698225311658052,0.006791800444554186,0.8032786885245902,0.26324237560192615,0.44141252006420545,1.2087912087912072,1.7368421052631575,,,,
fade_debit_24h,debit_spread_proxy,24,all,0.0,delayed,weekend,GLD,757,0.45178335535006603,-0.080808080808064,-0.015014428730889462,-11.365922549283322,0.9617083996286825,0.006333822185381255,0.9491525423728814,0.31704095112285335,0.5455746367239102,0.822335025380699,0.9068322981366461,,,,
fade_debit_24h,debit_spread_proxy,24,all,0.0,delayed,weekend,QQQ,757,0.6565389696169088,0.3866739486619368,0.256812270685353,194.40688890881222,2.176146600846612,0.0055414620103990675,1.0,0.43593130779392336,0.6697490092470277,0.7233146067415693,1.248704663212451,,,,
fade_debit_24h,debit_spread_proxy,24,all,0.0,delayed,weekend,SLV,757,0.47424042272126815,-0.21739130434782877,0.0009285382486040727,0.702903454193283,1.0023630298501494,0.010490693739424684,0.9661016949152542,0.3236459709379128,0.5046235138705416,0.9999999999996447,1.2000000000000284,,,,
fade_debit_24h,debit_spread_proxy,24,all,0.0,delayed,weekend,SPY,757,0.5535006605019815,0.32903225806450787,0.19735290503502184,149.39614911151153,1.7797719889529173,0.004502192435730246,0.9830508474576272,0.404227212681638,0.6287978863936592,0.7037974683544644,1.0617760617760488,,,,
fade_debit_24h,debit_spread_proxy,24,all,0.0,delayed,weekend,UNG,757,0.46499339498018494,-0.20754716981131924,-0.08784146541818158,-66.49598932156346,0.8049068302930346,0.024193548387096975,1.0,0.3051519154557464,0.4914134742404227,1.0156250000000053,0.9375000000000011,,,,
fade_debit_24h,debit_spread_proxy,24,all,0.0,delayed,weekend,USO,757,0.6089828269484808,0.3529411764705913,0.18105236195274488,137.05663799822787,1.5756102937082666,0.008182190099550013,0.9122807017543859,0.34346103038309117,0.4953764861294584,1.0333333333333026,1.4848484848484562,,,,
fade_debit_24h,debit_spread_proxy,24,p80,0.8,immediate,weekday,GLD,402,0.5,0.0035460992907769967,0.026206934660132235,10.535187733373158,1.0672921451586832,0.004527613864334756,0.8983050847457628,0.2562189054726368,0.44776119402985076,1.255597014925398,1.3647839484558064,,,,
fade_debit_24h,debit_spread_proxy,24,p80,0.8,immediate,weekday,QQQ,418,0.5382775119617225,0.23343875184482968,0.039556365872316715,16.534560934628388,1.0972944049737616,0.004904404113675986,0.9008196721311476,0.2535885167464115,0.4090909090909091,1.3912930213170953,1.3891709697163055,,,,
fade_debit_24h,debit_spread_proxy,24,p80,0.8,immediate,weekday,SLV,351,0.4928774928774929,-0.03846153846154477,-0.007754462610877102,-2.7218163764178627,0.9816460271742689,0.009207240948813977,0.9016393442622951,0.26495726495726496,0.4017094017094017,1.43478260869562,1.2898550724637599,,,,
fade_debit_24h,debit_spread_proxy,24,p80,0.8,immediate,weekday,SPY,422,0.5545023696682464,0.31364377325992,0.06461339913025789,27.26685443296883,1.1655053494646517,0.003929897777293467,0.9076923076923077,0.26303317535545023,0.4004739336492891,1.2945508047425496,1.3661957033351642,,,,
fade_debit_24h,debit_spread_proxy,24,p80,0.8,immediate,weekday,UNG,450,0.5177777777777778,0.22077922077922568,0.04825485004845944,21.714682521806747,1.1204558304775931,0.013109303852097631,0.8983050847457628,0.3,0.45111111111111113,1.1893274853801166,1.4529914529914474,,,,
fade_debit_24h,debit_spread_proxy,24,p80,0.8,immediate,weekday,USO,445,0.4943820224719101,0.0,-0.015248458634871554,-6.785564092517841,0.9642954237305272,0.007983517898531911,0.8983050847457628,0.2696629213483146,0.4202247191011236,1.4423076923077034,1.4117647058823086,,,,
fade_debit_24h,debit_spread_proxy,24,p80,0.8,delayed,weekday,GLD,467,0.5182012847965739,0.02312138728324858,-0.01748226429187012,-8.164217424303345,0.9532215713808118,0.006560325019148161,0.9830508474576272,0.26124197002141325,0.49036402569593146,1.0419354838709851,0.8917197452229233,,,,
fade_debit_24h,debit_spread_proxy,24,p80,0.8,delayed,weekday,QQQ,437,0.5903890160183066,0.10588235294116043,0.08361456538514923,36.539565073310214,1.2791743912246871,0.0046137787056366175,0.9836065573770492,0.3340961098398169,0.4851258581235698,1.02105263157894,1.331182795698943,,,,
fade_debit_24h,debit_spread_proxy,24,p80,0.8,delayed,weekday,SLV,438,0.5091324200913242,0.1351351351351284,0.011161302568910212,4.888650525182673,1.032124202406363,0.013102480112306969,0.9830508474576272,0.3287671232876712,0.5958904109589042,0.8371212121212185,0.7173913043478288,,,,
fade_debit_24h,debit_spread_proxy,24,p80,0.8,delayed,weekday,SPY,413,0.5036319612590799,0.07357859531773465,0.09525932977548045,39.342103197273424,1.2945503994347947,0.003968196498139065,0.9830508474576272,0.3898305084745763,0.5254237288135594,0.9702127659575212,1.3704545454545367,,,,
fade_debit_24h,debit_spread_proxy,24,p80,0.8,delayed,weekday,UNG,480,0.4875,-0.055555555555554456,-0.00027537212059506694,-0.13217861788563212,0.9993578061934694,0.012284204154927647,0.9814814814814815,0.24791666666666667,0.4895833333333333,1.0915071770334936,1.4137931034482718,,,,
fade_debit_24h,debit_spread_proxy,24,p80,0.8,delayed,weekday,USO,312,0.5352564102564102,0.07812499999999549,0.04080816222100746,12.732146612954326,1.1240968215457203,0.01112047177759068,0.9322033898305084,0.3685897435897436,0.5576923076923077,0.823983228511528,0.869565217391299,,,,
fade_debit_24h,debit_spread_proxy,24,p80,0.8,delayed,weekend,GLD,627,0.4370015948963317,-0.080808080808064,-0.02769684617110575,-17.365922549283304,0.9260475363939792,0.009167821242224816,0.9830508474576272,0.3827751196172249,0.6236044657097288,0.7299270072992828,0.49860724233982623,,,,
fade_debit_24h,debit_spread_proxy,24,p80,0.8,delayed,weekend,QQQ,626,0.6533546325878594,0.2898151867223946,0.2399665065836011,150.2190331213343,2.188249874570019,0.006629047279899103,1.0,0.48562300319488816,0.7332268370607029,0.5361702127659483,1.0222222222222146,,,,
fade_debit_24h,debit_spread_proxy,24,p80,0.8,delayed,weekend,SLV,550,0.48363636363636364,-0.03554502369668045,0.04969758669993055,27.333672684961805,1.1429377639738814,0.014462809917355157,0.9830508474576272,0.4036363636363636,0.6290909090909091,0.7122302158273393,0.8636363636363901,,,,
fade_debit_24h,debit_spread_proxy,24,p80,0.8,delayed,weekend,SPY,642,0.5482866043613707,0.32903225806450787,0.2172837213574949,139.49614911151173,1.9714924814604247,0.004923072282951635,1.0,0.4766355140186916,0.7180685358255452,0.5313351498637311,0.9841456144272794,,,,
fade_debit_24h,debit_spread_proxy,24,p80,0.8,delayed,weekend,UNG,647,0.47295208655332305,-0.15384615384614964,-0.07495516123889251,-48.49598932156346,0.8248244465910356,0.02954545454545443,1.0,0.357032457496136,0.5749613601236476,0.7916666666666676,0.8135593220338992,,,,
fade_debit_24h,debit_spread_proxy,24,p80,0.8,delayed,weekend,USO,418,0.6172248803827751,0.2615384615384638,0.1247367735204816,52.139971331561306,1.4344153564467825,0.014319151865620272,0.9649122807017544,0.5454545454545454,0.6842105263157895,0.4705882352941141,0.8000000000000022,,,,
fade_debit_24h,debit_spread_proxy,24,p90,0.9,immediate,weekday,GLD,199,0.507537688442211,0.07035175879396267,0.05299965015607027,10.546930381057983,1.1450413094240148,0.006390664073353758,0.953125,0.32663316582914576,0.5226130653266332,0.9583333333333348,1.1366906474820084,,,,
fade_debit_24h,debit_spread_proxy,24,p90,0.9,immediate,weekday,QQQ,211,0.5781990521327014,0.2944162436548309,0.09544670530153984,20.139254818624906,1.2664461486241756,0.00749547253336913,0.9538461538461539,0.26066350710900477,0.46919431279620855,1.0952380952380025,1.1572327044025148,,,,
fade_debit_24h,debit_spread_proxy,24,p90,0.9,immediate,weekday,SLV,183,0.4426229508196721,-0.3539823008849452,-0.10164209513686277,-18.60050341004589,0.7785635004331833,0.013687853996224186,0.9538461538461539,0.28415300546448086,0.4098360655737705,1.2758620689655245,0.9677419354838769,,,,
fade_debit_24h,debit_spread_proxy,24,p90,0.9,immediate,weekday,SPY,221,0.583710407239819,0.3760217983651139,0.10377662850679376,22.93463490000142,1.2836753708191402,0.005500671486652786,0.9538461538461539,0.28054298642533937,0.43891402714932126,1.1741573033706836,1.1589537223340072,,,,
fade_debit_24h,debit_spread_proxy,24,p90,0.9,immediate,weekday,UNG,223,0.5291479820627802,0.23684210526316052,0.07458198445074825,16.63178253251686,1.200492809263297,0.01660735468564667,0.9538461538461539,0.3273542600896861,0.5022421524663677,1.0000000000000273,1.261538461538458,,,,
fade_debit_24h,debit_spread_proxy,24,p90,0.9,immediate,weekday,USO,219,0.54337899543379,0.2042253521126752,0.058425854283628675,12.79526208811468,1.156074196784836,0.01160365058670143,0.9516129032258065,0.3105022831050228,0.5068493150684932,0.9712230215827395,1.318181818181821,,,,
fade_debit_24h,debit_spread_proxy,24,p90,0.9,delayed,weekday,GLD,344,0.4738372093023256,-0.06879558446679032,-0.09991710183087878,-34.3714830298223,0.7472666348378605,0.007767057922050791,0.9833333333333333,0.26453488372093026,0.49709302325581395,1.0088105726871914,0.6671442215854833,,,,
fade_debit_24h,debit_spread_proxy,24,p90,0.9,delayed,weekday,QQQ,300,0.5633333333333334,0.10588235294116043,0.052194560236558454,15.658368070967537,1.1781806957603551,0.005965432735715259,1.0,0.4066666666666667,0.5933333333333334,0.7684324226819577,0.8938992042440104,,,,
fade_debit_24h,debit_spread_proxy,24,p90,0.9,delayed,weekday,SLV,349,0.504297994269341,0.028985507246381437,0.005568346396565896,1.9433528924014976,1.016504630263225,0.015575620767494303,0.9836065573770492,0.35816618911174786,0.6361031518624641,0.7647058823529405,0.5476190476190465,,,,
fade_debit_24h,debit_spread_proxy,24,p90,0.9,delayed,weekday,SPY,316,0.4810126582278481,-0.04091653027823269,0.050654256644794025,16.006745099754912,1.1542871369896808,0.0048065741530352035,0.9842431761786601,0.43354430379746833,0.5854430379746836,0.6979472140762515,1.0617760617760488,,,,
fade_debit_24h,debit_spread_proxy,24,p90,0.9,delayed,weekday,UNG,417,0.49640287769784175,0.0,0.01826815679164117,7.617821382114368,1.044464527907689,0.014705882352941124,0.9818181818181818,0.2446043165467626,0.5179856115107914,0.9999999999999988,1.2857142857142785,,,,
fade_debit_24h,debit_spread_proxy,24,p90,0.9,delayed,weekday,USO,201,0.582089552238806,0.2615384615384638,0.12047953642152158,24.216386820725837,1.4236803698783216,0.017285714285714238,0.9830508474576272,0.43781094527363185,0.6567164179104478,0.573529411764701,0.8000000000000022,,,,
fade_debit_24h,debit_spread_proxy,24,p90,0.9,delayed,weekend,GLD,434,0.35944700460829493,-0.16397515527950202,-0.12298613526975992,-53.375982707075806,0.6923460763004653,0.013880126182965302,0.9830508474576272,0.4078341013824885,0.6797235023041475,0.5814606741573011,0.28378378378378866,,,,
fade_debit_24h,debit_spread_proxy,24,p90,0.9,delayed,weekend,QQQ,547,0.6709323583180987,0.3866739486619368,0.26967418466044385,147.5117790092628,2.482490788797666,0.008865450864503965,1.0,0.5301645338208409,0.7952468007312614,0.48195876288659967,0.9063829787233936,,,,
fade_debit_24h,debit_spread_proxy,24,p90,0.9,delayed,weekend,SLV,466,0.4957081545064378,-0.03554502369668045,0.0729794693295018,34.00843270754784,1.2137639410703929,0.017108352901710755,0.9830508474576272,0.4206008583690987,0.6394849785407726,0.7122302158273393,0.7256637168141579,,,,
fade_debit_24h,debit_spread_proxy,24,p90,0.9,delayed,weekend,SPY,491,0.5580448065173116,0.32903225806450787,0.2480015003902835,121.7687366916292,2.3311586347152646,0.007213692793653026,1.0,0.539714867617108,0.8126272912423625,0.44105691056912416,0.8369304556355021,,,,
fade_debit_24h,debit_spread_proxy,24,p90,0.9,delayed,weekend,UNG,627,0.45614035087719296,-0.20754716981131924,-0.10924400210775669,-68.49598932156344,0.7525811308613887,0.030320366132723153,1.0,0.3365231259968102,0.5614035087719298,0.7924528301886774,0.7254901960784337,,,,
fade_debit_24h,debit_spread_proxy,24,p90,0.9,delayed,weekend,USO,382,0.581151832460733,0.1333333333333523,0.04225123385225468,16.139971331561288,1.1344736335671304,0.014733969986357454,0.9672131147540983,0.5602094240837696,0.7120418848167539,0.4705882352941141,0.7929515418502194,,,,
fade_debit_72h,debit_spread_proxy,72,all,0.0,immediate,weekday,GLD,1833,0.49536279323513366,-0.07619047619051847,-0.0016091392589110784,-2.9495522615840066,0.9966289134876267,0.0013187900101656602,0.5076923076923077,,,,,0.10474631751227496,0.16039279869067102,6.310344827585706,6.723529411764755
fade_debit_72h,debit_spread_proxy,72,all,0.0,immediate,weekday,QQQ,1839,0.4910277324632953,-0.20253164556964667,-0.014471463421837355,-26.613021232758896,0.9703373382427082,0.0012837179070523952,0.5230769230769231,,,,,0.08374116367591082,0.14192495921696574,6.840909090908222,6.165898617511635
fade_debit_72h,debit_spread_proxy,72,all,0.0,immediate,weekday,SLV,1763,0.5031196823596142,0.09999999999999645,0.012555753543668922,22.135793497488308,1.027135894759471,0.002261164499717472,0.5084745762711864,,,,,0.1128757799205899,0.18774815655133295,6.000000000000355,6.44444444444469
fade_debit_72h,debit_spread_proxy,72,all,0.0,immediate,weekday,SPY,1837,0.49373979314099076,-0.14457831325301831,-0.012509658133848366,-22.98024199187945,0.9740665682536979,0.0010015492715294005,0.5254237288135594,,,,,0.09744148067501361,0.1491562329885683,6.512195121950861,6.079999999999927
fade_debit_72h,debit_spread_proxy,72,all,0.0,immediate,weekday,UNG,1748,0.5005720823798627,0.03563829787233974,0.01708680829985517,29.86774090814684,1.0369023621245166,0.004705885247757224,0.5846153846153846,,,,,0.11613272311212815,0.17677345537757438,5.249999999999902,5.816666666666604
fade_debit_72h,debit_spread_proxy,72,all,0.0,immediate,weekday,USO,1778,0.5196850393700787,0.45612134344528,0.0464388755171022,82.56832066940771,1.1032473407013799,0.0025384656573331776,0.5491935483870968,,,,,0.11304836895388076,0.18503937007874016,5.507575757575693,5.823543233082752
fade_debit_72h,debit_spread_proxy,72,all,0.0,delayed,weekday,GLD,622,0.42604501607717044,-0.4578313253012081,-0.12196760292443581,-75.86384901899908,0.7544473690197389,0.00480580968993638,0.921875,,,,,0.12218649517684887,0.2572347266881029,2.0999999999999943,1.6842105263157738
fade_debit_72h,debit_spread_proxy,72,all,0.0,delayed,weekday,QQQ,622,0.5434083601286174,0.42761478163493855,0.09073741545896284,56.43867241547488,1.2257696611588522,0.0031579278616622464,0.8870967741935484,,,,,0.15434083601286175,0.2765273311897106,2.14713896457771,3.505358074372201
fade_debit_72h,debit_spread_proxy,72,all,0.0,delayed,weekday,SLV,615,0.45203252032520325,-0.3135593220338962,-0.11746734351388743,-72.24241626104077,0.7498023944647796,0.008864643709512565,0.9491525423728814,,,,,0.14146341463414633,0.3154471544715447,2.280000000000001,1.5270270270270314
fade_debit_72h,debit_spread_proxy,72,all,0.0,delayed,weekday,SPY,618,0.5258899676375405,0.2804054054054158,0.03384184797225227,20.914262046851906,1.0806587434787578,0.0026053352804764063,0.9076923076923077,,,,,0.18446601941747573,0.2524271844660194,2.234061930783338,2.8537710131759435
fade_debit_72h,debit_spread_proxy,72,all,0.0,delayed,weekday,UNG,604,0.478476821192053,-0.11111111111110891,0.0068909576996213015,4.162138450571266,1.0154232745372453,0.010089020771513413,0.9573317307692308,,,,,0.14403973509933773,0.23344370860927152,3.0357142857142936,3.2000000000000712
fade_debit_72h,debit_spread_proxy,72,all,0.0,delayed,weekday,USO,619,0.5008077544426495,0.008771929824565887,-0.00967523008313734,-5.988967421462014,0.9779845130261651,0.00670314637482905,0.7818181818181819,,,,,0.1777059773828756,0.30210016155088854,2.111111111111104,2.4999999999999916
fade_debit_72h,debit_spread_proxy,72,all,0.0,delayed,weekend,GLD,757,0.4081902245706737,-0.40599455040872634,-0.10055367233082035,-76.119129954431,0.7896513683598865,0.006333822185381255,0.9491525423728814,,,,,0.11360634081902246,0.30647291941875826,1.8946666666666716,1.0945945945945843
fade_debit_72h,debit_spread_proxy,72,all,0.0,delayed,weekend,QQQ,757,0.5878467635402906,0.7078099399235431,0.24261488408429208,183.6594672518091,1.8339594487727933,0.0055414620103990675,1.0,,,,,0.26023778071334214,0.404227212681638,1.2645228215767517,2.2890365448505006
fade_debit_72h,debit_spread_proxy,72,all,0.0,delayed,weekend,SLV,757,0.39233817701453105,-0.6540284360189588,-0.2319113077243433,-175.55685994732787,0.5693159555875249,0.010490693739424684,0.9661016949152542,,,,,0.12681638044914134,0.22985468956406868,2.384615384615374,1.7450980392156943
fade_debit_72h,debit_spread_proxy,72,all,0.0,delayed,weekend,SPY,757,0.5574636723910171,0.6262425447316092,0.13887539958230016,105.12867748380123,1.3809036670190449,0.004502192435730246,0.9830508474576272,,,,,0.22324966974900926,0.3249669749009247,1.5449330783938622,2.7226277372262815
fade_debit_72h,debit_spread_proxy,72,all,0.0,delayed,weekend,UNG,757,0.42536327608982827,-0.2724014336917561,-0.06637892029233726,-50.24884266129931,0.8449905175754384,0.024193548387096975,1.0,,,,,0.178335535006605,0.309114927344782,1.9285714285714177,1.3333333333333333
fade_debit_72h,debit_spread_proxy,72,all,0.0,delayed,weekend,USO,757,0.5772787318361955,0.6666666666666811,0.1483253287817281,112.28227388776818,1.3964803296175996,0.008182190099550013,0.9122807017543859,,,,,0.18494055482166447,0.31968295904887717,2.215686274509773,2.4999999999999916
fade_debit_72h,debit_spread_proxy,72,p80,0.8,immediate,weekday,GLD,399,0.49373433583959897,-0.015267175572505173,0.00939307500578762,3.74783692730926,1.0212578586098229,0.004544153427794351,0.8983050847457628,,,,,0.16541353383458646,0.2907268170426065,2.485507246376825,2.324324324324302
fade_debit_72h,debit_spread_proxy,72,p80,0.8,immediate,weekday,QQQ,416,0.47836538461538464,-0.20126854683426731,-0.03774414432213233,-15.70156403800705,0.9200425858859785,0.004931557066192083,0.9016393442622951,,,,,0.1658653846153846,0.27163461538461536,2.4774477193630933,2.5214400150786656
fade_debit_72h,debit_spread_proxy,72,p80,0.8,immediate,weekday,SLV,347,0.5100864553314121,0.10576923076923007,0.020522797783095414,7.121410830734108,1.0484588734622606,0.009207240948813977,0.9016393442622951,,,,,0.17579250720461095,0.28530259365994237,2.5643274853801143,2.807692307692331
fade_debit_72h,debit_spread_proxy,72,p80,0.8,immediate,weekday,SPY,421,0.505938242280285,0.06926406926405712,0.000653509332518153,0.2751274289901424,1.0014723313976954,0.003933784264862794,0.9076923076923077,,,,,0.17339667458432304,0.27790973871733965,2.2187499999999756,2.603375527426138
fade_debit_72h,debit_spread_proxy,72,p80,0.8,immediate,weekday,UNG,450,0.5155555555555555,0.17627494456762632,0.056652164694586976,25.49347411256414,1.1359879036700449,0.013109303852097631,0.8983050847457628,,,,,0.20222222222222222,0.3088888888888889,2.262422360248439,2.679487179487185
fade_debit_72h,debit_spread_proxy,72,p80,0.8,immediate,weekday,USO,435,0.5264367816091954,0.27272727272727154,0.054785205234894004,23.83156427717889,1.1310657365340853,0.007968127490040056,0.8983050847457628,,,,,0.19080459770114944,0.3080459770114943,2.28205128205128,2.479166666666641
fade_debit_72h,debit_spread_proxy,72,p80,0.8,delayed,weekday,GLD,464,0.4375,-0.29764126429179366,-0.09199144123818241,-42.68402873451664,0.8016159925587566,0.006560325019148161,0.9830508474576272,,,,,0.14224137931034483,0.3081896551724138,1.6996015936254951,1.2254335260115505
fade_debit_72h,debit_spread_proxy,72,p80,0.8,delayed,weekday,QQQ,437,0.5560640732265446,0.44680851063829863,0.1157039133962957,50.56261015418122,1.3100382915049693,0.0046137787056366175,0.9836065573770492,,,,,0.19221967963386727,0.3157894736842105,1.6219512195121892,2.4937500000001473
fade_debit_72h,debit_spread_proxy,72,p80,0.8,delayed,weekday,SLV,435,0.40229885057471265,-0.3944444444444416,-0.2072329605279728,-90.14633782966817,0.5752062704660004,0.013102480112306969,0.9830508474576272,,,,,0.18160919540229886,0.3954022988505747,1.6521739130434299,0.9661016949152608
fade_debit_72h,debit_spread_proxy,72,p80,0.8,delayed,weekday,SPY,413,0.5738498789346247,0.4047619047619005,0.11483316195825424,47.426095888759,1.327330829717513,0.003968196498139065,0.9830508474576272,,,,,0.24939467312348668,0.3389830508474576,1.7705735660847695,2.311627906976659
fade_debit_72h,debit_spread_proxy,72,p80,0.8,delayed,weekday,UNG,479,0.44676409185803756,-0.4000000000000107,-0.053106182775425496,-25.437861549428813,0.8866712922752571,0.012303485987696594,0.9814814814814815,,,,,0.162839248434238,0.2755741127348643,1.8783783783783785,2.461538461538455
fade_debit_72h,debit_spread_proxy,72,p80,0.8,delayed,weekday,USO,308,0.5064935064935064,0.0546502153416278,-0.03348754553829048,-10.314164025793469,0.9196715073894317,0.01111532146014893,0.9322033898305084,,,,,0.2532467532467532,0.38311688311688313,1.3592233009708778,1.8555033907146465
fade_debit_72h,debit_spread_proxy,72,p80,0.8,delayed,weekend,GLD,627,0.36044657097288674,-0.4423440453686136,-0.1788183890820271,-112.11912995443099,0.6439207550966273,0.009167821242224816,0.9830508474576272,,,,,0.1371610845295056,0.3700159489633174,1.4442105263157923,0.9606741573033747
fade_debit_72h,debit_spread_proxy,72,p80,0.8,delayed,weekend,QQQ,626,0.5926517571884984,0.7078099399235431,0.25776944760770537,161.36367420242357,1.9399765981324597,0.006629047279899103,1.0,,,,,0.29073482428115016,0.44568690095846647,1.0530821917808122,1.948186528497455
fade_debit_72h,debit_spread_proxy,72,p80,0.8,delayed,weekend,SLV,550,0.33090909090909093,-0.8124999999999944,-0.3568166684357009,-196.24916763963552,0.37821714886506136,0.014462809917355157,0.9830508474576272,,,,,0.1509090909090909,0.2927272727272727,1.9583333333333124,1.12745098039216
fade_debit_72h,debit_spread_proxy,72,p80,0.8,delayed,weekend,SPY,642,0.5747663551401869,0.6262425447316092,0.17777052567570284,114.12867748380123,1.5333163833713959,0.004923072282951635,1.0,,,,,0.2632398753894081,0.3598130841121495,1.3142667928098672,2.1806930693069035
fade_debit_72h,debit_spread_proxy,72,p80,0.8,delayed,weekend,UNG,647,0.41576506955177744,-0.2724014336917561,-0.07148198247496027,-46.24884266129929,0.8268911487562846,0.02954545454545443,1.0,,,,,0.20865533230293662,0.3616692426584235,1.3090909090909053,0.9743589743589748
fade_debit_72h,debit_spread_proxy,72,p80,0.8,delayed,weekend,USO,418,0.6172248803827751,0.774544534412955,0.2243595069085358,93.78227388776796,1.7203072943440572,0.014319151865620272,0.9649122807017544,,,,,0.31100478468899523,0.49521531100478466,1.0185185185185148,1.5473568281938317
fade_debit_72h,debit_spread_proxy,72,p90,0.9,immediate,weekday,GLD,198,0.5151515151515151,0.2283411214953298,0.04730630641191843,9.366648669559849,1.1163037032500602,0.0064262711196746425,0.953125,,,,,0.2222222222222222,0.35353535353535354,1.825473472971284,1.73054903013626
fade_debit_72h,debit_spread_proxy,72,p90,0.9,immediate,weekday,QQQ,211,0.5213270142180095,0.2781725888324876,0.04397657316220882,9.279056937226061,1.103723156165316,0.00749547253336913,0.9538461538461539,,,,,0.17535545023696683,0.3127962085308057,2.0182648401825793,2.1549636803874335
fade_debit_72h,debit_spread_proxy,72,p90,0.9,immediate,weekday,SLV,180,0.5055555555555555,0.06071428571427548,0.00029520274338475555,0.053136493809256,1.0007230618974072,0.013809160674577603,0.9538461538461539,,,,,0.19444444444444445,0.31666666666666665,2.1585917312661573,1.772765246449461
fade_debit_72h,debit_spread_proxy,72,p90,0.9,immediate,weekday,SPY,221,0.5203619909502263,0.08673469387753356,0.021006131137557005,4.642354981400098,1.0504247746227184,0.005500671486652786,0.9538461538461539,,,,,0.19004524886877827,0.3257918552036199,1.9666666666666133,1.999999999999858
fade_debit_72h,debit_spread_proxy,72,p90,0.9,immediate,weekday,UNG,223,0.48878923766816146,-0.027027027027021578,0.01891422138240973,4.21787136827737,1.044157530355502,0.01660735468564667,0.9538461538461539,,,,,0.21973094170403587,0.35874439461883406,1.6981132075471634,2.2647058823529407
fade_debit_72h,debit_spread_proxy,72,p90,0.9,immediate,weekday,USO,212,0.5660377358490566,0.601851851851849,0.11796743323773706,25.009095846400257,1.3087268801446126,0.01168892754811146,0.951216287678477,,,,,0.24056603773584906,0.4056603773584906,1.4270361990950269,1.9916666666666685
fade_debit_72h,debit_spread_proxy,72,p90,0.9,delayed,weekday,GLD,341,0.41642228739002934,-0.3217391304347929,-0.1133202054281247,-38.64219005099052,0.7547816432000755,0.007769097222222188,0.9833333333333333,,,,,0.16422287390029325,0.36070381231671556,1.385786802030447,0.9980988593155857
fade_debit_72h,debit_spread_proxy,72,p90,0.9,delayed,weekday,QQQ,300,0.5033333333333333,0.24367885362260586,0.06316585041010903,18.94975512303271,1.1595302672273708,0.005965432735715259,1.0,,,,,0.22333333333333333,0.37666666666666665,1.4285714285714328,1.771349862258973
fade_debit_72h,debit_spread_proxy,72,p90,0.9,delayed,weekday,SLV,349,0.44126074498567336,-0.3333333333333333,-0.1658985587226466,-57.898596994203665,0.6479098717925244,0.015575620767494303,0.9836065573770492,,,,,0.21203438395415472,0.45558739255014324,1.4835164835164791,0.964912280701749
fade_debit_72h,debit_spread_proxy,72,p90,0.9,delayed,weekday,SPY,316,0.5316455696202531,0.4047619047619005,0.050497190174581,15.957112095167595,1.134134353447099,0.0048065741530352035,0.9842431761786601,,,,,0.2848101265822785,0.3924050632911392,1.5064935064935745,1.5959302325581697
fade_debit_72h,debit_spread_proxy,72,p90,0.9,delayed,weekday,UNG,416,0.43990384615384615,-0.4115384615384694,-0.06286573861469846,-26.15214726371456,0.8653167254042867,0.014705882352941124,0.983096590909091,,,,,0.1466346153846154,0.2764423076923077,1.7999999999999716,2.0
fade_debit_72h,debit_spread_proxy,72,p90,0.9,delayed,weekday,USO,197,0.5329949238578681,0.09629629629629333,0.04719545448187319,9.297504532929018,1.1287348259516252,0.016878779673255795,0.9830508474576272,,,,,0.26903553299492383,0.4517766497461929,1.1351351351351475,1.6769230769230725
fade_debit_72h,debit_spread_proxy,72,p90,0.9,delayed,weekend,GLD,434,0.26497695852534564,-0.6883116883116933,-0.3615769510592131,-156.92439675969848,0.36896183155981777,0.013880126182965302,0.9830508474576272,,,,,0.1382488479262673,0.423963133640553,1.4442105263157923,0.448421052631578
fade_debit_72h,debit_spread_proxy,72,p90,0.9,delayed,weekend,QQQ,547,0.5685557586837294,0.5222602739726115,0.21483639243721464,117.5155066631564,1.7556493461142622,0.008865450864503965,1.0,,,,,0.31992687385740404,0.4789762340036563,1.0530821917808122,1.771349862258973
fade_debit_72h,debit_spread_proxy,72,p90,0.9,delayed,weekend,SLV,466,0.3648068669527897,-0.6540284360189588,-0.3159853382824797,-147.24916763963554,0.4216980291378604,0.017108352901710755,0.9830508474576272,,,,,0.15236051502145923,0.3197424892703863,1.7707006369426757,1.12745098039216
fade_debit_72h,debit_spread_proxy,72,p90,0.9,delayed,weekend,SPY,491,0.5804480651731161,0.6963993453355197,0.20372462730860294,100.02879200852405,1.6666905785082347,0.007213692793653026,1.0,,,,,0.329938900203666,0.45621181262729127,1.1634877384195905,1.7174796747967485
fade_debit_72h,debit_spread_proxy,72,p90,0.9,delayed,weekend,UNG,627,0.39712918660287083,-0.2724014336917561,-0.10566003614242314,-66.2488426612993,0.7520313938813497,0.030320366132723153,1.0,,,,,0.18341307814992025,0.3413078149920255,1.3548387096774304,0.9375000000000011
fade_debit_72h,debit_spread_proxy,72,p90,0.9,delayed,weekend,USO,382,0.6073298429319371,0.6408450704225354,0.20361851803080616,77.78227388776796,1.6471200778123767,0.014733969986357454,0.9672131147540983,,,,,0.3403141361256545,0.5052356020942408,0.8161764705882352,1.4480874316939936
follow_debit_24h,debit_spread_proxy,24,all,0.0,immediate,weekday,GLD,1846,0.4934994582881907,-0.05971479500886689,-0.015094254931412258,-27.863994603387027,0.967459539752418,0.0013186994389050577,0.5076923076923077,0.1635969664138678,0.24972914409534128,3.8000000000002423,3.855400696864265,,,,
follow_debit_24h,debit_spread_proxy,24,all,0.0,immediate,weekday,QQQ,1852,0.49838012958963285,0.0,0.010879507093352649,20.148847136889106,1.0239256619750918,0.0012803428358164615,0.5230769230769231,0.14578833693304535,0.23110151187904968,3.675757575757641,3.6825757575756244,,,,
follow_debit_24h,debit_spread_proxy,24,all,0.0,immediate,weekday,SLV,1776,0.47297297297297297,-0.24999999999997224,-0.04361817318419824,-77.46587557513608,0.9097657813635575,0.002266111473023802,0.515625,0.16835585585585586,0.268018018018018,3.4722222222219514,3.666666666666509,,,,
follow_debit_24h,debit_spread_proxy,24,all,0.0,immediate,weekday,SPY,1850,0.5032432432432432,0.0836720867208513,0.010925685580597307,20.21251832410502,1.0240918949825337,0.0010000427019387081,0.5254237288135594,0.1535135135135135,0.22054054054054054,3.421580671580413,3.552882072977643,,,,
follow_debit_24h,debit_spread_proxy,24,all,0.0,immediate,weekday,UNG,1760,0.4909090909090909,0.0,-0.01223687780693076,-21.536904940198138,0.9736448824032801,0.004659108669603285,0.5806451612903226,0.17727272727272728,0.2676136363636364,2.9999999999999876,3.285714285714266,,,,
follow_debit_24h,debit_spread_proxy,24,all,0.0,immediate,weekday,USO,1791,0.49302065884980456,-0.014285714285721536,-0.00648594619039112,-11.616329626990495,0.9860211816282882,0.0025544703230653276,0.5538461538461539,0.16973757677275264,0.25907314349525407,3.181818181818211,3.26829268292683,,,,
follow_debit_24h,debit_spread_proxy,24,all,0.0,delayed,weekday,GLD,626,0.5015974440894568,0.060836501901139164,0.03652928253607285,22.867330867581604,1.097107246608998,0.004810230203113219,0.921875,0.2268370607028754,0.4281150159744409,1.1208053691274824,1.1365911365911558,,,,
follow_debit_24h,debit_spread_proxy,24,all,0.0,delayed,weekday,QQQ,626,0.4281150159744409,-0.10588235294116043,-0.08297374053273064,-51.94156157348938,0.8045256490519203,0.0031193284936480437,0.883300916921367,0.2571884984025559,0.4185303514376997,1.4568670576735185,2.260547676389277,,,,
follow_debit_24h,debit_spread_proxy,24,all,0.0,delayed,weekday,SLV,619,0.4862681744749596,-0.1351351351351284,-0.00803294310811624,-4.972391783923953,0.9796437304243216,0.008864643709512565,0.9491525423728814,0.25363489499192243,0.4668820678513732,1.1951710261569415,0.9500000000000106,,,,
follow_debit_24h,debit_spread_proxy,24,all,0.0,delayed,weekday,SPY,622,0.5112540192926045,0.04091653027823269,-0.02339536828287783,-14.55191907195001,0.9440551013419652,0.00259956994768773,0.9076923076923077,0.28135048231511256,0.4003215434083601,1.5844155844152756,1.887218045112717,,,,
follow_debit_24h,debit_spread_proxy,24,all,0.0,delayed,weekday,UNG,608,0.4967105263157895,0.0,-0.017161986922337256,-10.434488048781052,0.961688343783379,0.010089020771513413,0.9519723360655737,0.21052631578947367,0.40131578947368424,1.7500000000000056,1.92857142857143,,,,
follow_debit_24h,debit_spread_proxy,24,all,0.0,delayed,weekday,USO,623,0.4301765650080257,-0.34374999999999795,-0.12736128389773402,-79.3460798682883,0.730021573779296,0.006791800444554186,0.8032786885245902,0.26324237560192615,0.44141252006420545,1.2087912087912072,1.7368421052631575,,,,
follow_debit_24h,debit_spread_proxy,24,all,0.0,delayed,weekend,GLD,757,0.523117569352708,0.080808080808064,0.015014428730889462,11.365922549283322,1.039816227440773,0.006333822185381255,0.9491525423728814,0.31704095112285335,0.5455746367239102,0.822335025380699,0.9068322981366461,,,,
follow_debit_24h,debit_spread_proxy,24,all,0.0,delayed,weekend,QQQ,757,0.34346103038309117,-0.3866739486619368,-0.256812270685353,-194.40688890881222,0.4595278643502042,0.0055414620103990675,1.0,0.43593130779392336,0.6697490092470277,0.7233146067415693,1.248704663212451,,,,
follow_debit_24h,debit_spread_proxy,24,all,0.0,delayed,weekend,SLV,757,0.5257595772787318,0.21739130434782877,-0.0009285382486040727,-0.702903454193283,0.9976425408960838,0.010490693739424684,0.9661016949152542,0.3236459709379128,0.5046235138705416,0.9999999999996447,1.2000000000000284,,,,
follow_debit_24h,debit_spread_proxy,24,all,0.0,delayed,weekend,SPY,757,0.4200792602377807,-0.32903225806450787,-0.19735290503502184,-149.39614911151153,0.5618697261261675,0.004502192435730246,0.9830508474576272,0.404227212681638,0.6287978863936592,0.7037974683544644,1.0617760617760488,,,,
follow_debit_24h,debit_spread_proxy,24,all,0.0,delayed,weekend,UNG,757,0.535006605019815,0.20754716981131924,0.08784146541818158,66.49598932156346,1.242379816352086,0.024193548387096975,1.0,0.3051519154557464,0.4914134742404227,1.0156250000000053,0.9375000000000011,,,,
follow_debit_24h,debit_spread_proxy,24,all,0.0,delayed,weekend,USO,757,0.3910171730515192,-0.3529411764705913,-0.18105236195274488,-137.05663799822787,0.6346747060445111,0.008182190099550013,0.9122807017543859,0.34346103038309117,0.4953764861294584,1.0333333333333026,1.4848484848484562,,,,
follow_debit_24h,debit_spread_proxy,24,p80,0.8,immediate,weekday,GLD,402,0.4975124378109453,-0.0035460992907769967,-0.026206934660132235,-10.535187733373158,0.9369505852133125,0.004527613864334756,0.8983050847457628,0.2562189054726368,0.44776119402985076,1.255597014925398,1.3647839484558064,,,,
follow_debit_24h,debit_spread_proxy,24,p80,0.8,immediate,weekday,QQQ,418,0.46172248803827753,-0.23343875184482968,-0.039556365872316715,-16.534560934628388,0.9113324514070696,0.004904404113675986,0.9008196721311476,0.2535885167464115,0.4090909090909091,1.3912930213170953,1.3891709697163055,,,,
follow_debit_24h,debit_spread_proxy,24,p80,0.8,immediate,weekday,SLV,351,0.5014245014245015,0.03846153846154477,0.007754462610877102,2.7218163764178627,1.0186971396182025,0.009207240948813977,0.9016393442622951,0.26495726495726496,0.4017094017094017,1.43478260869562,1.2898550724637599,,,,
follow_debit_24h,debit_spread_proxy,24,p80,0.8,immediate,weekday,SPY,422,0.44549763033175355,-0.31364377325992,-0.06461339913025789,-27.26685443296883,0.8579969199277611,0.003929897777293467,0.9076923076923077,0.26303317535545023,0.4004739336492891,1.2945508047425496,1.3661957033351642,,,,
follow_debit_24h,debit_spread_proxy,24,p80,0.8,immediate,weekday,UNG,450,0.4688888888888889,-0.22077922077922568,-0.04825485004845944,-21.714682521806747,0.8924939054257508,0.013109303852097631,0.8983050847457628,0.3,0.45111111111111113,1.1893274853801166,1.4529914529914474,,,,
follow_debit_24h,debit_spread_proxy,24,p80,0.8,immediate,weekday,USO,445,0.49887640449438203,0.0,0.015248458634871554,6.785564092517841,1.0370265951603752,0.007983517898531911,0.8983050847457628,0.2696629213483146,0.4202247191011236,1.4423076923077034,1.4117647058823086,,,,
follow_debit_24h,debit_spread_proxy,24,p80,0.8,delayed,weekday,GLD,467,0.4817987152034261,-0.02312138728324858,0.01748226429187012,8.164217424303345,1.0490740348557432,0.006560325019148161,0.9830508474576272,0.26124197002141325,0.49036402569593146,1.0419354838709851,0.8917197452229233,,,,
follow_debit_24h,debit_spread_proxy,24,p80,0.8,delayed,weekday,QQQ,437,0.4096109839816934,-0.10588235294116043,-0.08361456538514923,-36.539565073310214,0.7817542368422461,0.0046137787056366175,0.9836065573770492,0.3340961098398169,0.4851258581235698,1.02105263157894,1.331182795698943,,,,
follow_debit_24h,debit_spread_proxy,24,p80,0.8,delayed,weekday,SLV,438,0.4863013698630137,-0.1351351351351284,-0.011161302568910212,-4.888650525182673,0.9688756427458376,0.013102480112306969,0.9830508474576272,0.3287671232876712,0.5958904109589042,0.8371212121212185,0.7173913043478288,,,,
follow_debit_24h,debit_spread_proxy,24,p80,0.8,delayed,weekday,SPY,413,0.4794188861985472,-0.07357859531773465,-0.09525932977548045,-39.342103197273424,0.77246895944461,0.003968196498139065,0.9830508474576272,0.3898305084745763,0.5254237288135594,0.9702127659575212,1.3704545454545367,,,,
follow_debit_24h,debit_spread_proxy,24,p80,0.8,delayed,weekday,UNG,480,0.5041666666666667,0.055555555555554456,0.00027537212059506694,0.13217861788563212,1.000642606484435,0.012284204154927647,0.9814814814814815,0.24791666666666667,0.4895833333333333,1.0915071770334936,1.4137931034482718,,,,
follow_debit_24h,debit_spread_proxy,24,p80,0.8,delayed,weekday,USO,312,0.46474358974358976,-0.07812499999999549,-0.04080816222100746,-12.732146612954326,0.8896030847457806,0.01112047177759068,0.9322033898305084,0.3685897435897436,0.5576923076923077,0.823983228511528,0.869565217391299,,,,
follow_debit_24h,debit_spread_proxy,24,p80,0.8,delayed,weekend,GLD,627,0.532695374800638,0.080808080808064,0.02769684617110575,17.365922549283304,1.0798581721776304,0.009167821242224816,0.9830508474576272,0.3827751196172249,0.6236044657097288,0.7299270072992828,0.49860724233982623,,,,
follow_debit_24h,debit_spread_proxy,24,p80,0.8,delayed,weekend,QQQ,626,0.3466453674121406,-0.2898151867223946,-0.2399665065836011,-150.2190331213343,0.4569862023625137,0.006629047279899103,1.0,0.48562300319488816,0.7332268370607029,0.5361702127659483,1.0222222222222146,,,,
follow_debit_24h,debit_spread_proxy,24,p80,0.8,delayed,weekend,SLV,550,0.5163636363636364,0.03554502369668045,-0.04969758669993055,-27.333672684961805,0.8749382788115244,0.014462809917355157,0.9830508474576272,0.4036363636363636,0.6290909090909091,0.7122302158273393,0.8636363636363901,,,,
follow_debit_24h,debit_spread_proxy,24,p80,0.8,delayed,weekend,SPY,642,0.4205607476635514,-0.32903225806450787,-0.2172837213574949,-139.49614911151173,0.5072299333646096,0.004923072282951635,1.0,0.4766355140186916,0.7180685358255452,0.5313351498637311,0.9841456144272794,,,,
follow_debit_24h,debit_spread_proxy,24,p80,0.8,delayed,weekend,UNG,647,0.527047913446677,0.15384615384614964,0.07495516123889251,48.49598932156346,1.212379196728416,0.02954545454545443,1.0,0.357032457496136,0.5749613601236476,0.7916666666666676,0.8135593220338992,,,,
follow_debit_24h,debit_spread_proxy,24,p80,0.8,delayed,weekend,USO,418,0.3827751196172249,-0.2615384615384638,-0.1247367735204816,-52.139971331561306,0.6971481415795205,0.014319151865620272,0.9649122807017544,0.5454545454545454,0.6842105263157895,0.4705882352941141,0.8000000000000022,,,,
follow_debit_24h,debit_spread_proxy,24,p90,0.9,immediate,weekday,GLD,199,0.49246231155778897,-0.07035175879396267,-0.05299965015607027,-10.546930381057983,0.8733309372943284,0.006390664073353758,0.953125,0.32663316582914576,0.5226130653266332,0.9583333333333348,1.1366906474820084,,,,
follow_debit_24h,debit_spread_proxy,24,p90,0.9,immediate,weekday,QQQ,211,0.4218009478672986,-0.2944162436548309,-0.09544670530153984,-20.139254818624906,0.7896111501356503,0.00749547253336913,0.9538461538461539,0.26066350710900477,0.46919431279620855,1.0952380952380025,1.1572327044025148,,,,
follow_debit_24h,debit_spread_proxy,24,p90,0.9,immediate,weekday,SLV,183,0.5573770491803278,0.3539823008849452,0.10164209513686277,18.60050341004589,1.2844167488504303,0.013687853996224186,0.9538461538461539,0.28415300546448086,0.4098360655737705,1.2758620689655245,0.9677419354838769,,,,
follow_debit_24h,debit_spread_proxy,24,p90,0.9,immediate,weekday,SPY,221,0.416289592760181,-0.3760217983651139,-0.10377662850679376,-22.93463490000142,0.7790131545188711,0.005500671486652786,0.9538461538461539,0.28054298642533937,0.43891402714932126,1.1741573033706836,1.1589537223340072,,,,
follow_debit_24h,debit_spread_proxy,24,p90,0.9,immediate,weekday,UNG,223,0.4484304932735426,-0.23684210526316052,-0.07458198445074825,-16.63178253251686,0.8329912451651145,0.01660735468564667,0.9538461538461539,0.3273542600896861,0.5022421524663677,1.0000000000000273,1.261538461538458,,,,
follow_debit_24h,debit_spread_proxy,24,p90,0.9,immediate,weekday,USO,219,0.45662100456621,-0.2042253521126752,-0.058425854283628675,-12.79526208811468,0.8649963841257813,0.01160365058670143,0.9516129032258065,0.3105022831050228,0.5068493150684932,0.9712230215827395,1.318181818181821,,,,
follow_debit_24h,debit_spread_proxy,24,p90,0.9,delayed,weekday,GLD,344,0.5261627906976745,0.06879558446679032,0.09991710183087878,34.3714830298223,1.3382104236688912,0.007767057922050791,0.9833333333333333,0.26453488372093026,0.49709302325581395,1.0088105726871914,0.6671442215854833,,,,
follow_debit_24h,debit_spread_proxy,24,p90,0.9,delayed,weekday,QQQ,300,0.43666666666666665,-0.10588235294116043,-0.052194560236558454,-15.658368070967537,0.8487662406950541,0.005965432735715259,1.0,0.4066666666666667,0.5933333333333334,0.7684324226819577,0.8938992042440104,,,,
follow_debit_24h,debit_spread_proxy,24,p90,0.9,delayed,weekday,SLV,349,0.49283667621776506,-0.028985507246381437,-0.005568346396565896,-1.9433528924014976,0.9837633496475553,0.015575620767494303,0.9836065573770492,0.35816618911174786,0.6361031518624641,0.7647058823529405,0.5476190476190465,,,,
follow_debit_24h,debit_spread_proxy,24,p90,0.9,delayed,weekday,SPY,316,0.5063291139240507,0.04091653027823269,-0.050654256644794025,-16.006745099754912,0.8663355658696384,0.0048065741530352035,0.9842431761786601,0.43354430379746833,0.5854430379746836,0.6979472140762515,1.0617760617760488,,,,
follow_debit_24h,debit_spread_proxy,24,p90,0.9,delayed,weekday,UNG,417,0.4940047961630695,0.0,-0.01826815679164117,-7.617821382114368,0.9574283982657008,0.014705882352941124,0.9818181818181818,0.2446043165467626,0.5179856115107914,0.9999999999999988,1.2857142857142785,,,,
follow_debit_24h,debit_spread_proxy,24,p90,0.9,delayed,weekday,USO,201,0.417910447761194,-0.2615384615384638,-0.12047953642152158,-24.216386820725837,0.7024048523514218,0.017285714285714238,0.9830508474576272,0.43781094527363185,0.6567164179104478,0.573529411764701,0.8000000000000022,,,,
follow_debit_24h,debit_spread_proxy,24,p90,0.9,delayed,weekend,GLD,434,0.5967741935483871,0.16397515527950202,0.12298613526975992,53.375982707075806,1.4443643637636774,0.013880126182965302,0.9830508474576272,0.4078341013824885,0.6797235023041475,0.5814606741573011,0.28378378378378866,,,,
follow_debit_24h,debit_spread_proxy,24,p90,0.9,delayed,weekend,QQQ,547,0.3290676416819013,-0.3866739486619368,-0.26967418466044385,-147.5117790092628,0.40282123281687005,0.008865450864503965,1.0,0.5301645338208409,0.7952468007312614,0.48195876288659967,0.9063829787233936,,,,
follow_debit_24h,debit_spread_proxy,24,p90,0.9,delayed,weekend,SLV,466,0.5042918454935622,0.03554502369668045,-0.0729794693295018,-34.00843270754784,0.823883430840861,0.017108352901710755,0.9830508474576272,0.4206008583690987,0.6394849785407726,0.7122302158273393,0.7256637168141579,,,,
follow_debit_24h,debit_spread_proxy,24,p90,0.9,delayed,weekend,SPY,491,0.40122199592668023,-0.32903225806450787,-0.2480015003902835,-121.7687366916292,0.42897123563714196,0.007213692793653026,1.0,0.539714867617108,0.8126272912423625,0.44105691056912416,0.8369304556355021,,,,
follow_debit_24h,debit_spread_proxy,24,p90,0.9,delayed,weekend,UNG,627,0.543859649122807,0.20754716981131924,0.10924400210775669,68.49598932156344,1.3287603940526929,0.030320366132723153,1.0,0.3365231259968102,0.5614035087719298,0.7924528301886774,0.7254901960784337,,,,
follow_debit_24h,debit_spread_proxy,24,p90,0.9,delayed,weekend,USO,382,0.418848167539267,-0.1333333333333523,-0.04225123385225468,-16.139971331561288,0.8814660565144169,0.014733969986357454,0.9672131147540983,0.5602094240837696,0.7120418848167539,0.4705882352941141,0.7929515418502194,,,,
long_straddle_24h,long_vol_proxy,24,all,0.0,immediate,weekday,GLD,1846,0.8401950162513543,4.319395557713177,3.041024897689929,5613.731961135609,35.805494348583956,0.0013186994389050577,0.5076923076923077,0.1635969664138678,0.24972914409534128,3.8000000000002423,3.855400696864265,,,,
long_straddle_24h,long_vol_proxy,24,all,0.0,immediate,weekday,QQQ,1852,0.8455723542116631,3.604568854568478,2.9233629850865643,5414.0682483803175,37.68972333402606,0.0012803428358164615,0.5230769230769231,0.14578833693304535,0.23110151187904968,3.675757575757641,3.6825757575756244,,,,
long_straddle_24h,long_vol_proxy,24,all,0.0,immediate,weekday,SLV,1776,0.8507882882882883,4.399999999999688,3.0715131981076063,5455.007439839109,40.972111915202944,0.002266111473023802,0.515625,0.16835585585585586,0.268018018018018,3.4722222222219514,3.666666666666509,,,,
long_straddle_24h,long_vol_proxy,24,all,0.0,immediate,weekday,SPY,1850,0.8394594594594594,3.293953687822015,2.858157619080341,5287.591595298631,35.82441535465105,0.0010000427019387081,0.5254237288135594,0.1535135135135135,0.22054054054054054,3.421580671580413,3.552882072977643,,,,
long_straddle_24h,long_vol_proxy,24,all,0.0,immediate,weekday,UNG,1760,0.8363636363636363,3.2857142857143264,2.8137420517782057,4952.186011129642,34.648366706304486,0.004659108669603285,0.5806451612903226,0.17727272727272728,0.2676136363636364,2.9999999999999876,3.285714285714266,,,,
long_straddle_24h,long_vol_proxy,24,all,0.0,immediate,weekday,USO,1791,0.8498045784477946,3.7826086956521285,2.893995098827955,5183.145222000868,37.8576276164396,0.0025544703230653276,0.5538461538461539,0.16973757677275264,0.25907314349525407,3.181818181818211,3.26829268292683,,,,
long_straddle_24h,long_vol_proxy,24,all,0.0,delayed,weekday,GLD,626,0.5894568690095847,0.335793357933591,1.1836574556028048,740.9695672073558,6.606523688587172,0.004810230203113219,0.921875,0.2268370607028754,0.4281150159744409,1.1208053691274824,1.1365911365911558,,,,
long_straddle_24h,long_vol_proxy,24,all,0.0,delayed,weekday,QQQ,626,0.6373801916932907,0.9671532846716444,1.5693729920155521,982.4274930017357,7.705973047689839,0.0031193284936480437,0.883300916921367,0.2571884984025559,0.4185303514376997,1.4568670576735185,2.260547676389277,,,,
long_straddle_24h,long_vol_proxy,24,all,0.0,delayed,weekday,SLV,619,0.5573505654281099,0.3400000000000034,1.3344556072935214,826.0280209146897,7.099039714018113,0.008864643709512565,0.9491525423728814,0.25363489499192243,0.4668820678513732,1.1951710261569415,0.9500000000000106,,,,
long_straddle_24h,long_vol_proxy,24,all,0.0,delayed,weekday,SPY,622,0.6736334405144695,0.9940476190476242,1.639652360326437,1019.8637681230438,9.767090308806061,0.00259956994768773,0.9076923076923077,0.28135048231511256,0.4003215434083601,1.5844155844152756,1.887218045112717,,,,
long_straddle_24h,long_vol_proxy,24,all,0.0,delayed,weekday,UNG,608,0.6842105263157895,1.312500000000004,1.8709586726912302,1137.542872996268,16.430925159536677,0.010089020771513413,0.9519723360655737,0.21052631578947367,0.40131578947368424,1.7500000000000056,1.92857142857143,,,,
long_straddle_24h,long_vol_proxy,24,all,0.0,delayed,weekday,USO,623,0.6693418940609952,0.7250000000000312,1.4882171847675612,927.1593061101906,9.093900329969015,0.006791800444554186,0.8032786885245902,0.26324237560192615,0.44141252006420545,1.2087912087912072,1.7368421052631575,,,,
long_straddle_24h,long_vol_proxy,24,all,0.0,delayed,weekend,GLD,757,0.5495376486129459,0.07763615295481063,0.7849577027237857,594.2129809619058,4.401042203777585,0.006333822185381255,0.9491525423728814,0.31704095112285335,0.5455746367239102,0.822335025380699,0.9068322981366461,,,,
long_straddle_24h,long_vol_proxy,24,all,0.0,delayed,weekend,QQQ,757,0.4332892998678996,-0.20606060606055931,0.6999800831515982,529.8849229457599,3.2838847397185638,0.0055414620103990675,1.0,0.43593130779392336,0.6697490092470277,0.7233146067415693,1.248704663212451,,,,
long_straddle_24h,long_vol_proxy,24,all,0.0,delayed,weekend,SLV,757,0.5138705416116248,0.09999999999997877,0.7402091123305296,560.3382980342109,4.472167386310141,0.010490693739424684,0.9661016949152542,0.3236459709379128,0.5046235138705416,0.9999999999996447,1.2000000000000284,,,,
long_straddle_24h,long_vol_proxy,24,all,0.0,delayed,weekend,SPY,757,0.4966974900924703,-0.005964214711724258,0.8621463994096189,652.6448243530815,3.9080781297190397,0.004502192435730246,0.9830508474576272,0.404227212681638,0.6287978863936592,0.7037974683544644,1.0617760617760488,,,,
long_straddle_24h,long_vol_proxy,24,all,0.0,delayed,weekend,UNG,757,0.5931307793923382,0.34482758620688814,1.0913069952884311,826.1193954333423,6.82547341470638,0.024193548387096975,1.0,0.3051519154557464,0.4914134742404227,1.0156250000000053,0.9375000000000011,,,,
long_straddle_24h,long_vol_proxy,24,all,0.0,delayed,weekend,USO,757,0.6618229854689565,0.5483870967741491,1.3719516752848562,1038.567418190636,8.225818907283314,0.008182190099550013,0.9122807017543859,0.34346103038309117,0.4953764861294584,1.0333333333333026,1.4848484848484562,,,,
long_straddle_24h,long_vol_proxy,24,p80,0.8,immediate,weekday,GLD,402,0.654228855721393,0.8428961748633241,1.5144076111514682,608.7918596828902,8.770464404345976,0.004527613864334756,0.8983050847457628,0.2562189054726368,0.44776119402985076,1.255597014925398,1.3647839484558064,,,,
long_straddle_24h,long_vol_proxy,24,p80,0.8,immediate,weekday,QQQ,418,0.7009569377990431,0.9427300150829385,1.5728804819633788,657.4640414606923,11.676887489501754,0.004904404113675986,0.9008196721311476,0.2535885167464115,0.4090909090909091,1.3912930213170953,1.3891709697163055,,,,
long_straddle_24h,long_vol_proxy,24,p80,0.8,immediate,weekday,SLV,351,0.6809116809116809,1.0952380952380927,1.7602881034749007,617.8611243196901,11.81494750721165,0.009207240948813977,0.9016393442622951,0.26495726495726496,0.4017094017094017,1.43478260869562,1.2898550724637599,,,,
long_straddle_24h,long_vol_proxy,24,p80,0.8,immediate,weekday,SPY,422,0.6943127962085308,0.8742816091955208,1.4434919922479672,609.1536207286422,10.337837014750534,0.003929897777293467,0.9076923076923077,0.26303317535545023,0.4004739336492891,1.2945508047425496,1.3661957033351642,,,,
long_straddle_24h,long_vol_proxy,24,p80,0.8,immediate,weekday,UNG,450,0.7022222222222222,0.7951505016722376,1.3832756498933365,622.4740424520014,10.188691439541408,0.013109303852097631,0.8983050847457628,0.3,0.45111111111111113,1.1893274853801166,1.4529914529914474,,,,
long_straddle_24h,long_vol_proxy,24,p80,0.8,immediate,weekday,USO,445,0.7123595505617978,1.0833333333333162,1.6461703910465533,732.5458240157162,11.218151459636143,0.007983517898531911,0.8983050847457628,0.2696629213483146,0.4202247191011236,1.4423076923077034,1.4117647058823086,,,,
long_straddle_24h,long_vol_proxy,24,p80,0.8,delayed,weekday,GLD,467,0.47751605995717344,-0.027711797307998665,0.44011308438600066,205.53281040826232,2.6298526797088555,0.006560325019148161,0.9830508474576272,0.26124197002141325,0.49036402569593146,1.0419354838709851,0.8917197452229233,,,,
long_straddle_24h,long_vol_proxy,24,p80,0.8,delayed,weekday,QQQ,437,0.5240274599542334,0.10975609756101545,0.7749875242724897,338.669548107078,3.4418878256669134,0.0046137787056366175,0.9836065573770492,0.3340961098398169,0.4851258581235698,1.02105263157894,1.331182795698943,,,,
long_straddle_24h,long_vol_proxy,24,p80,0.8,delayed,weekday,SLV,438,0.4041095890410959,-0.1629084967320225,0.39873898763884486,174.64767658581405,2.3564656399026656,0.013102480112306969,0.9830508474576272,0.3287671232876712,0.5958904109589042,0.8371212121212185,0.7173913043478288,,,,
long_straddle_24h,long_vol_proxy,24,p80,0.8,delayed,weekday,SPY,413,0.5641646489104116,0.17543859649116156,0.712668898362662,294.3322550237794,3.7630437870001616,0.003968196498139065,0.9830508474576272,0.3898305084745763,0.5254237288135594,0.9702127659575212,1.3704545454545367,,,,
long_straddle_24h,long_vol_proxy,24,p80,0.8,delayed,weekday,UNG,480,0.6229166666666667,0.5714285714285654,1.361964318742225,653.742872996268,10.545774771913157,0.012284204154927647,0.9814814814814815,0.24791666666666667,0.4895833333333333,1.0915071770334936,1.4137931034482718,,,,
long_straddle_24h,long_vol_proxy,24,p80,0.8,delayed,weekday,USO,312,0.483974358974359,-0.10869565217391641,0.3155095983307993,98.43899467920937,2.0464343846910147,0.01112047177759068,0.9322033898305084,0.3685897435897436,0.5576923076923077,0.823983228511528,0.869565217391299,,,,
long_straddle_24h,long_vol_proxy,24,p80,0.8,delayed,weekend,GLD,627,0.45614035087719296,-0.06617647058825804,0.10134752849769754,63.54490036805636,1.3637061035535618,0.009167821242224816,0.9830508474576272,0.3827751196172249,0.6236044657097288,0.7299270072992828,0.49860724233982623,,,,
long_straddle_24h,long_vol_proxy,24,p80,0.8,delayed,weekend,QQQ,626,0.3466453674121406,-0.2908366533864625,0.2594859978687581,162.43823466584257,1.7286181202017388,0.006629047279899103,1.0,0.48562300319488816,0.7332268370607029,0.5361702127659483,1.0222222222222146,,,,
long_straddle_24h,long_vol_proxy,24,p80,0.8,delayed,weekend,SLV,550,0.44181818181818183,-0.20055555555555094,0.306330099595402,168.48155477747108,2.2016308132201945,0.014462809917355157,0.9830508474576272,0.4036363636363636,0.6290909090909091,0.7122302158273393,0.8636363636363901,,,,
long_straddle_24h,long_vol_proxy,24,p80,0.8,delayed,weekend,SPY,642,0.42834890965732086,-0.09333333333332428,0.32087272046410603,206.00028653795607,1.9566956330432441,0.004923072282951635,1.0,0.4766355140186916,0.7180685358255452,0.5313351498637311,0.9841456144272794,,,,
long_straddle_24h,long_vol_proxy,24,p80,0.8,delayed,weekend,UNG,647,0.5239567233384853,0.10869565217390664,0.5935642381762103,384.03606210000805,3.7080732911234975,0.02954545454545443,1.0,0.357032457496136,0.5749613601236476,0.7916666666666676,0.8135593220338992,,,,
long_straddle_24h,long_vol_proxy,24,p80,0.8,delayed,weekend,USO,418,0.4449760765550239,-0.07142857142857384,0.14362608055664816,60.03570167267893,1.4771805123156174,0.014319151865620272,0.9649122807017544,0.5454545454545454,0.6842105263157895,0.4705882352941141,0.8000000000000022,,,,
long_straddle_24h,long_vol_proxy,24,p90,0.9,immediate,weekday,GLD,199,0.5979899497487438,0.4680851063829774,1.1008685504305933,219.07284153568804,6.092395973738233,0.006390664073353758,0.953125,0.32663316582914576,0.5226130653266332,0.9583333333333348,1.1366906474820084,,,,
long_straddle_24h,long_vol_proxy,24,p90,0.9,immediate,weekday,QQQ,211,0.6303317535545023,0.6808510638298046,1.1674443459048143,246.3307569859158,7.206161000247785,0.00749547253336913,0.9538461538461539,0.26066350710900477,0.46919431279620855,1.0952380952380025,1.1572327044025148,,,,
long_straddle_24h,long_vol_proxy,24,p90,0.9,immediate,weekday,SLV,183,0.6557377049180327,0.8152173913043463,1.4016119047900846,256.4949785765855,8.633331215139204,0.013687853996224186,0.9538461538461539,0.28415300546448086,0.4098360655737705,1.2758620689655245,0.9677419354838769,,,,
long_straddle_24h,long_vol_proxy,24,p90,0.9,immediate,weekday,SPY,221,0.6877828054298643,0.777777777777753,1.2677221940313006,280.1666048809174,8.703440500357804,0.005500671486652786,0.9538461538461539,0.28054298642533937,0.43891402714932126,1.1741573033706836,1.1589537223340072,,,,
long_straddle_24h,long_vol_proxy,24,p90,0.9,immediate,weekday,UNG,223,0.6547085201793722,0.666666666666647,1.0846927757351168,241.88648898893103,6.978528767302725,0.01660735468564667,0.9538461538461539,0.3273542600896861,0.5022421524663677,1.0000000000000273,1.261538461538458,,,,
long_straddle_24h,long_vol_proxy,24,p90,0.9,immediate,weekday,USO,219,0.6529680365296804,0.625000000000004,1.2780822591037917,279.90001474373037,7.626279490380097,0.01160365058670143,0.9516129032258065,0.3105022831050228,0.5068493150684932,0.9712230215827395,1.318181818181821,,,,
long_straddle_24h,long_vol_proxy,24,p90,0.9,delayed,weekday,GLD,344,0.45930232558139533,-0.07034126309827027,0.2565508571028057,88.25349484336515,1.8296567891049473,0.007767057922050791,0.9833333333333333,0.26453488372093026,0.49709302325581395,1.0088105726871914,0.6671442215854833,,,,
long_straddle_24h,long_vol_proxy,24,p90,0.9,delayed,weekday,QQQ,300,0.44333333333333336,-0.23730418943532955,0.4086564269869061,122.59692809607182,2.1290584445978156,0.005965432735715259,1.0,0.4066666666666667,0.5933333333333334,0.7684324226819577,0.8938992042440104,,,,
long_straddle_24h,long_vol_proxy,24,p90,0.9,delayed,weekday,SLV,349,0.39255014326647564,-0.23999999999999488,0.2833657071657753,98.89463180085558,1.886432166886585,0.015575620767494303,0.9836065573770492,0.35816618911174786,0.6361031518624641,0.7647058823529405,0.5476190476190465,,,,
long_straddle_24h,long_vol_proxy,24,p90,0.9,delayed,weekday,SPY,316,0.5126582278481012,0.11472823472822291,0.5195581259473011,164.18036779934715,2.774916671321416,0.0048065741530352035,0.9842431761786601,0.43354430379746833,0.5854430379746836,0.6979472140762515,1.0617760617760488,,,,
long_straddle_24h,long_vol_proxy,24,p90,0.9,delayed,weekday,UNG,417,0.5827338129496403,0.5294117647058763,1.0380216819746695,432.85504138343714,7.486172322951498,0.014705882352941124,0.9818181818181818,0.2446043165467626,0.5179856115107914,0.9999999999999988,1.2857142857142785,,,,
long_straddle_24h,long_vol_proxy,24,p90,0.9,delayed,weekday,USO,201,0.44776119402985076,-0.1684210526315898,0.13363472499192172,26.86057972337627,1.4299811830191156,0.017285714285714238,0.9830508474576272,0.43781094527363185,0.6567164179104478,0.573529411764701,0.8000000000000022,,,,
long_straddle_24h,long_vol_proxy,24,p90,0.9,delayed,weekend,GLD,434,0.47235023041474655,-0.022310756972113932,-0.015851175788204094,-6.879410292080577,0.9509974453584966,0.013880126182965302,0.9830508474576272,0.4078341013824885,0.6797235023041475,0.5814606741573011,0.28378378378378866,,,,
long_straddle_24h,long_vol_proxy,24,p90,0.9,delayed,weekend,QQQ,547,0.32541133455210236,-0.3267882187938348,0.17671691801662048,96.66415415509141,1.4821566080814945,0.008865450864503965,1.0,0.5301645338208409,0.7952468007312614,0.48195876288659967,0.9063829787233936,,,,
long_straddle_24h,long_vol_proxy,24,p90,0.9,delayed,weekend,SLV,466,0.44206008583690987,-0.16111111111110699,0.31477448179732204,146.68490851755206,2.2889171371427937,0.017108352901710755,0.9830508474576272,0.4206008583690987,0.6394849785407726,0.7122302158273393,0.7256637168141579,,,,
long_straddle_24h,long_vol_proxy,24,p90,0.9,delayed,weekend,SPY,491,0.38289205702647655,-0.4100418410041875,0.12307026533530185,60.42750027963321,1.324391121636357,0.007213692793653026,1.0,0.539714867617108,0.8126272912423625,0.44105691056912416,0.8369304556355021,,,,
long_straddle_24h,long_vol_proxy,24,p90,0.9,delayed,weekend,UNG,627,0.5087719298245614,0.04878048780487698,0.4530080735247337,284.03606210000805,3.002912094460076,0.030320366132723153,1.0,0.3365231259968102,0.5614035087719298,0.7924528301886774,0.7254901960784337,,,,
long_straddle_24h,long_vol_proxy,24,p90,0.9,delayed,weekend,USO,382,0.39267015706806285,-0.1274509803921553,-0.031145342075556817,-11.897520672862704,0.90543518520171,0.014733969986357454,0.9672131147540983,0.5602094240837696,0.7120418848167539,0.4705882352941141,0.7929515418502194,,,,
long_straddle_72h,long_vol_proxy,72,all,0.0,immediate,weekday,GLD,1833,0.9056192034915439,5.0,3.6274747411550363,6649.161200537182,78.2820243142846,0.0013187900101656602,0.5076923076923077,,,,,0.10474631751227496,0.16039279869067102,6.310344827585706,6.723529411764755
long_straddle_72h,long_vol_proxy,72,all,0.0,immediate,weekday,QQQ,1839,0.9200652528548124,5.0,3.569296190862959,6563.9356949969815,93.14542953397483,0.0012837179070523952,0.5230769230769231,,,,,0.08374116367591082,0.14192495921696574,6.840909090908222,6.165898617511635
long_straddle_72h,long_vol_proxy,72,all,0.0,immediate,weekday,SLV,1763,0.8797504254112308,5.0,3.4179321972141006,6025.814463688459,56.08699108312241,0.002261164499717472,0.5084745762711864,,,,,0.1128757799205899,0.18774815655133295,6.000000000000355,6.44444444444469
long_straddle_72h,long_vol_proxy,72,all,0.0,immediate,weekday,SPY,1837,0.8965704953728906,5.0,3.462430985512077,6360.485720385685,73.4992038569254,0.0010015492715294005,0.5254237288135594,,,,,0.09744148067501361,0.1491562329885683,6.512195121950861,6.079999999999927
long_straddle_72h,long_vol_proxy,72,all,0.0,immediate,weekday,UNG,1748,0.8844393592677345,5.0,3.350001097437182,5855.801918320194,59.91852038319239,0.004705885247757224,0.5846153846153846,,,,,0.11613272311212815,0.17677345537757438,5.249999999999902,5.816666666666604
long_straddle_72h,long_vol_proxy,72,all,0.0,immediate,weekday,USO,1778,0.8863892013498312,5.0,3.359105630111666,5972.489810338542,63.210760583493204,0.0025384656573331776,0.5491935483870968,,,,,0.11304836895388076,0.18503937007874016,5.507575757575693,5.823543233082752
long_straddle_72h,long_vol_proxy,72,all,0.0,delayed,weekday,GLD,622,0.7363344051446945,1.2889908256880704,1.920729049791548,1194.6934689703428,15.940973208746728,0.00480580968993638,0.921875,,,,,0.12218649517684887,0.2572347266881029,2.0999999999999943,1.6842105263157738
long_straddle_72h,long_vol_proxy,72,all,0.0,delayed,weekday,QQQ,622,0.8070739549839229,2.3341176470588407,2.397528939819879,1491.2630005679648,23.734579282063624,0.0031579278616622464,0.8870967741935484,,,,,0.15434083601286175,0.2765273311897106,2.14713896457771,3.505358074372201
long_straddle_72h,long_vol_proxy,72,all,0.0,delayed,weekday,SLV,615,0.6617886178861788,1.0566037735849076,1.81094522371639,1113.7313125855799,11.147011349963034,0.008864643709512565,0.9491525423728814,,,,,0.14146341463414633,0.3154471544715447,2.280000000000001,1.5270270270270314
long_straddle_72h,long_vol_proxy,72,all,0.0,delayed,weekday,SPY,618,0.7572815533980582,2.354057854560083,2.4412751415847254,1508.7080374993602,20.219362695645316,0.0026053352804764063,0.9076923076923077,,,,,0.18446601941747573,0.2524271844660194,2.234061930783338,2.8537710131759435
long_straddle_72h,long_vol_proxy,72,all,0.0,delayed,weekday,UNG,604,0.8029801324503312,2.3749999999999916,2.4660912360910396,1489.519106598988,25.777374198537185,0.010089020771513413,0.9573317307692308,,,,,0.14403973509933773,0.23344370860927152,3.0357142857142936,3.2000000000000712
long_straddle_72h,long_vol_proxy,72,all,0.0,delayed,weekday,USO,619,0.7447495961227787,1.4489795918367663,1.9585634875780509,1212.3507988108136,15.982020110134135,0.00670314637482905,0.7818181818181819,,,,,0.1777059773828756,0.30210016155088854,2.111111111111104,2.4999999999999916
long_straddle_72h,long_vol_proxy,72,all,0.0,delayed,weekend,GLD,757,0.7239101717305152,0.700772200772199,1.4931561401077802,1130.3191980615895,11.33419985460999,0.006333822185381255,0.9491525423728814,,,,,0.11360634081902246,0.30647291941875826,1.8946666666666716,1.0945945945945843
long_straddle_72h,long_vol_proxy,72,all,0.0,delayed,weekend,QQQ,757,0.6948480845442536,0.8003120124805025,1.446882832703075,1095.2903043562278,9.242160370057706,0.0055414620103990675,1.0,,,,,0.26023778071334214,0.404227212681638,1.2645228215767517,2.2890365448505006
long_straddle_72h,long_vol_proxy,72,all,0.0,delayed,weekend,SLV,757,0.6459709379128138,0.7826086956521712,1.5943810573619865,1206.9464604230238,11.288502193989304,0.010490693739424684,0.9661016949152542,,,,,0.12681638044914134,0.22985468956406868,2.384615384615374,1.7450980392156943
long_straddle_72h,long_vol_proxy,72,all,0.0,delayed,weekend,SPY,757,0.7173051519154557,0.916317991631781,1.5650966780031794,1184.7781852484068,12.862588767803976,0.004502192435730246,0.9830508474576272,,,,,0.22324966974900926,0.3249669749009247,1.5449330783938622,2.7226277372262815
long_straddle_72h,long_vol_proxy,72,all,0.0,delayed,weekend,UNG,757,0.6063408190224571,0.702702702702702,1.4114181165268174,1068.4435142108007,7.723307992486719,0.024193548387096975,1.0,,,,,0.178335535006605,0.309114927344782,1.9285714285714177,1.3333333333333333
long_straddle_72h,long_vol_proxy,72,all,0.0,delayed,weekend,USO,757,0.7595772787318362,1.5545454545454698,2.242569603446549,1697.6251898090377,22.67479583312546,0.008182190099550013,0.9122807017543859,,,,,0.18494055482166447,0.31968295904887717,2.215686274509773,2.4999999999999916
long_straddle_72h,long_vol_proxy,72,p80,0.8,immediate,weekday,GLD,399,0.8020050125313283,2.2663043478261264,2.384376553726101,951.3662449367143,23.308990823146818,0.004544153427794351,0.8983050847457628,,,,,0.16541353383458646,0.2907268170426065,2.485507246376825,2.324324324324302
long_straddle_72h,long_vol_proxy,72,p80,0.8,immediate,weekday,QQQ,416,0.7980769230769231,1.6843265993265426,2.1789210133052936,906.4311415350022,24.269631961916,0.004931557066192083,0.9016393442622951,,,,,0.1658653846153846,0.27163461538461536,2.4774477193630933,2.5214400150786656
long_straddle_72h,long_vol_proxy,72,p80,0.8,immediate,weekday,SLV,347,0.7579250720461095,2.67500000000001,2.4432936041414695,847.82288063709,19.44579647484613,0.009207240948813977,0.9016393442622951,,,,,0.17579250720461095,0.28530259365994237,2.5643274853801143,2.807692307692331
long_straddle_72h,long_vol_proxy,72,p80,0.8,immediate,weekday,SPY,421,0.7624703087885986,1.459459459459497,2.0320236659020803,855.4819633447757,19.203846824924366,0.003933784264862794,0.9076923076923077,,,,,0.17339667458432304,0.27790973871733965,2.2187499999999756,2.603375527426138
long_straddle_72h,long_vol_proxy,72,p80,0.8,immediate,weekday,UNG,450,0.8,1.9460227272727364,2.200072433974844,990.0325952886799,20.97275854868455,0.013109303852097631,0.8983050847457628,,,,,0.20222222222222222,0.3088888888888889,2.262422360248439,2.679487179487185
long_straddle_72h,long_vol_proxy,72,p80,0.8,immediate,weekday,USO,435,0.7770114942528735,2.0123456790123346,2.238708936580142,973.8383874123617,21.497439618037042,0.007968127490040056,0.8983050847457628,,,,,0.19080459770114944,0.3080459770114943,2.28205128205128,2.479166666666641
long_straddle_72h,long_vol_proxy,72,p80,0.8,delayed,weekday,GLD,464,0.6637931034482759,0.3857868020304469,1.1187946479105277,519.1207166304848,7.797728285533542,0.006560325019148161,0.9830508474576272,,,,,0.14224137931034483,0.3081896551724138,1.6996015936254951,1.2254335260115505
long_straddle_72h,long_vol_proxy,72,p80,0.8,delayed,weekday,QQQ,437,0.7505720823798627,1.289473684210491,1.7666796591010971,772.0390110271794,13.810249195972363,0.0046137787056366175,0.9836065573770492,,,,,0.19221967963386727,0.3157894736842105,1.6219512195121892,2.4937500000001473
long_straddle_72h,long_vol_proxy,72,p80,0.8,delayed,weekday,SLV,435,0.5540229885057472,0.4516129032257936,0.9869014700485494,429.302139471119,5.262235839747219,0.013102480112306969,0.9830508474576272,,,,,0.18160919540229886,0.3954022988505747,1.6521739130434299,0.9661016949152608
long_straddle_72h,long_vol_proxy,72,p80,0.8,delayed,weekday,SPY,413,0.6682808716707022,1.016806722689108,1.6890250378888925,697.5673406481126,10.202831546312956,0.003968196498139065,0.9830508474576272,,,,,0.24939467312348668,0.3389830508474576,1.7705735660847695,2.311627906976659
long_straddle_72h,long_vol_proxy,72,p80,0.8,delayed,weekday,UNG,479,0.7640918580375783,1.5800000000000054,1.990332164089749,953.3691065989897,18.172840050544625,0.012303485987696594,0.9814814814814815,,,,,0.162839248434238,0.2755741127348643,1.8783783783783785,2.461538461538455
long_straddle_72h,long_vol_proxy,72,p80,0.8,delayed,weekday,USO,308,0.6298701298701299,0.42564102564102413,0.9813011988312186,302.2407692400153,5.913323774380674,0.01111532146014893,0.9322033898305084,,,,,0.2532467532467532,0.38311688311688313,1.3592233009708778,1.8555033907146465
long_straddle_72h,long_vol_proxy,72,p80,0.8,delayed,weekend,GLD,627,0.6666666666666666,0.15602836879434911,0.9431641641556867,591.3639309256156,6.406678980126546,0.009167821242224816,0.9830508474576272,,,,,0.1371610845295056,0.3700159489633174,1.4442105263157923,0.9606741573033747
long_straddle_72h,long_vol_proxy,72,p80,0.8,delayed,weekend,QQQ,626,0.6645367412140575,0.6925972396486828,0.9664042558395873,604.9690641555817,5.987345549106709,0.006629047279899103,1.0,,,,,0.29073482428115016,0.44568690095846647,1.0530821917808122,1.948186528497455
long_straddle_72h,long_vol_proxy,72,p80,0.8,delayed,weekend,SLV,550,0.5545454545454546,0.370774130328268,0.827921757424601,455.3569665835305,4.959538750669073,0.014462809917355157,0.9830508474576272,,,,,0.1509090909090909,0.2927272727272727,1.9583333333333124,1.12745098039216
long_straddle_72h,long_vol_proxy,72,p80,0.8,delayed,weekend,SPY,642,0.6666666666666666,0.5199999999999818,0.9985916391078379,641.095832307232,7.418970499375961,0.004923072282951635,1.0,,,,,0.2632398753894081,0.3598130841121495,1.3142667928098672,2.1806930693069035
long_straddle_72h,long_vol_proxy,72,p80,0.8,delayed,weekend,UNG,647,0.5394126738794436,0.21768707482993088,0.8602939426235957,556.6101808774664,4.502535817775212,0.02954545454545443,1.0,,,,,0.20865533230293662,0.3616692426584235,1.3090909090909053,0.9743589743589748
long_straddle_72h,long_vol_proxy,72,p80,0.8,delayed,weekend,USO,418,0.6411483253588517,0.3085106382978797,0.7930392593888492,331.490410424539,6.1939390094571944,0.014319151865620272,0.9649122807017544,,,,,0.31100478468899523,0.49521531100478466,1.0185185185185148,1.5473568281938317
long_straddle_72h,long_vol_proxy,72,p90,0.9,immediate,weekday,GLD,198,0.7272727272727273,1.5578512396693902,1.969668655635714,389.9943938158714,15.150166457191013,0.0064262711196746425,0.953125,,,,,0.2222222222222222,0.35353535353535354,1.825473472971284,1.73054903013626
long_straddle_72h,long_vol_proxy,72,p90,0.9,immediate,weekday,QQQ,211,0.7488151658767772,1.1535508637235985,1.8312620912984707,386.3963012639773,17.946267162626214,0.00749547253336913,0.9538461538461539,,,,,0.17535545023696683,0.3127962085308057,2.0182648401825793,2.1549636803874335
long_straddle_72h,long_vol_proxy,72,p90,0.9,immediate,weekday,SLV,180,0.6944444444444444,2.084968794646213,2.066759188087823,372.0166538558081,12.283308763266145,0.013809160674577603,0.9538461538461539,,,,,0.19444444444444445,0.31666666666666665,2.1585917312661573,1.772765246449461
long_straddle_72h,long_vol_proxy,72,p90,0.9,immediate,weekday,SPY,221,0.6968325791855203,1.1764705882353597,1.8212295702853567,402.49173503306383,13.488991872849022,0.005500671486652786,0.9538461538461539,,,,,0.19004524886877827,0.3257918552036199,1.9666666666666133,1.999999999999858
long_straddle_72h,long_vol_proxy,72,p90,0.9,immediate,weekday,UNG,223,0.7713004484304933,1.4285714285714333,1.8829305066867115,419.89350299113664,16.134208685295075,0.01660735468564667,0.9538461538461539,,,,,0.21973094170403587,0.35874439461883406,1.6981132075471634,2.2647058823529407
long_straddle_72h,long_vol_proxy,72,p90,0.9,immediate,weekday,USO,212,0.7405660377358491,1.7803921568627508,2.1084925504422047,447.0004206937474,18.896817018791282,0.01168892754811146,0.951216287678477,,,,,0.24056603773584906,0.4056603773584906,1.4270361990950269,1.9916666666666685
long_straddle_72h,long_vol_proxy,72,p90,0.9,delayed,weekday,GLD,341,0.6099706744868035,0.3745019920318713,0.9149681338575303,312.0041336454178,5.839026492956826,0.007769097222222188,0.9833333333333333,,,,,0.16422287390029325,0.36070381231671556,1.385786802030447,0.9980988593155857
long_straddle_72h,long_vol_proxy,72,p90,0.9,delayed,weekday,QQQ,300,0.7233333333333334,0.8003120124805025,1.4641977288637444,439.2593186591233,11.102364475752413,0.005965432735715259,1.0,,,,,0.22333333333333333,0.37666666666666665,1.4285714285714328,1.771349862258973
long_straddle_72h,long_vol_proxy,72,p90,0.9,delayed,weekday,SLV,349,0.5386819484240688,0.42307692307691824,0.8744374140714941,305.17865751095144,4.911869555098172,0.015575620767494303,0.9836065573770492,,,,,0.21203438395415472,0.45558739255014324,1.4835164835164791,0.964912280701749
long_straddle_72h,long_vol_proxy,72,p90,0.9,delayed,weekday,SPY,316,0.6265822784810127,0.6863905325442705,1.3839941501438786,437.3421514454656,8.040779088875096,0.0048065741530352035,0.9842431761786601,,,,,0.2848101265822785,0.3924050632911392,1.5064935064935745,1.5959302325581697
long_straddle_72h,long_vol_proxy,72,p90,0.9,delayed,weekday,UNG,416,0.7355769230769231,1.3333333333333304,1.7199689216633531,715.5070714119549,14.298939451826778,0.014705882352941124,0.983096590909091,,,,,0.1466346153846154,0.2764423076923077,1.7999999999999716,2.0
long_straddle_72h,long_vol_proxy,72,p90,0.9,delayed,weekday,USO,197,0.5786802030456852,0.3085106382978797,0.8987712410241705,177.05793448176158,5.0930474560302486,0.016878779673255795,0.9830508474576272,,,,,0.26903553299492383,0.4517766497461929,1.1351351351351475,1.6769230769230725
long_straddle_72h,long_vol_proxy,72,p90,0.9,delayed,weekend,GLD,434,0.5852534562211982,0.08655245496290564,0.5135493708596203,222.88042695307522,3.3819317528762483,0.013880126182965302,0.9830508474576272,,,,,0.1382488479262673,0.423963133640553,1.4442105263157923,0.448421052631578
long_straddle_72h,long_vol_proxy,72,p90,0.9,delayed,weekend,QQQ,547,0.623400365630713,0.5833333333333333,0.830800141329272,454.4476773071118,4.836534675065922,0.008865450864503965,1.0,,,,,0.31992687385740404,0.4789762340036563,1.0530821917808122,1.771349862258973
long_straddle_72h,long_vol_proxy,72,p90,0.9,delayed,weekend,SLV,466,0.4978540772532189,-0.008064516129030697,0.5800786361250712,270.31664443428315,3.599135321769207,0.017108352901710755,0.9830508474576272,,,,,0.15236051502145923,0.3197424892703863,1.7707006369426757,1.12745098039216
long_straddle_72h,long_vol_proxy,72,p90,0.9,delayed,weekend,SPY,491,0.6028513238289206,0.2398081534772205,0.7154540364166347,351.28793188056767,4.864740990526095,0.007213692793653026,1.0,,,,,0.329938900203666,0.45621181262729127,1.1634877384195905,1.7174796747967485
long_straddle_72h,long_vol_proxy,72,p90,0.9,delayed,weekend,UNG,627,0.5247208931419458,0.11538461538461253,0.7605425532335988,476.8601808774664,4.00069944994732,0.030320366132723153,1.0,,,,,0.18341307814992025,0.3413078149920255,1.3548387096774304,0.9375000000000011
long_straddle_72h,long_vol_proxy,72,p90,0.9,delayed,weekend,USO,382,0.6073298429319371,0.17647058823529282,0.6276704179547729,239.7700996587232,4.756824435204516,0.014733969986357454,0.9672131147540983,,,,,0.3403141361256545,0.5052356020942408,0.8161764705882352,1.4480874316939936
