strategy_name,family,horizon_hours,threshold_label,min_entry_abs_ret_60m_slot_percentile,timing_regime,topic_bucket,symbol,trade_count,win_rate,median_r,mean_r,total_r,profit_factor,median_entry_abs_return,median_entry_abs_ret_60m_slot_percentile,contained_within_0_5x_shock_rate_24h,contained_within_1_0x_shock_rate_24h,median_adverse_extension_units_24h,median_favorable_extension_units_24h,contained_within_0_5x_shock_rate_72h,contained_within_1_0x_shock_rate_72h,median_adverse_extension_units_72h,median_favorable_extension_units_72h
fade_credit_24h,credit_spread_proxy,24,all,0.0,immediate,tariffs_trade,GLD,95,0.5578947368421052,0.5384615384615384,-0.12319863849313627,-11.703870656847945,0.7050307487875338,0.0014781774331578124,0.5692307692307692,0.17894736842105263,0.28421052631578947,4.25333333333333,3.8022388059701386,,,,
fade_credit_24h,credit_spread_proxy,24,all,0.0,immediate,tariffs_trade,QQQ,95,0.49473684210526314,-0.010989010989653512,-0.22297193375097216,-21.182333706342355,0.54436821136758,0.0020180194871376456,0.6307692307692307,0.22105263157894736,0.30526315789473685,4.072164948454017,2.171874999999921,,,,
fade_credit_24h,credit_spread_proxy,24,all,0.0,immediate,tariffs_trade,SLV,93,0.6344086021505376,0.5384615384615384,0.007022077012501121,0.6530531621626042,1.0215740971751315,0.0024227740763174133,0.4838709677419355,0.20430107526881722,0.3010752688172043,3.333333333333136,3.268656716417899,,,,
fade_credit_24h,credit_spread_proxy,24,all,0.0,immediate,tariffs_trade,SPY,95,0.5578947368421052,0.5384615384615384,-0.1368038038601522,-12.99636136671446,0.6820624970041339,0.0016038874420376548,0.6721311475409836,0.21052631578947367,0.3157894736842105,3.2845528455283772,2.6918604651162337,,,,
fade_credit_24h,credit_spread_proxy,24,all,0.0,immediate,tariffs_trade,UNG,91,0.5604395604395604,0.5384615384615384,-0.11713441500542493,-10.659231765493669,0.7170261147256833,0.004773269689737347,0.5901639344262295,0.2087912087912088,0.2857142857142857,2.769230769230786,2.884615384615387,,,,
fade_credit_24h,credit_spread_proxy,24,all,0.0,immediate,tariffs_trade,USO,90,0.5666666666666667,0.5384615384615384,-0.09321487610294785,-8.389338849265306,0.7659934852769378,0.0031529816916597286,0.6229508196721312,0.16666666666666666,0.28888888888888886,2.434098639455821,3.17152961980544,,,,
fade_credit_24h,credit_spread_proxy,24,all,0.0,immediate,war_geopolitics,GLD,157,0.643312101910828,0.5384615384615384,0.002430571210434901,0.3815996800382795,1.0071890773098215,0.0013443504492096636,0.49230769230769234,0.15286624203821655,0.28662420382165604,4.000000000000406,4.461538461538342,,,,
fade_credit_24h,credit_spread_proxy,24,all,0.0,immediate,war_geopolitics,QQQ,158,0.6075949367088608,0.5384615384615384,-0.061350384226783704,-9.693360707831825,0.8387088242704519,0.0015332087609912226,0.5083356487913309,0.10759493670886076,0.21518987341772153,3.706685251420346,3.25815608507921,,,,
fade_credit_24h,credit_spread_proxy,24,all,0.0,immediate,war_geopolitics,SLV,153,0.6209150326797386,0.5384615384615384,-0.025674491163109388,-3.9281971479557365,0.9266267957336033,0.0030092592592592116,0.5692307692307692,0.1830065359477124,0.29411764705882354,2.818181818181789,3.5999999999999432,,,,
fade_credit_24h,credit_spread_proxy,24,all,0.0,immediate,war_geopolitics,SPY,158,0.569620253164557,0.5384615384615384,-0.1204941795355388,-19.03808036661513,0.7114667792997401,0.0013033429239512895,0.5715006305170239,0.10759493670886076,0.17721518987341772,3.605263157896898,3.3208208831340507,,,,
fade_credit_24h,credit_spread_proxy,24,all,0.0,immediate,war_geopolitics,UNG,149,0.5369127516778524,0.5384615384615384,-0.16323641074009324,-24.32222520027389,0.6349654012798993,0.004129793510324609,0.5384615384615384,0.18120805369127516,0.2751677852348993,2.799999999999936,3.777777777777782,,,,
fade_credit_24h,credit_spread_proxy,24,all,0.0,immediate,war_geopolitics,USO,152,0.5723684210526315,0.5384615384615384,-0.10400714047984834,-15.809085352936947,0.7431322161559716,0.0035556972312932866,0.6350567465321564,0.20394736842105263,0.2894736842105263,3.21090909090911,3.194124423963149,,,,
fade_credit_24h,credit_spread_proxy,24,all,0.0,immediate,oil_gas_energy,GLD,23,0.6086956521739131,0.5384615384615384,-0.040684796703943434,-0.935750324190699,0.889060285543371,0.0010498815831236907,0.38461538461538464,0.13043478260869565,0.2608695652173913,3.405405405405339,8.347826086956385,,,,
fade_credit_24h,credit_spread_proxy,24,all,0.0,immediate,oil_gas_energy,QQQ,23,0.5652173913043478,0.5384615384615384,-0.08528701701392424,-1.9616013913202575,0.7811103947091237,0.0010894991508316743,0.43548387096774194,0.21739130434782608,0.34782608695652173,3.079681274900371,4.212264150943364,,,,
fade_credit_24h,credit_spread_proxy,24,all,0.0,immediate,oil_gas_energy,SLV,24,0.5833333333333334,0.5384615384615384,-0.06095715878324595,-1.4629718107979028,0.8374734607218678,0.0015431483169972005,0.4587641866330391,0.20833333333333334,0.2916666666666667,4.357142857142892,7.7857142857143415,,,,
fade_credit_24h,credit_spread_proxy,24,all,0.0,immediate,oil_gas_energy,SPY,24,0.75,0.5384615384615384,0.13044210013679106,3.130610403282985,1.521768400547164,0.0013682420137902662,0.6299007444168734,0.20833333333333334,0.375,2.4656618610751124,4.003000295803819,,,,
fade_credit_24h,credit_spread_proxy,24,all,0.0,immediate,oil_gas_energy,UNG,23,0.5652173913043478,0.5384615384615384,-0.1304347826086957,-3.000000000000001,0.7,0.005123825789923098,0.7538461538461538,0.17391304347826086,0.21739130434782608,3.3846153846153606,4.444444444444455,,,,
fade_credit_24h,credit_spread_proxy,24,all,0.0,immediate,oil_gas_energy,USO,24,0.6666666666666666,0.5384615384615384,0.05128205128204638,1.2307692307691132,1.1702127659574273,0.003890474203133154,0.7,0.20833333333333334,0.375,2.421296296296333,2.414285714285665,,,,
fade_credit_24h,credit_spread_proxy,24,all,0.0,immediate,fed_inflation_rates,GLD,46,0.5434782608695652,0.5384615384615384,-0.14193143812708583,-6.528846153845949,0.6734006734006804,0.001696297825338866,0.5156368221941993,0.15217391304347827,0.21739130434782608,3.4796650717700635,2.07601038190586,,,,
fade_credit_24h,credit_spread_proxy,24,all,0.0,immediate,fed_inflation_rates,QQQ,46,0.45652173913043476,-1.0,-0.29345128924371694,-13.498759305210978,0.4558367510253065,0.001322994577975023,0.5242503259452412,0.13043478260869565,0.1956521739130435,3.5419856459330727,1.870180475799855,,,,
fade_credit_24h,credit_spread_proxy,24,all,0.0,immediate,fed_inflation_rates,SLV,44,0.5,-0.0004662004662194241,-0.20024221726125033,-8.810657559495015,0.5700784718904658,0.004016064257028051,0.5556116015132408,0.11363636363636363,0.22727272727272727,4.041666666666705,1.843445692883886,,,,
fade_credit_24h,credit_spread_proxy,24,all,0.0,immediate,fed_inflation_rates,SPY,46,0.5,-0.38631221719457975,-0.23915026686044133,-11.000912275580301,0.5196914875481315,0.0011246996100329198,0.5752986940816893,0.17391304347826086,0.21739130434782608,3.4625668449196887,1.5362566629789989,,,,
fade_credit_24h,credit_spread_proxy,24,all,0.0,immediate,fed_inflation_rates,UNG,45,0.6,0.5384615384615384,-0.03566820578314748,-1.6050692602416365,0.8950755240443925,0.005405405405405239,0.5409836065573771,0.1111111111111111,0.2,2.666666666666568,3.3999999999999857,,,,
fade_credit_24h,credit_spread_proxy,24,all,0.0,immediate,fed_inflation_rates,USO,43,0.5348837209302325,0.5384615384615384,-0.16015441107239728,-6.886639676113083,0.6418947368421152,0.002192982456140413,0.47540983606557374,0.09302325581395349,0.16279069767441862,5.071428571428608,4.830188679245277,,,,
fade_credit_24h,credit_spread_proxy,24,all,0.0,immediate,immigration_border,GLD,83,0.6265060240963856,0.5384615384615384,-0.013895917248461087,-1.1533611316222703,0.9604381420579589,0.0016239158516331287,0.5833333333333334,0.12048192771084337,0.25301204819277107,3.4285714285714026,3.099999999999905,,,,
fade_credit_24h,credit_spread_proxy,24,all,0.0,immediate,immigration_border,QQQ,84,0.5357142857142857,0.45557029177720887,-0.15944338116663723,-13.393244017997526,0.6322734586549247,0.0014104259057358126,0.5353598014888337,0.10714285714285714,0.21428571428571427,2.276341305753017,2.9682121476677352,,,,
fade_credit_24h,credit_spread_proxy,24,all,0.0,immediate,immigration_border,SLV,82,0.7560975609756098,0.5384615384615384,0.16230825833474669,13.309277183449227,1.6948618609832884,0.0021183060730423087,0.5125706214689265,0.17073170731707318,0.3170731707317073,2.480769230769009,5.875000000000067,,,,
fade_credit_24h,credit_spread_proxy,24,all,0.0,immediate,immigration_border,SPY,83,0.6265060240963856,0.5384615384615384,-0.04358463956159104,-3.6175250836120565,0.8833056424641273,0.0012627591286962225,0.5483870967741935,0.1927710843373494,0.3493975903614458,2.2545454545451915,3.301886792452764,,,,
fade_credit_24h,credit_spread_proxy,24,all,0.0,immediate,immigration_border,UNG,80,0.6,0.5384615384615384,-0.07118089710800793,-5.694471768640634,0.8181515477065529,0.003626656848306431,0.5169491525423728,0.2125,0.3125,3.061538461538454,4.212121212121167,,,,
fade_credit_24h,credit_spread_proxy,24,all,0.0,immediate,immigration_border,USO,81,0.654320987654321,0.5384615384615384,0.003173279596043631,0.2570356472795341,1.009179844545698,0.0023041474654377225,0.5573770491803278,0.19753086419753085,0.3333333333333333,2.090909090909138,5.142857142857114,,,,
fade_credit_24h,credit_spread_proxy,24,all,0.0,immediate,domestic_politics_attacks,GLD,93,0.6236559139784946,0.5384615384615384,-0.03014303311818709,-2.8033020799913997,0.9126565750713908,0.0008862025086348035,0.3770491803278688,0.12903225806451613,0.23655913978494625,4.444444444445743,6.181818181818816,,,,
fade_credit_24h,credit_spread_proxy,24,all,0.0,immediate,domestic_politics_attacks,QQQ,95,0.5684210526315789,0.5384615384615384,-0.12553882637535196,-11.926188505658438,0.7004587188023643,0.0013353084771224877,0.53125,0.17894736842105263,0.24210526315789474,3.8188976377953483,3.49374999999997,,,,
fade_credit_24h,credit_spread_proxy,24,all,0.0,immediate,domestic_politics_attacks,SLV,93,0.5483870967741935,0.5384615384615384,-0.15833365624406584,-14.725030030698123,0.6378739704324832,0.0020366598778003286,0.4576271186440678,0.16129032258064516,0.26881720430107525,3.3999999999999146,4.636363636363642,,,,
fade_credit_24h,credit_spread_proxy,24,all,0.0,immediate,domestic_politics_attacks,SPY,93,0.6021505376344086,0.5384615384615384,-0.08153271640307125,-7.582542625485626,0.7896786128175197,0.0009284028324154647,0.47540983606557374,0.16129032258064516,0.22580645161290322,3.5666666666656437,3.6025641025637793,,,,
fade_credit_24h,credit_spread_proxy,24,all,0.0,immediate,domestic_politics_attacks,UNG,89,0.6629213483146067,0.5384615384615384,0.017644571137487547,1.5703668312363916,1.0535664487622909,0.005029337803855949,0.5230769230769231,0.24719101123595505,0.3146067415730337,2.600000000000007,3.363636363636374,,,,
fade_credit_24h,credit_spread_proxy,24,all,0.0,immediate,domestic_politics_attacks,USO,91,0.5824175824175825,0.5384615384615384,-0.09354205552732972,-8.512327052987004,0.7619351724396342,0.0027440219521757125,0.5932203389830508,0.1978021978021978,0.26373626373626374,3.2368421052632073,3.3571428571428354,,,,
fade_credit_24h,credit_spread_proxy,24,all,0.0,immediate,other,GLD,1349,0.5685693106004448,0.5384615384615384,-0.11331212477093178,-152.85805631598697,0.7260671020564888,0.001302545885139228,0.5081967213114754,0.1697553743513714,0.2446256486286138,3.7999999999999545,3.852631578947381,,,,
fade_credit_24h,credit_spread_proxy,24,all,0.0,immediate,other,QQQ,1351,0.5610658771280533,0.5384615384615384,-0.12354080894844911,-166.90363288935475,0.7053339886436338,0.001191737288135597,0.5084745762711864,0.14433752775721687,0.22723908216136196,3.722222222223345,3.885714285714072,,,,
fade_credit_24h,credit_spread_proxy,24,all,0.0,immediate,other,SLV,1287,0.5718725718725719,0.5384615384615384,-0.10944988909330286,-140.86200726308078,0.7346315562918253,0.0021651716671822197,0.515625,0.1655011655011655,0.2602952602952603,3.615384615384733,3.578947368421094,,,,
fade_credit_24h,credit_spread_proxy,24,all,0.0,immediate,other,SPY,1351,0.5595854922279793,0.5384615384615384,-0.12274227512902999,-165.82481369931952,0.7057580177248772,0.0009158840461722662,0.5084745762711864,0.15025906735751296,0.20799407846039972,3.5319148936167486,3.666666666666486,,,,
fade_credit_24h,credit_spread_proxy,24,all,0.0,immediate,other,UNG,1283,0.5705378020265004,0.5384615384615384,-0.1053875458604067,-135.2122213389018,0.7407955541287782,0.00465425531914887,0.5901639344262295,0.16991426344505067,0.2626656274356976,3.0681818181818374,3.1999999999999575,,,,
fade_credit_24h,credit_spread_proxy,24,all,0.0,immediate,other,USO,1310,0.5610687022900763,0.5384615384615384,-0.1256110751805551,-164.55050848652715,0.7016532864888855,0.0023881942956319735,0.5333333333333333,0.16412213740458015,0.24961832061068703,3.2418906394810327,3.1972222222222113,,,,
fade_credit_24h,credit_spread_proxy,24,all,0.0,delayed,tariffs_trade,GLD,38,0.8157894736842105,0.5384615384615384,0.26471243400574845,10.05907249221844,2.725134004545198,0.005540163146018906,0.923728813559322,0.3684210526315789,0.631578947368421,0.8013333333333275,1.2208258527827582,,,,
fade_credit_24h,credit_spread_proxy,24,all,0.0,delayed,tariffs_trade,QQQ,38,0.8157894736842105,0.5384615384615384,0.23724609203470387,9.015351497318747,2.365672949276061,0.004044493318416942,0.926857887874837,0.34210526315789475,0.6842105263157895,0.7347916317289531,1.441795231416547,,,,
fade_credit_24h,credit_spread_proxy,24,all,0.0,delayed,tariffs_trade,SLV,38,0.7368421052631579,0.5384615384615384,0.10909869734064405,4.145750498944474,1.431980872599939,0.009629936979488662,0.950382722799344,0.42105263157894735,0.6052631578947368,0.8642857142857139,1.0724637681159483,,,,
fade_credit_24h,credit_spread_proxy,24,all,0.0,delayed,tariffs_trade,SPY,38,0.8157894736842105,0.5384615384615384,0.2412068884040559,9.165861759354124,2.3094088227648752,0.002903471100691335,0.9153846153846155,0.4473684210526316,0.631578947368421,0.6927590124987123,1.6715723654110766,,,,
fade_credit_24h,credit_spread_proxy,24,all,0.0,delayed,tariffs_trade,UNG,38,0.7631578947368421,0.5384615384615384,0.22392981857459326,8.509333105834544,2.2379282629202146,0.012648624490729843,0.9814814814814815,0.15789473684210525,0.34210526315789475,1.5050000000000017,2.105454545454548,,,,
fade_credit_24h,credit_spread_proxy,24,all,0.0,delayed,tariffs_trade,USO,37,0.8378378378378378,0.5384615384615384,0.295694176043924,10.940684513625188,3.22620494766227,0.008107352530053014,0.8852459016393442,0.32432432432432434,0.5945945945945946,0.830188679245277,2.400000000000013,,,,
fade_credit_24h,credit_spread_proxy,24,all,0.0,delayed,war_geopolitics,GLD,107,0.6915887850467289,0.5384615384615384,0.0880576102908814,9.42216430112431,1.3259602238240924,0.006273181006456241,0.9491525423728814,0.34579439252336447,0.5046728971962616,0.9068322981366256,0.8917197452229233,,,,
fade_credit_24h,credit_spread_proxy,24,all,0.0,delayed,war_geopolitics,QQQ,107,0.822429906542056,0.5384615384615384,0.2360588365329253,25.258295509023007,2.417827692090279,0.0061520887728461204,1.0,0.4392523364485981,0.5981308411214953,0.7233146067415693,1.0250000000000496,,,,
fade_credit_24h,credit_spread_proxy,24,all,0.0,delayed,war_geopolitics,SLV,106,0.7924528301886793,0.5384615384615384,0.23689995753759951,25.111395498985548,2.3084093847166893,0.011230201060733802,0.9588572990705304,0.4716981132075472,0.6698113207547169,0.5714285714286101,1.623655913978495,,,,
fade_credit_24h,credit_spread_proxy,24,all,0.0,delayed,war_geopolitics,SPY,107,0.7289719626168224,0.5384615384615384,0.19222770758285845,20.568364711365856,1.9719898440012713,0.004016803628512644,0.9830508474576272,0.4205607476635514,0.5514018691588785,0.8872180451127171,1.2976190476190765,,,,
fade_credit_24h,credit_spread_proxy,24,all,0.0,delayed,war_geopolitics,UNG,106,0.5283018867924528,0.16424116424116306,-0.1211799085534966,-12.845070306670639,0.6875212827621027,0.011009018659410008,0.9814814814814815,0.2169811320754717,0.330188679245283,2.0097402597402554,0.961538461538459,,,,
fade_credit_24h,credit_spread_proxy,24,all,0.0,delayed,war_geopolitics,USO,107,0.7383177570093458,0.5384615384615384,0.1985675876766353,21.246731881399977,2.0693921294244237,0.011279127416956025,0.9508196721311475,0.38317757009345793,0.5233644859813084,0.8980392156862752,1.4848484848484562,,,,
fade_credit_24h,credit_spread_proxy,24,all,0.0,delayed,oil_gas_energy,GLD,7,0.7142857142857143,0.5384615384615384,0.0578310578310577,0.4048174048174039,1.2024087024087018,0.004746504106656557,0.8983050847457628,0.2857142857142857,0.5714285714285714,0.7299270072992828,2.0656934306569585,,,,
fade_credit_24h,credit_spread_proxy,24,all,0.0,delayed,oil_gas_energy,QQQ,7,0.8571428571428571,0.5384615384615384,0.2550291238815853,1.7852038671710968,2.785203867171097,0.007267441860465018,1.0,0.42857142857142855,0.8571428571428571,0.7645305514157925,0.8917647058823444,,,,
fade_credit_24h,credit_spread_proxy,24,all,0.0,delayed,oil_gas_energy,SLV,7,0.7142857142857143,0.5384615384615384,0.025641025641029973,0.17948717948720982,1.0897435897436047,0.00881325026591706,0.9491525423728814,0.42857142857142855,0.5714285714285714,0.5714285714286101,1.6724137931034513,,,,
fade_credit_24h,credit_spread_proxy,24,all,0.0,delayed,oil_gas_energy,SPY,7,0.8571428571428571,0.5384615384615384,0.31512297226582786,2.205860805860795,3.205860805860795,0.003948652274667674,0.9830508474576272,0.5714285714285714,0.8571428571428571,0.3359073359073335,1.0617760617760488,,,,
fade_credit_24h,credit_spread_proxy,24,all,0.0,delayed,oil_gas_energy,UNG,7,0.5714285714285714,0.5384615384615384,-0.12087912087912094,-0.8461538461538466,0.717948717948718,0.00742804085422466,0.9074074074074074,0.14285714285714285,0.14285714285714285,6.733333333333407,1.3333333333333333,,,,
fade_credit_24h,credit_spread_proxy,24,all,0.0,delayed,oil_gas_energy,USO,7,0.7142857142857143,0.5384615384615384,0.09279609279609394,0.6495726495726576,1.3247863247863287,0.014733969986357454,0.9649122807017544,0.5714285714285714,0.7142857142857143,0.42307692307691835,1.7368421052631575,,,,
fade_credit_24h,credit_spread_proxy,24,all,0.0,delayed,fed_inflation_rates,GLD,12,0.75,0.5384615384615384,0.23190952068079448,2.7829142481695337,2.8178651905159984,0.006786966451156395,0.9831920903954803,0.3333333333333333,0.4166666666666667,1.184591975893138,0.48131539611360163,,,,
fade_credit_24h,credit_spread_proxy,24,all,0.0,delayed,fed_inflation_rates,QQQ,12,0.8333333333333334,0.5384615384615384,0.2407262787973459,2.888715345568151,2.4443576727840757,0.0031193284936480437,0.8709677419354839,0.25,0.4166666666666667,1.3696969696968886,2.647208121827411,,,,
fade_credit_24h,credit_spread_proxy,24,all,0.0,delayed,fed_inflation_rates,SLV,12,0.75,0.5384615384615384,0.22161172161172138,2.6593406593406566,2.2160804020100477,0.02035928143712573,0.9838709677419355,0.5833333333333334,0.5833333333333334,0.40350367789391817,0.28659046557011447,,,,
fade_credit_24h,credit_spread_proxy,24,all,0.0,delayed,fed_inflation_rates,SPY,12,0.75,0.5384615384615384,0.23421628011590925,2.810595361390911,2.3807490093895485,0.0031856187944933056,0.9673453199365415,0.5833333333333334,0.5833333333333334,0.42043785310736004,1.5959302325581697,,,,
fade_credit_24h,credit_spread_proxy,24,all,0.0,delayed,fed_inflation_rates,UNG,12,0.6666666666666666,0.4527243589743575,0.08085498235545384,0.970259788265446,1.33005246388251,0.02160664819944591,1.0,0.0,0.5,1.007812500000002,1.1746031746031695,,,,
fade_credit_24h,credit_spread_proxy,24,all,0.0,delayed,fed_inflation_rates,USO,12,0.8333333333333334,0.5384615384615384,0.31118881118880964,3.7342657342657155,3.262711864406744,0.007760397720383283,0.8363636363636363,0.3333333333333333,0.4166666666666667,1.4117647058823608,1.8942708333333345,,,,
fade_credit_24h,credit_spread_proxy,24,all,0.0,delayed,immigration_border,GLD,43,0.5813953488372093,0.5384615384615384,-0.012338545632889603,-0.5305574622142529,0.9615583190619978,0.006812164211716931,0.9661016949152542,0.27906976744186046,0.46511627906976744,1.0478087649402363,0.8029197080291696,,,,
fade_credit_24h,credit_spread_proxy,24,all,0.0,delayed,immigration_border,QQQ,43,0.8604651162790697,0.5384615384615384,0.2595004222767552,11.158518157900472,2.8597530263167457,0.003934529430280165,0.9384615384615385,0.32558139534883723,0.5581395348837209,0.9805194805194978,1.4036697247705763,,,,
fade_credit_24h,credit_spread_proxy,24,all,0.0,delayed,immigration_border,SLV,43,0.627906976744186,0.5384615384615384,-0.049136797109367567,-2.1128822757028054,0.8626626520793175,0.00916590284142993,0.9491525423728814,0.23255813953488372,0.37209302325581395,1.666666666666643,0.7666666666666635,,,,
fade_credit_24h,credit_spread_proxy,24,all,0.0,delayed,immigration_border,SPY,43,0.7906976744186046,0.5384615384615384,0.21960176992374278,9.44287610672094,2.156293704057574,0.00300815771583951,0.9508196721311475,0.2558139534883721,0.4418604651162791,1.2746478873238398,1.5959302325581697,,,,
fade_credit_24h,credit_spread_proxy,24,all,0.0,delayed,immigration_border,UNG,42,0.6190476190476191,0.5009380863039408,0.057366821443765426,2.409406500638148,1.2233220513120082,0.021181834478233297,1.0,0.2619047619047619,0.47619047619047616,1.0538651315789516,1.153846153846154,,,,
fade_credit_24h,credit_spread_proxy,24,all,0.0,delayed,immigration_border,USO,43,0.627906976744186,0.5384615384615384,0.021094742670255132,0.9070739348209708,1.068962020722019,0.007642393655371338,0.8363636363636363,0.3488372093023256,0.4883720930232558,1.0333333333333026,1.4848484848484562,,,,
fade_credit_24h,credit_spread_proxy,24,all,0.0,delayed,domestic_politics_attacks,GLD,109,0.7064220183486238,0.5384615384615384,0.11783187630019601,12.843674516721364,1.5011284862046037,0.005417031785230675,0.9491525423728814,0.28440366972477066,0.5412844036697247,0.8026666666666719,1.0945945945945843,,,,
fade_credit_24h,credit_spread_proxy,24,all,0.0,delayed,domestic_politics_attacks,QQQ,109,0.8348623853211009,0.5384615384615384,0.2788444468329452,30.394044704791025,2.8405712673788166,0.004886117342864704,0.9836065573770492,0.3761467889908257,0.5596330275229358,0.7640449438201802,1.313356164383567,,,,
fade_credit_24h,credit_spread_proxy,24,all,0.0,delayed,domestic_politics_attacks,SLV,109,0.7064220183486238,0.5384615384615384,0.12315206654670828,13.423575253591203,1.5274171052558276,0.00881325026591706,0.9491525423728814,0.24770642201834864,0.47706422018348627,1.1999999999999573,1.2000000000000284,,,,
fade_credit_24h,credit_spread_proxy,24,all,0.0,delayed,domestic_politics_attacks,SPY,108,0.7407407407407407,0.5384615384615384,0.14562813220597468,15.727838278245265,1.6120888958662276,0.0036215283643512564,0.9830508474576272,0.3148148148148148,0.5555555555555556,0.9762376237623976,1.1708880308880107,,,,
fade_credit_24h,credit_spread_proxy,24,all,0.0,delayed,domestic_politics_attacks,UNG,108,0.5648148148148148,0.38130686517783335,-0.08521980031721463,-9.20373843425918,0.7637481825917039,0.014790398918187897,0.9814814814814815,0.23148148148148148,0.46296296296296297,1.4686411149825693,1.2758620689655173,,,,
fade_credit_24h,credit_spread_proxy,24,all,0.0,delayed,domestic_politics_attacks,USO,109,0.7247706422018348,0.5384615384615384,0.16900391050737737,18.421426245304133,1.766551245667985,0.007642393655371338,0.847457627118644,0.3302752293577982,0.46788990825688076,1.098039215686268,1.4848484848484562,,,,
fade_credit_24h,credit_spread_proxy,24,all,0.0,delayed,other,GLD,1067,0.6597938144329897,0.5384615384615384,0.038115809200808606,40.66956841726278,1.1288150724285169,0.005729064361945868,0.9491525423728814,0.2642924086223055,0.48266166822867856,1.0478087649402363,1.0285714285714564,,,,
fade_credit_24h,credit_spread_proxy,24,all,0.0,delayed,other,QQQ,1067,0.8200562324273665,0.5384615384615384,0.25093973793611657,267.7527003778364,2.52420321922132,0.004685754306391732,0.9836065573770492,0.3467666354264292,0.5463917525773195,0.9426229508196324,1.5404814004376435,,,,
fade_credit_24h,credit_spread_proxy,24,all,0.0,delayed,other,SLV,1061,0.6861451460885957,0.5384615384615384,0.07844123762385274,83.22615311890776,1.2937036636226222,0.00999432140829093,0.9491525423728814,0.27238454288407166,0.46936852026390197,1.0833333333333162,1.0,,,,
fade_credit_24h,credit_spread_proxy,24,all,0.0,delayed,other,SPY,1064,0.7659774436090225,0.5384615384615384,0.19192126998234083,204.20423126121065,1.9221906783521876,0.0032852450556924984,0.9661016949152542,0.34116541353383456,0.5169172932330827,0.9929577464788,1.5155038759689559,,,,
fade_credit_24h,credit_spread_proxy,24,all,0.0,delayed,other,UNG,1052,0.6378326996197718,0.5384615384615384,0.026833137239356052,28.228460375802566,1.0910038846310983,0.014233241505968719,0.9814814814814815,0.2785171102661597,0.4667300380228137,1.1111111111111187,1.2768199233716497,,,,
fade_credit_24h,credit_spread_proxy,24,all,0.0,delayed,other,USO,1065,0.7126760563380282,0.5384615384615384,0.12969184493788255,138.1218148588449,1.534022332310158,0.006882312456985562,0.8181818181818182,0.29295774647887324,0.460093896713615,1.1521739130434299,1.6984126984126842,,,,
fade_credit_24h,credit_spread_proxy,24,p80,0.8,immediate,tariffs_trade,GLD,27,0.7037037037037037,0.5384615384615384,0.07885824866956653,2.1291727140782966,1.266146589259787,0.0058014611087237045,0.9193548387096774,0.2962962962962963,0.5555555555555556,0.8626760563380318,1.1388888888889372,,,,
fade_credit_24h,credit_spread_proxy,24,p80,0.8,immediate,tariffs_trade,QQQ,33,0.696969696969697,0.5384615384615384,0.07226107226107224,2.384615384615384,1.2384615384615383,0.005431146444173307,0.9180327868852459,0.36363636363636365,0.5454545454545454,0.6646525679758555,1.8239999999999934,,,,
fade_credit_24h,credit_spread_proxy,24,p80,0.8,immediate,tariffs_trade,SLV,20,0.7,0.5384615384615384,0.06125356125356078,1.2250712250712157,1.2041785375118692,0.007728197020740013,0.9038461538461539,0.4,0.5,0.8787878787878779,1.9581425768476235,,,,
fade_credit_24h,credit_spread_proxy,24,p80,0.8,immediate,tariffs_trade,SPY,31,0.6774193548387096,0.5384615384615384,0.03510741680740343,1.0883299210295063,1.1088329921029507,0.005059678256356892,0.9344262295081968,0.2903225806451613,0.5483870967741935,0.6600234466588439,1.5999999999999586,,,,
fade_credit_24h,credit_spread_proxy,24,p80,0.8,immediate,tariffs_trade,UNG,22,0.8181818181818182,0.5384615384615384,0.2576133543875481,5.667493796526059,2.416873449131515,0.014079014715776939,0.9016129032258065,0.45454545454545453,0.6363636363636364,0.6397849462365611,1.6025852585258518,,,,
fade_credit_24h,credit_spread_proxy,24,p80,0.8,immediate,tariffs_trade,USO,27,0.7407407407407407,0.5384615384615384,0.15947932279926852,4.30594171558025,1.6662152473512257,0.007551919446192712,0.8688524590163934,0.2962962962962963,0.48148148148148145,1.3953488372093066,1.278169014084504,,,,
fade_credit_24h,credit_spread_proxy,24,p80,0.8,immediate,war_geopolitics,GLD,38,0.7631578947368421,0.5384615384615384,0.17562579378946178,6.673780163999548,1.828970808086993,0.0047874511542161935,0.9322033898305084,0.2631578947368421,0.5526315789473685,0.9520412642669027,2.1021988089784625,,,,
fade_credit_24h,credit_spread_proxy,24,p80,0.8,immediate,war_geopolitics,QQQ,43,0.6511627906976745,0.5384615384615384,0.0018433380384436145,0.07926353565307542,1.0053899204244092,0.004628181875039106,0.8983050847457628,0.18604651162790697,0.4186046511627907,1.719367588932834,1.326836581709157,,,,
fade_credit_24h,credit_spread_proxy,24,p80,0.8,immediate,war_geopolitics,SLV,35,0.8,0.5384615384615384,0.22507542779802964,7.877639972931037,2.3602755930488097,0.010200927357032374,0.9076923076923077,0.2857142857142857,0.45714285714285713,1.1085271317829462,1.4277456647398923,,,,
fade_credit_24h,credit_spread_proxy,24,p80,0.8,immediate,war_geopolitics,SPY,44,0.6363636363636364,0.5384615384615384,0.008714542872430368,0.38343988638693616,1.0263134236971347,0.003605986991941368,0.8923076923076924,0.20454545454545456,0.36363636363636365,1.7253233492171391,1.5859805584156006,,,,
fade_credit_24h,credit_spread_proxy,24,p80,0.8,immediate,war_geopolitics,UNG,35,0.6857142857142857,0.5384615384615384,0.05655320289466617,1.979362101313316,1.1808674781416078,0.013793103448275668,0.8769230769230769,0.42857142857142855,0.6285714285714286,0.7894736842105136,1.0909090909090886,,,,
fade_credit_24h,credit_spread_proxy,24,p80,0.8,immediate,war_geopolitics,USO,53,0.5471698113207547,0.5384615384615384,-0.12453838635782259,-6.600534476964597,0.70069334674957,0.00823876884812691,0.8923076923076924,0.20754716981132076,0.37735849056603776,2.1818181818181426,1.2916666666666654,,,,
fade_credit_24h,credit_spread_proxy,24,p80,0.8,immediate,oil_gas_energy,GLD,6,0.6666666666666666,0.5187376725837876,0.11327238186565286,0.6796342911939172,1.4736906063919664,0.004042243370921572,0.8810844892812106,0.0,0.3333333333333333,1.7609933476153559,1.0155548004681454,,,,
fade_credit_24h,credit_spread_proxy,24,p80,0.8,immediate,oil_gas_energy,QQQ,9,0.6666666666666666,0.5384615384615384,0.14101864882766374,1.2691678394489736,1.6470059845312197,0.004974818818326954,0.9016393442622951,0.2222222222222222,0.4444444444444444,1.7861445783132588,1.689393939393889,,,,
fade_credit_24h,credit_spread_proxy,24,p80,0.8,immediate,oil_gas_energy,SLV,4,0.75,0.5384615384615384,0.4034878165312935,1.613951266125174,1126.9999999961503,0.005569800946634951,0.9099087353324642,0.5,0.5,1.0434782608695654,6.019305019304957,,,,
fade_credit_24h,credit_spread_proxy,24,p80,0.8,immediate,oil_gas_energy,SPY,8,0.75,0.4799135290938485,0.0836339927180654,0.6690719417445232,1.3345359708722615,0.0046308450198046525,0.9173045379989064,0.125,0.375,1.7142584722676255,2.127480005302479,,,,
fade_credit_24h,credit_spread_proxy,24,p80,0.8,immediate,oil_gas_energy,UNG,8,0.75,0.5384615384615384,0.15384615384615383,1.2307692307692306,1.6153846153846152,0.009236081950877217,0.8699101004759386,0.375,0.5,1.2946428571428559,3.0347222222222316,,,,
fade_credit_24h,credit_spread_proxy,24,p80,0.8,immediate,oil_gas_energy,USO,7,0.5714285714285714,0.5384615384615384,-0.1208791208791209,-0.8461538461538463,0.717948717948718,0.008194322505121532,0.9538461538461539,0.14285714285714285,0.42857142857142855,2.5925925925926414,1.962962962962996,,,,
fade_credit_24h,credit_spread_proxy,24,p80,0.8,immediate,fed_inflation_rates,GLD,13,0.6153846153846154,0.5384615384615384,-0.018625605164067457,-0.24213286713287696,0.9467819404418807,0.005980392156862746,0.9016393442622951,0.23076923076923078,0.3076923076923077,1.7158469945355577,0.8096590909091016,,,,
fade_credit_24h,credit_spread_proxy,24,p80,0.8,immediate,fed_inflation_rates,QQQ,9,0.4444444444444444,-0.8064516129032833,-0.2947339398952366,-2.6526054590571295,0.4481156427465099,0.004896440287910586,0.8225806451612904,0.2222222222222222,0.3333333333333333,2.283333333333303,0.7959866220735746,,,,
fade_credit_24h,credit_spread_proxy,24,p80,0.8,immediate,fed_inflation_rates,SLV,13,0.46153846153846156,-0.4461538461538689,-0.24310060839577993,-3.160307909145139,0.4925569824748297,0.011627906976744207,0.9384615384615385,0.15384615384615385,0.23076923076923078,2.3600000000000136,0.75,,,,
fade_credit_24h,credit_spread_proxy,24,p80,0.8,immediate,fed_inflation_rates,SPY,6,0.6666666666666666,0.33484162895927133,-0.026206636500757368,-0.1572398190045442,0.9174093879976136,0.004330474195076706,0.8846153846153846,0.3333333333333333,0.5,1.0721030887271241,0.9705791743684677,,,,
fade_credit_24h,credit_spread_proxy,24,p80,0.8,immediate,fed_inflation_rates,UNG,12,0.75,0.5384615384615384,0.22236958443854904,2.6684350132625885,2.2253349573690517,0.016046927940557454,0.9106292966684294,0.3333333333333333,0.5,0.8677248677248666,2.186274509803919,,,,
fade_credit_24h,credit_spread_proxy,24,p80,0.8,immediate,fed_inflation_rates,USO,8,0.25,-1.0,-0.6153846153846154,-4.923076923076923,0.1794871794871795,0.008727453189659173,0.9051702395964691,0.0,0.0,3.7123000761615508,1.1888839285714232,,,,
fade_credit_24h,credit_spread_proxy,24,p80,0.8,immediate,immigration_border,GLD,22,0.8181818181818182,0.5384615384615384,0.28787878787879334,6.333333333333454,2.885496183206211,0.004751866769390489,0.8884615384615384,0.2727272727272727,0.5,1.0141812865496667,1.9778336896052546,,,,
fade_credit_24h,credit_spread_proxy,24,p80,0.8,immediate,immigration_border,QQQ,18,0.7222222222222222,0.5384615384615384,0.12780312166815208,2.3004561900267375,1.4895062761506261,0.0057445520914694015,0.9092400218698742,0.1111111111111111,0.3333333333333333,1.2059018567639161,1.5563832895121226,,,,
fade_credit_24h,credit_spread_proxy,24,p80,0.8,immediate,immigration_border,SLV,9,0.7777777777777778,0.5384615384615384,0.14167657214014934,1.275089149261344,1.6375445746306718,0.01642512077294689,0.9193548387096774,0.3333333333333333,0.7777777777777778,0.7419354838709522,3.193548387096757,,,,
fade_credit_24h,credit_spread_proxy,24,p80,0.8,immediate,immigration_border,SPY,20,0.75,0.5384615384615384,0.13199999999999884,2.6399999999999766,1.5279999999999954,0.004141892860746843,0.8897022332506204,0.1,0.45,1.3318526626616634,1.242366329322821,,,,
fade_credit_24h,credit_spread_proxy,24,p80,0.8,immediate,immigration_border,UNG,17,0.6470588235294118,0.5384615384615384,0.013181192209325832,0.22408026755853916,1.039319248826293,0.010466222645099887,0.8688524590163934,0.35294117647058826,0.4117647058823529,1.5897435897435899,1.0,,,,
fade_credit_24h,credit_spread_proxy,24,p80,0.8,immediate,immigration_border,USO,21,0.8095238095238095,0.5384615384615384,0.23202001250781676,4.872420262664152,2.218105065666038,0.010953058321479414,0.921875,0.3333333333333333,0.47619047619047616,1.0317460317460483,1.3818181818181854,,,,
fade_credit_24h,credit_spread_proxy,24,p80,0.8,immediate,domestic_politics_attacks,GLD,13,0.6923076923076923,0.3251454427925114,-0.008994372987959047,-0.1169268488434676,0.970768287789133,0.005026809651474506,0.8923076923076924,0.23076923076923078,0.5384615384615384,0.7861975642760505,1.0393258426966578,,,,
fade_credit_24h,credit_spread_proxy,24,p80,0.8,immediate,domestic_politics_attacks,QQQ,16,0.6875,0.5384615384615384,0.057692307692307675,0.9230769230769228,1.1846153846153844,0.003236507830291724,0.875,0.375,0.5,1.0409231232587575,1.5650119617224032,,,,
fade_credit_24h,credit_spread_proxy,24,p80,0.8,immediate,domestic_politics_attacks,SLV,17,0.7058823529411765,0.5384615384615384,0.07134351716395114,1.2128397917871694,1.2425679583574338,0.011031797534068799,0.8983050847457628,0.35294117647058826,0.5294117647058824,0.8235294117647096,1.6451612903225736,,,,
fade_credit_24h,credit_spread_proxy,24,p80,0.8,immediate,domestic_politics_attacks,SPY,15,0.6,0.26225126225128054,-0.0826822150239748,-1.240233225359622,0.7709279430390514,0.003813590517558696,0.8615384615384616,0.26666666666666666,0.3333333333333333,1.5331125827814647,1.1524390243902451,,,,
fade_credit_24h,credit_spread_proxy,24,p80,0.8,immediate,domestic_politics_attacks,UNG,20,0.7,0.5384615384615384,0.10353028613898012,2.0706057227796024,1.3894869285614346,0.01396169028667571,0.9205548549810845,0.35,0.45,1.207729468599043,2.218749999999997,,,,
fade_credit_24h,credit_spread_proxy,24,p80,0.8,immediate,domestic_politics_attacks,USO,22,0.45454545454545453,-0.3417691881997465,-0.24086013599018674,-5.298922991784108,0.5040104874346019,0.007132237663938168,0.8629726205997392,0.2727272727272727,0.36363636363636365,2.5425824175824685,1.5399515738498804,,,,
fade_credit_24h,credit_spread_proxy,24,p80,0.8,immediate,other,GLD,283,0.6537102473498233,0.5384615384615384,0.026305699914016503,7.44451307566667,1.0839223001109815,0.00443024933031122,0.8923076923076924,0.2579505300353357,0.42402826855123676,1.3619631901840348,1.3267716535433278,,,,
fade_credit_24h,credit_spread_proxy,24,p80,0.8,immediate,other,QQQ,290,0.6103448275862069,0.5384615384615384,-0.035092960375220555,-10.17695850881396,0.9006315698734362,0.004819259347930149,0.9008196721311476,0.25517241379310346,0.3931034482758621,1.4415171513026805,1.3827528107747358,,,,
fade_credit_24h,credit_spread_proxy,24,p80,0.8,immediate,other,SLV,253,0.6126482213438735,0.5384615384615384,-0.022352135278731335,-5.655090225519028,0.9343857738943436,0.008976063829787329,0.9016393442622951,0.2450592885375494,0.3715415019762846,1.5909090909091055,1.1996047430830021,,,,
fade_credit_24h,credit_spread_proxy,24,p80,0.8,immediate,other,SPY,298,0.6577181208053692,0.5384615384615384,0.03509211636699663,10.457450677364994,1.115059023230375,0.003909682852737961,0.9076923076923077,0.28187919463087246,0.38926174496644295,1.3117150902023131,1.3080701754385873,,,,
fade_credit_24h,credit_spread_proxy,24,p80,0.8,immediate,other,UNG,336,0.6220238095238095,0.5384615384615384,-0.01967896048891727,-6.612130724276203,0.942361658764674,0.012840394714099923,0.8983050847457628,0.26785714285714285,0.41964285714285715,1.3508771929824461,1.4409722222222185,,,,
fade_credit_24h,credit_spread_proxy,24,p80,0.8,immediate,other,USO,307,0.6286644951140065,0.5384615384615384,-0.020943986733256828,-6.429803927109846,0.9393314291998575,0.0077821011673152585,0.8983050847457628,0.28338762214983715,0.43322475570032576,1.3333333333333282,1.4571428571428657,,,,
fade_credit_24h,credit_spread_proxy,24,p80,0.8,delayed,tariffs_trade,GLD,28,0.8571428571428571,0.5384615384615384,0.331780061535274,9.289841722987672,4.28159361354358,0.008824486428636868,0.9830508474576272,0.5,0.75,0.49035284165685633,0.8965534039702912,,,,
fade_credit_24h,credit_spread_proxy,24,p80,0.8,delayed,tariffs_trade,QQQ,30,0.8666666666666667,0.5384615384615384,0.31076812683370186,9.323043805011055,3.588728668187612,0.005753447373057163,1.0,0.4,0.7333333333333333,0.6760168302945376,1.3107902735562282,,,,
fade_credit_24h,credit_spread_proxy,24,p80,0.8,delayed,tariffs_trade,SLV,32,0.75,0.5384615384615384,0.1247470107843225,3.99190434509832,1.5254531756084093,0.01191344574965264,0.9745762711864407,0.46875,0.59375,0.7074664592650173,0.8398550724637606,,,,
fade_credit_24h,credit_spread_proxy,24,p80,0.8,delayed,tariffs_trade,SPY,28,0.9285714285714286,0.5384615384615384,0.40976978810880116,11.473554067046432,6.736777033523216,0.00395842438640337,0.9830508474576272,0.6071428571428571,0.8214285714285714,0.3359073359073335,1.450122244160431,,,,
fade_credit_24h,credit_spread_proxy,24,p80,0.8,delayed,tariffs_trade,UNG,29,0.7586206896551724,0.5384615384615384,0.23241732195185433,6.740102336603775,2.382911339230644,0.018413597733710985,1.0,0.20689655172413793,0.4482758620689655,1.0921052631578978,1.2758620689655173,,,,
fade_credit_24h,credit_spread_proxy,24,p80,0.8,delayed,tariffs_trade,USO,23,0.782608695652174,0.5384615384615384,0.23041995098258686,5.2996588725994975,2.3538532867968924,0.013385826771653564,0.9649122807017544,0.391304347826087,0.6086956521739131,0.5181818181818276,1.2453987730061349,,,,
fade_credit_24h,credit_spread_proxy,24,p80,0.8,delayed,war_geopolitics,GLD,88,0.6931818181818182,0.5384615384615384,0.09570641251277623,8.422164301124308,1.3676858289131286,0.008053155781986898,0.9830508474576272,0.4090909090909091,0.5909090909090909,0.7299270072992828,0.7695498676081126,,,,
fade_credit_24h,credit_spread_proxy,24,p80,0.8,delayed,war_geopolitics,QQQ,90,0.8888888888888888,0.5384615384615384,0.33278448001478556,29.9506032013307,4.397768996478585,0.007251817875847999,1.0,0.5,0.6888888888888889,0.509064487826274,0.9063829787233936,,,,
fade_credit_24h,credit_spread_proxy,24,p80,0.8,delayed,war_geopolitics,SLV,84,0.8333333333333334,0.5384615384615384,0.31054469611124397,26.085754473344494,3.3306859666905955,0.014326514610372265,0.9830508474576272,0.5238095238095238,0.7261904761904762,0.47552447552448274,1.3897949673811776,,,,
fade_credit_24h,credit_spread_proxy,24,p80,0.8,delayed,war_geopolitics,SPY,90,0.7888888888888889,0.5384615384615384,0.29776815491261205,26.799133942135086,3.4011215381265107,0.005909110854334654,0.9923076923076923,0.5,0.6444444444444445,0.5001093294460723,1.025888030888029,,,,
fade_credit_24h,credit_spread_proxy,24,p80,0.8,delayed,war_geopolitics,UNG,86,0.5,0.0020242914979798216,-0.14936128263570508,-12.845070306670637,0.623389302669139,0.01577576333956704,1.0,0.26744186046511625,0.4069767441860465,1.3823529411764783,0.933333333333346,,,,
fade_credit_24h,credit_spread_proxy,24,p80,0.8,delayed,war_geopolitics,USO,65,0.7846153846153846,0.5384615384615384,0.28556026455515376,18.561417196084996,3.4826553084217844,0.02442834824598772,1.0,0.5538461538461539,0.7384615384615385,0.4705882352941141,0.7929515418502194,,,,
fade_credit_24h,credit_spread_proxy,24,p80,0.8,delayed,oil_gas_energy,GLD,6,0.6666666666666666,0.3947163947163943,-0.02227402227402242,-0.13364413364413452,0.9331779331779326,0.005003796606286914,0.9067796610169492,0.3333333333333333,0.6666666666666666,0.7083978470839851,1.5884022708840124,,,,
fade_credit_24h,credit_spread_proxy,24,p80,0.8,delayed,oil_gas_energy,QQQ,6,1.0,0.5384615384615384,0.4642006445285161,2.785203867171097,inf,0.007267441860465018,1.0,0.5,1.0,0.44764280793624933,0.8917647058823444,,,,
fade_credit_24h,credit_spread_proxy,24,p80,0.8,delayed,oil_gas_energy,SLV,5,0.8,0.5384615384615384,0.23076923076923075,1.1538461538461537,2.1538461538461537,0.00881325026591706,0.9491525423728814,0.6,0.8,0.47552447552448274,1.6724137931034513,,,,
fade_credit_24h,credit_spread_proxy,24,p80,0.8,delayed,oil_gas_energy,SPY,6,1.0,0.5384615384615384,0.5343101343101325,3.205860805860795,inf,0.003948652274667674,0.9830508474576272,0.6666666666666666,1.0,0.3359073359073335,1.0617760617760488,,,,
fade_credit_24h,credit_spread_proxy,24,p80,0.8,delayed,oil_gas_energy,UNG,4,0.5,-0.23076923076923078,-0.2307692307692308,-0.9230769230769232,0.5384615384615384,0.012331449706823594,0.9444444444444444,0.25,0.25,1.9732142857142785,1.1333333333333395,,,,
fade_credit_24h,credit_spread_proxy,24,p80,0.8,delayed,oil_gas_energy,USO,5,1.0,0.5384615384615384,0.5299145299145315,2.6495726495726575,inf,0.02463799438080838,1.0,0.8,1.0,0.0770925110132145,1.4444444444444489,,,,
fade_credit_24h,credit_spread_proxy,24,p80,0.8,delayed,fed_inflation_rates,GLD,10,0.8,0.5384615384615384,0.34136834789387854,3.4136834789387853,7.430363636529517,0.006786966451156395,0.9833333333333333,0.4,0.5,0.8622786735854273,0.28382021306929217,,,,
fade_credit_24h,credit_spread_proxy,24,p80,0.8,delayed,fed_inflation_rates,QQQ,10,0.8,0.5384615384615384,0.18117922686450744,1.8117922686450745,1.9058961343225371,0.003178452045930036,0.8816377171215881,0.3,0.3,1.3696969696968886,1.973678710062702,,,,
fade_credit_24h,credit_spread_proxy,24,p80,0.8,delayed,fed_inflation_rates,SLV,11,0.8181818181818182,0.5384615384615384,0.3326673326673324,3.6593406593406566,4.083333333333324,0.02035928143712573,0.9838709677419355,0.6363636363636364,0.6363636363636364,0.3571428571428523,0.2058823529411774,,,,
fade_credit_24h,credit_spread_proxy,24,p80,0.8,delayed,fed_inflation_rates,SPY,11,0.7272727272727273,0.5384615384615384,0.2065576202663066,2.272133822929373,2.1162213416795987,0.0033630798731471012,0.9838709677419355,0.6363636363636364,0.6363636363636364,0.3550000000000182,1.5959302325581697,,,,
fade_credit_24h,credit_spread_proxy,24,p80,0.8,delayed,fed_inflation_rates,UNG,11,0.6363636363636364,0.4182692307692266,0.03925438634580977,0.43179824980390746,1.146884450918773,0.02160664819944591,1.0,0.0,0.5454545454545454,0.9999999999999988,1.071428571428557,,,,
fade_credit_24h,credit_spread_proxy,24,p80,0.8,delayed,fed_inflation_rates,USO,7,0.8571428571428571,0.5384615384615384,0.3186813186813186,2.2307692307692304,3.2307692307692304,0.01111532146014893,0.9491525423728814,0.5714285714285714,0.5714285714285714,0.48198198198197917,1.8666666666666643,,,,
fade_credit_24h,credit_spread_proxy,24,p80,0.8,delayed,immigration_border,GLD,35,0.6285714285714286,0.5384615384615384,0.08154451206860377,2.854057922401132,1.3242650794842565,0.008490411407965803,0.9830508474576272,0.3142857142857143,0.5142857142857142,0.9548872180450901,0.49860724233982623,,,,
fade_credit_24h,credit_spread_proxy,24,p80,0.8,delayed,immigration_border,QQQ,31,0.9354838709677419,0.5384615384615384,0.35948805382876375,11.144129668691676,6.572064834345839,0.0055414620103990675,1.0,0.3870967741935484,0.6451612903225806,0.844444444444447,1.0250000000000496,,,,
fade_credit_24h,credit_spread_proxy,24,p80,0.8,delayed,immigration_border,SLV,31,0.6451612903225806,0.5384615384615384,-0.01191266232622876,-0.36929253211309154,0.9644384969076282,0.014190219303389373,0.9830508474576272,0.2903225806451613,0.4838709677419355,1.6521739130434299,0.6206896551724146,,,,
fade_credit_24h,credit_spread_proxy,24,p80,0.8,delayed,immigration_border,SPY,30,0.9,0.5384615384615384,0.37669750913495575,11.300925274048673,5.450544356576504,0.004697844976330745,0.9830508474576272,0.36666666666666664,0.6,0.7093275488069354,0.9691935483870893,,,,
fade_credit_24h,credit_spread_proxy,24,p80,0.8,delayed,immigration_border,UNG,35,0.6285714285714286,0.46341463414634304,0.09301600990834268,3.255560346791994,1.4179726060707074,0.0277945619335348,1.0,0.3142857142857143,0.5714285714285714,0.743243243243244,0.6896551724137946,,,,
fade_credit_24h,credit_spread_proxy,24,p80,0.8,delayed,immigration_border,USO,22,0.8181818181818182,0.5384615384615384,0.32084495846982036,7.058589086336048,4.274581362423592,0.013944590488825459,0.9649122807017544,0.6363636363636364,0.7727272727272727,0.4468325791855162,1.0897435897435854,,,,
fade_credit_24h,credit_spread_proxy,24,p80,0.8,delayed,domestic_politics_attacks,GLD,87,0.735632183908046,0.5384615384615384,0.1715993632435844,14.929144602191844,1.8886160683953142,0.00786418400876232,0.9830508474576272,0.3218390804597701,0.6206896551724138,0.6868686868686874,0.8029197080291696,,,,
fade_credit_24h,credit_spread_proxy,24,p80,0.8,delayed,domestic_politics_attacks,QQQ,85,0.8588235294117647,0.5384615384615384,0.3160322211928491,26.862738801392176,3.5551012117138447,0.005966993998908876,1.0,0.4235294117647059,0.611764705882353,0.7253886010363354,1.0166130760986067,,,,
fade_credit_24h,credit_spread_proxy,24,p80,0.8,delayed,domestic_politics_attacks,SLV,76,0.7894736842105263,0.5384615384615384,0.21999254265469287,16.719433241756658,2.285929081560667,0.015053879310344853,0.9830508474576272,0.34210526315789475,0.6578947368421053,0.7452172822699114,0.7666666666666635,,,,
fade_credit_24h,credit_spread_proxy,24,p80,0.8,delayed,domestic_politics_attacks,SPY,84,0.7976190476190477,0.5384615384615384,0.23649887308796846,19.86590533938935,2.3518497777362213,0.005030432826819142,0.9836065573770492,0.39285714285714285,0.6666666666666666,0.8893219724438209,0.7879735835940198,,,,
fade_credit_24h,credit_spread_proxy,24,p80,0.8,delayed,domestic_politics_attacks,UNG,88,0.5909090909090909,0.38130686517783335,-0.03465786682287527,-3.0498922804130237,0.8909090027619944,0.01649272960339765,1.0,0.2727272727272727,0.5568181818181818,0.8982125124131048,0.8330769230769253,,,,
fade_credit_24h,credit_spread_proxy,24,p80,0.8,delayed,domestic_politics_attacks,USO,56,0.7678571428571429,0.5384615384615384,0.2630615992022724,14.731449555327256,2.767012043619412,0.011647254575707255,0.9649122807017544,0.48214285714285715,0.6071428571428571,0.5185185185185228,0.7384072580645071,,,,
fade_credit_24h,credit_spread_proxy,24,p80,0.8,delayed,other,GLD,840,0.7047619047619048,0.5384615384615384,0.11494571253533223,96.55439852967908,1.4794825459456349,0.007011035306693447,0.9830508474576272,0.31785714285714284,0.5547619047619048,0.8297872340425833,0.7572815533980585,,,,
fade_credit_24h,credit_spread_proxy,24,p80,0.8,delayed,other,QQQ,811,0.8754623921085081,0.5384615384615384,0.33144647672046357,268.80309262029596,4.083934246446784,0.0055414620103990675,1.0,0.41800246609124536,0.623921085080148,0.7420289855072207,1.0250000000000496,,,,
fade_credit_24h,credit_spread_proxy,24,p80,0.8,delayed,other,SLV,749,0.7556742323097463,0.5384615384615384,0.18846482645453627,141.16015501444767,2.0029582865659963,0.013427401001365413,0.9830508474576272,0.34979973297730305,0.6021361815754339,0.7397260273972454,0.7297297297297363,,,,
fade_credit_24h,credit_spread_proxy,24,p80,0.8,delayed,other,SPY,806,0.8362282878411911,0.5384615384615384,0.30743281605204015,247.79084973794437,3.3558901395811906,0.004530969174306287,0.9830508474576272,0.43424317617866004,0.6327543424317618,0.6859213250517531,1.0617760617760488,,,,
fade_credit_24h,credit_spread_proxy,24,p80,0.8,delayed,other,UNG,874,0.6704805491990846,0.5384615384615384,0.08269993412709914,72.27974242708464,1.3277651663636427,0.020197241496335117,1.0,0.32608695652173914,0.5526315789473685,0.8490566037735817,0.961538461538459,,,,
fade_credit_24h,credit_spread_proxy,24,p80,0.8,delayed,other,USO,552,0.7445652173913043,0.5384615384615384,0.19663420613456614,108.5420817862805,2.042624819809707,0.012737999463663163,0.9649122807017544,0.45108695652173914,0.6123188405797102,0.5795278637770882,0.855844155844157,,,,
fade_credit_24h,credit_spread_proxy,24,p90,0.9,immediate,tariffs_trade,GLD,16,0.6875,0.5384615384615384,0.05769230769230768,0.9230769230769229,1.1846153846153844,0.006881369468392018,0.9588572990705304,0.375,0.625,0.5661357766572495,1.1330512060939517,,,,
fade_credit_24h,credit_spread_proxy,24,p90,0.9,immediate,tariffs_trade,QQQ,20,0.75,0.5384615384615384,0.1538461538461538,3.076923076923076,1.6153846153846154,0.008673437274719364,0.9516129032258065,0.5,0.75,0.4906733656733582,1.698488579844502,,,,
fade_credit_24h,credit_spread_proxy,24,p90,0.9,immediate,tariffs_trade,SLV,11,0.7272727272727273,0.5384615384615384,0.09039109039108953,0.9943019943019848,1.3314339981006615,0.011247637051039705,0.9661016949152542,0.36363636363636365,0.45454545454545453,1.1481481481481584,1.5783132530120507,,,,
fade_credit_24h,credit_spread_proxy,24,p90,0.9,immediate,tariffs_trade,SPY,20,0.65,0.5384615384615384,-3.3306690738754695e-17,-6.661338147750939e-16,0.9999999999999999,0.00791281217736911,0.9676662320730117,0.4,0.65,0.6320625918924772,1.4588643914225259,,,,
fade_credit_24h,credit_spread_proxy,24,p90,0.9,immediate,tariffs_trade,UNG,12,0.8333333333333334,0.5384615384615384,0.282051282051282,3.384615384615384,2.692307692307692,0.022207368561250718,0.9441361916771753,0.75,0.8333333333333334,0.20116707616707638,1.6025852585258518,,,,
fade_credit_24h,credit_spread_proxy,24,p90,0.9,immediate,tariffs_trade,USO,11,0.8181818181818182,0.5384615384615384,0.29665515207683907,3.26320667284523,3.061475409836072,0.013533834586466176,0.9375,0.5454545454545454,0.7272727272727273,0.4932432432432446,1.278169014084504,,,,
fade_credit_24h,credit_spread_proxy,24,p90,0.9,immediate,war_geopolitics,GLD,23,0.7391304347826086,0.5384615384615384,0.16389997614905902,3.7696994514283575,1.746374376920439,0.006146426798420812,0.9538461538461539,0.30434782608695654,0.5217391304347826,0.9264705882352782,1.2157894736841899,,,,
fade_credit_24h,credit_spread_proxy,24,p90,0.9,immediate,war_geopolitics,QQQ,21,0.7619047619047619,0.5384615384615384,0.15826702033599374,3.3236074270558684,1.6647214854111738,0.005603403548822161,0.9508196721311475,0.2857142857142857,0.5238095238095238,0.7976011994003123,0.9935965848452505,,,,
fade_credit_24h,credit_spread_proxy,24,p90,0.9,immediate,war_geopolitics,SLV,18,0.7777777777777778,0.5384615384615384,0.19416408391429826,3.4949535104573686,2.081771324665376,0.0166747327537925,0.9692307692307692,0.3333333333333333,0.4444444444444444,1.1059877038225097,1.5962257735464154,,,,
fade_credit_24h,credit_spread_proxy,24,p90,0.9,immediate,war_geopolitics,SPY,20,0.7,0.5384615384615384,0.1101019598761787,2.202039197523574,1.4222538905657696,0.004485759522274979,0.9594130089899524,0.3,0.45,1.3599058769512704,1.386663162012844,,,,
fade_credit_24h,credit_spread_proxy,24,p90,0.9,immediate,war_geopolitics,UNG,16,0.75,0.5384615384615384,0.15736397748592842,2.517823639774855,1.6384395813510924,0.020144052829609127,0.944640605296343,0.4375,0.6875,0.5631578947368399,0.7504690431519714,,,,
fade_credit_24h,credit_spread_proxy,24,p90,0.9,immediate,war_geopolitics,USO,26,0.6153846153846154,0.5384615384615384,-0.055170200919188075,-1.43442522389889,0.8549127640036753,0.01148503161390746,0.9666574048346763,0.2692307692307692,0.5,0.9438205051412566,1.0463828314295665,,,,
fade_credit_24h,credit_spread_proxy,24,p90,0.9,immediate,oil_gas_energy,GLD,1,1.0,0.5384615384615384,0.5384615384615384,0.5384615384615384,inf,0.004862921981816926,0.9375,0.0,1.0,0.951690821256055,0.5797101449275327,,,,
fade_credit_24h,credit_spread_proxy,24,p90,0.9,immediate,oil_gas_energy,QQQ,5,0.4,-0.02184235517566319,-0.17693566287943602,-0.88467831439718,0.5490019948437399,0.010103950103950154,0.9661016949152542,0.0,0.2,1.868475991649293,0.9457202505219221,,,,
fade_credit_24h,credit_spread_proxy,24,p90,0.9,immediate,oil_gas_energy,SLV,2,0.5,0.26851409460104864,0.26851409460104864,0.5370281892020973,375.66666666538345,0.012457684549797454,0.9614182692307692,0.5,0.5,1.0434782608695654,10.701213346815134,,,,
fade_credit_24h,credit_spread_proxy,24,p90,0.9,immediate,oil_gas_energy,SPY,5,0.8,0.42136551972615854,0.11842977296428928,0.5921488648214464,1.5921488648214464,0.005454361805999897,0.9692307692307692,0.0,0.4,2.302752293577906,1.6323185011709735,,,,
fade_credit_24h,credit_spread_proxy,24,p90,0.9,immediate,oil_gas_energy,UNG,3,1.0,0.5384615384615384,0.5384615384615384,1.6153846153846154,inf,0.008970976253298346,0.9830508474576272,0.6666666666666666,0.6666666666666666,0.0,5.8823529411764115,,,,
fade_credit_24h,credit_spread_proxy,24,p90,0.9,immediate,oil_gas_energy,USO,4,0.25,-1.0,-0.6153846153846154,-2.4615384615384617,0.1794871794871795,0.011862776606151315,0.9684485006518906,0.0,0.25,4.618468468468465,1.3690476190476089,,,,
fade_credit_24h,credit_spread_proxy,24,p90,0.9,immediate,fed_inflation_rates,GLD,7,0.42857142857142855,-0.5498251748251846,-0.2763486513486527,-1.9344405594405691,0.4550603299679869,0.007403368217948403,0.9230769230769231,0.2857142857142857,0.2857142857142857,2.7956521739130324,0.8096590909091016,,,,
fade_credit_24h,credit_spread_proxy,24,p90,0.9,immediate,fed_inflation_rates,QQQ,2,1.0,0.5384615384615384,0.5384615384615384,1.0769230769230769,inf,0.010001036962420384,0.9682219419924338,0.5,1.0,0.49819453480807196,1.1460529169377491,,,,
fade_credit_24h,credit_spread_proxy,24,p90,0.9,immediate,fed_inflation_rates,SLV,8,0.375,-0.6139534883721023,-0.3382203068249622,-2.7057624545996974,0.36002318180535486,0.017704546813518518,0.9765508684863524,0.125,0.25,1.859069767441866,0.6330873025025929,,,,
fade_credit_24h,credit_spread_proxy,24,p90,0.9,immediate,fed_inflation_rates,SPY,2,1.0,0.33484162895927133,0.33484162895927133,0.6696832579185427,inf,0.00713128893844811,0.9682219419924338,0.5,0.5,0.757247346542773,1.1010467460125035,,,,
fade_credit_24h,credit_spread_proxy,24,p90,0.9,immediate,fed_inflation_rates,UNG,7,0.5714285714285714,0.5384615384615384,-0.0034103827207290693,-0.023872679045103484,0.9890377588306896,0.019028871391076008,0.9538461538461539,0.2857142857142857,0.42857142857142855,1.2413793103448354,1.4418604651162723,,,,
fade_credit_24h,credit_spread_proxy,24,p90,0.9,immediate,fed_inflation_rates,USO,4,0.25,-1.0,-0.6153846153846154,-2.4615384615384617,0.1794871794871795,0.010032054532433277,0.9282471626733921,0.0,0.0,6.1585011709601964,0.7002545968882619,,,,
fade_credit_24h,credit_spread_proxy,24,p90,0.9,immediate,immigration_border,GLD,11,0.9090909090909091,0.5384615384615384,0.39860139860139854,4.384615384615384,5.384615384615384,0.005477564943584312,0.9508196721311475,0.36363636363636365,0.5454545454545454,0.9450292397660788,2.1209068010075462,,,,
fade_credit_24h,credit_spread_proxy,24,p90,0.9,immediate,immigration_border,QQQ,10,0.6,0.5384615384615384,-0.04687745792040311,-0.4687745792040311,0.8732885449442969,0.006059838179529098,0.9756742464304601,0.0,0.2,1.330521472392626,0.8324609037848164,,,,
fade_credit_24h,credit_spread_proxy,24,p90,0.9,immediate,immigration_border,SLV,6,0.8333333333333334,0.5384615384615384,0.19969434538971118,1.198166072338267,2.198166072338267,0.017236105265163615,0.952116935483871,0.3333333333333333,0.8333333333333334,0.7020070694348467,2.478515324195287,,,,
fade_credit_24h,credit_spread_proxy,24,p90,0.9,immediate,immigration_border,SPY,8,0.875,0.5384615384615384,0.34615384615384615,2.769230769230769,3.7692307692307687,0.008044937860125834,0.9842431761786601,0.125,0.5,1.2758207171870097,1.1580096373133195,,,,
fade_credit_24h,credit_spread_proxy,24,p90,0.9,immediate,immigration_border,UNG,6,0.8333333333333334,0.5384615384615384,0.282051282051282,1.692307692307692,2.692307692307692,0.014167000542323616,0.9589512711864407,0.16666666666666666,0.3333333333333333,1.6439283986453765,2.2292452830188645,,,,
fade_credit_24h,credit_spread_proxy,24,p90,0.9,immediate,immigration_border,USO,13,0.8461538461538461,0.5384615384615384,0.301775147928994,3.9230769230769225,2.9615384615384612,0.011716919231370193,0.9333333333333333,0.3076923076923077,0.46153846153846156,1.0317460317460483,1.3818181818181854,,,,
fade_credit_24h,credit_spread_proxy,24,p90,0.9,immediate,domestic_politics_attacks,GLD,6,0.6666666666666666,0.21165151810698607,-0.08329564781049183,-0.499773886862951,0.7501130565685246,0.005614120736793293,0.9423182066703116,0.3333333333333333,0.6666666666666666,0.7166281939027241,0.4503986209868728,,,,
fade_credit_24h,credit_spread_proxy,24,p90,0.9,immediate,domestic_politics_attacks,QQQ,6,0.5,-0.23076923076923078,-0.23076923076923084,-1.384615384615385,0.5384615384615384,0.00683767095099197,0.9307692307692308,0.0,0.16666666666666666,1.4730039608088696,0.7987127296732303,,,,
fade_credit_24h,credit_spread_proxy,24,p90,0.9,immediate,domestic_politics_attacks,SLV,8,0.75,0.5384615384615384,0.15384615384615383,1.2307692307692306,1.6153846153846152,0.013168947072152215,0.9527295285359803,0.5,0.5,1.1047803617570917,2.1336917562723894,,,,
fade_credit_24h,credit_spread_proxy,24,p90,0.9,immediate,domestic_politics_attacks,SPY,6,0.5,-0.07595536734605948,-0.18001365021231286,-1.0800819012738772,0.5526058720825767,0.00455415316052904,0.9384615384615385,0.16666666666666666,0.16666666666666666,1.6657498397778299,0.8233995584988969,,,,
fade_credit_24h,credit_spread_proxy,24,p90,0.9,immediate,domestic_politics_attacks,UNG,13,0.6923076923076923,0.5384615384615384,0.07314981562473365,0.9509476031215375,1.254020250148906,0.015978695073235683,0.9538461538461539,0.3076923076923077,0.46153846153846156,1.3043478260869672,1.7499999999999982,,,,
fade_credit_24h,credit_spread_proxy,24,p90,0.9,immediate,domestic_politics_attacks,USO,8,0.375,-0.5932484781405689,-0.32138904261206536,-2.571112340896523,0.385855915399867,0.009195516120761416,0.9514993481095176,0.25,0.5,2.05704008221998,1.0542372881355924,,,,
fade_credit_24h,credit_spread_proxy,24,p90,0.9,immediate,other,GLD,135,0.7111111111111111,0.5384615384615384,0.11410088956625669,15.403620091444653,1.4513659456875614,0.006470630526997034,0.953125,0.32592592592592595,0.5111111111111111,0.9636363636362941,1.2000000000000206,,,,
fade_credit_24h,credit_spread_proxy,24,p90,0.9,immediate,other,QQQ,147,0.673469387755102,0.5384615384615384,0.05734202968896704,8.429278364278154,1.1969227865140495,0.006963649085396373,0.9538461538461539,0.2585034013605442,0.4557823129251701,1.104868913857712,1.1572327044025148,,,,
fade_credit_24h,credit_spread_proxy,24,p90,0.9,immediate,other,SLV,130,0.5923076923076923,0.5384615384615384,-0.05164543185246102,-6.713906140819932,0.854776054260782,0.013237741185197494,0.951216287678477,0.26153846153846155,0.38461538461538464,1.4229249011857616,0.9257105943152479,,,,
fade_credit_24h,credit_spread_proxy,24,p90,0.9,immediate,other,SPY,160,0.6625,0.5384615384615384,0.0545575802524668,8.729212840394688,1.1841008368198231,0.005449814496596428,0.9538461538461539,0.28125,0.41875,1.1589536516853287,1.1279478092783448,,,,
fade_credit_24h,credit_spread_proxy,24,p90,0.9,immediate,other,UNG,166,0.6566265060240963,0.5384615384615384,0.026631184710567503,4.420776661954205,1.0850483095494992,0.0163837417419615,0.9523689516129032,0.2891566265060241,0.46987951807228917,1.0701970443349715,1.2163742690058497,,,,
fade_credit_24h,credit_spread_proxy,24,p90,0.9,immediate,other,USO,153,0.6993464052287581,0.5384615384615384,0.07405847151628653,11.33094614199184,1.2573285620656232,0.01160365058670143,0.953125,0.3202614379084967,0.5163398692810458,0.9661016949152491,1.3421052631579242,,,,
fade_credit_24h,credit_spread_proxy,24,p90,0.9,delayed,tariffs_trade,GLD,19,0.7894736842105263,0.5384615384615384,0.23811968196946706,4.524273957419874,2.598178846024059,0.011721869111118055,0.9833333333333333,0.42105263157894735,0.6842105263157895,0.5510204081632539,0.3499999999999943,,,,
fade_credit_24h,credit_spread_proxy,24,p90,0.9,delayed,tariffs_trade,QQQ,22,0.9545454545454546,0.5384615384615384,0.44019768937801734,9.684349166316382,10.684349166316382,0.00823570080424052,1.0,0.5,0.9545454545454546,0.501506857046097,1.1790442418101987,,,,
fade_credit_24h,credit_spread_proxy,24,p90,0.9,delayed,tariffs_trade,SLV,25,0.76,0.5384615384615384,0.1319838661116251,3.2995966527906275,1.5895221768402097,0.014423076923076872,0.9830508474576272,0.44,0.6,0.7122302158273393,0.7297297297297363,,,,
fade_credit_24h,credit_spread_proxy,24,p90,0.9,delayed,tariffs_trade,SPY,20,1.0,0.5384615384615384,0.5286227582973775,10.572455165947549,inf,0.007765026206366987,1.0,0.7,0.95,0.32904153406244796,1.3863319386331874,,,,
fade_credit_24h,credit_spread_proxy,24,p90,0.9,delayed,tariffs_trade,UNG,27,0.7407407407407407,0.5384615384615384,0.20974737998817403,5.663179259680699,2.161951914554237,0.02300000000000002,1.0,0.2222222222222222,0.48148148148148145,1.0909090909090895,1.2500000000000044,,,,
fade_credit_24h,credit_spread_proxy,24,p90,0.9,delayed,tariffs_trade,USO,17,0.7647058823529411,0.5384615384615384,0.21219712825245918,3.607351180291806,2.2377255153272597,0.014097142124823714,0.9649122807017544,0.47058823529411764,0.7647058823529411,0.5181818181818276,1.2453987730061349,,,,
fade_credit_24h,credit_spread_proxy,24,p90,0.9,delayed,war_geopolitics,GLD,68,0.7647058823529411,0.5384615384615384,0.21345212187514212,14.514744287509664,2.21288355246422,0.013279257486919271,0.9830508474576272,0.4411764705882353,0.6617647058823529,0.5988097684865726,0.34978522336769896,,,,
fade_credit_24h,credit_spread_proxy,24,p90,0.9,delayed,war_geopolitics,QQQ,76,0.9342105263157895,0.5384615384615384,0.39611117572601134,30.10444935517686,8.891519263615933,0.008865450864503965,1.0,0.5657894736842105,0.7763157894736842,0.4187327823691415,0.9063829787233936,,,,
fade_credit_24h,credit_spread_proxy,24,p90,0.9,delayed,war_geopolitics,SLV,69,0.8115942028985508,0.5384615384615384,0.28329410050555015,19.54729293488296,2.9178476087055167,0.017108352901710755,0.9830508474576272,0.5652173913043478,0.7246376811594203,0.47552447552448274,1.0952380952380996,,,,
fade_credit_24h,credit_spread_proxy,24,p90,0.9,delayed,war_geopolitics,SPY,71,0.7605633802816901,0.5384615384615384,0.27939798931752796,19.837257241544485,3.152770426599036,0.0059827527183216045,1.0,0.5492957746478874,0.6619718309859155,0.44105691056912416,0.9900000000000091,,,,
fade_credit_24h,credit_spread_proxy,24,p90,0.9,delayed,war_geopolitics,UNG,84,0.5,0.0020242914979798216,-0.14742299815633542,-12.383531845132175,0.6259545517458586,0.017858462397403352,1.0,0.27380952380952384,0.4166666666666667,1.3093582887700563,0.8897435897435981,,,,
fade_credit_24h,credit_spread_proxy,24,p90,0.9,delayed,war_geopolitics,USO,60,0.8,0.5384615384615384,0.3157672096783397,18.946032580700383,4.459554254438053,0.02463799438080838,1.0,0.5833333333333334,0.7833333333333333,0.44230769230768363,0.7929515418502194,,,,
fade_credit_24h,credit_spread_proxy,24,p90,0.9,delayed,oil_gas_energy,GLD,3,0.3333333333333333,-1.0,-0.4871794871794872,-1.4615384615384617,0.2692307692307692,0.006273181006456241,0.9491525423728814,0.0,0.3333333333333333,2.028735632183882,0.07956318252730007,,,,
fade_credit_24h,credit_spread_proxy,24,p90,0.9,delayed,oil_gas_energy,QQQ,5,1.0,0.5384615384615384,0.4493484657419116,2.246742328709558,inf,0.007267441860465018,1.0,0.6,1.0,0.13075506445670615,0.8917647058823444,,,,
fade_credit_24h,credit_spread_proxy,24,p90,0.9,delayed,oil_gas_energy,SLV,4,0.75,0.5384615384615384,0.15384615384615383,0.6153846153846153,1.6153846153846154,0.011120325633641237,0.9661016949152543,0.75,0.75,0.3929346515553389,1.6724137931034513,,,,
fade_credit_24h,credit_spread_proxy,24,p90,0.9,delayed,oil_gas_energy,SPY,5,1.0,0.5384615384615384,0.5334798534798513,2.667399267399256,inf,0.003948652274667674,0.9830508474576272,0.6,1.0,0.3359073359073335,1.0617760617760488,,,,
fade_credit_24h,credit_spread_proxy,24,p90,0.9,delayed,oil_gas_energy,UNG,4,0.5,-0.23076923076923078,-0.2307692307692308,-0.9230769230769232,0.5384615384615384,0.012331449706823594,0.9444444444444444,0.25,0.25,1.9732142857142785,1.1333333333333395,,,,
fade_credit_24h,credit_spread_proxy,24,p90,0.9,delayed,oil_gas_energy,USO,5,1.0,0.5384615384615384,0.5299145299145315,2.6495726495726575,inf,0.02463799438080838,1.0,0.8,1.0,0.0770925110132145,1.4444444444444489,,,,
fade_credit_24h,credit_spread_proxy,24,p90,0.9,delayed,fed_inflation_rates,GLD,10,0.8,0.5384615384615384,0.34136834789387854,3.4136834789387853,7.430363636529517,0.006786966451156395,0.9833333333333333,0.4,0.5,0.8622786735854273,0.28382021306929217,,,,
fade_credit_24h,credit_spread_proxy,24,p90,0.9,delayed,fed_inflation_rates,QQQ,4,1.0,0.5384615384615384,0.4144865286997302,1.6579461147989207,inf,0.007358211583446683,1.0,0.75,0.75,0.0878721887868381,1.803886204019174,,,,
fade_credit_24h,credit_spread_proxy,24,p90,0.9,delayed,fed_inflation_rates,SLV,10,0.8,0.5384615384615384,0.3120879120879118,3.1208791208791182,3.6296296296296213,0.02035928143712573,0.9838709677419355,0.6,0.6,0.40350367789391817,0.2058823529411774,,,,
fade_credit_24h,credit_spread_proxy,24,p90,0.9,delayed,fed_inflation_rates,SPY,11,0.7272727272727273,0.5384615384615384,0.2065576202663066,2.272133822929373,2.1162213416795987,0.0033630798731471012,0.9838709677419355,0.6363636363636364,0.6363636363636364,0.3550000000000182,1.5959302325581697,,,,
fade_credit_24h,credit_spread_proxy,24,p90,0.9,delayed,fed_inflation_rates,UNG,11,0.6363636363636364,0.4182692307692266,0.03925438634580977,0.43179824980390746,1.146884450918773,0.02160664819944591,1.0,0.0,0.5454545454545454,0.9999999999999988,1.071428571428557,,,,
fade_credit_24h,credit_spread_proxy,24,p90,0.9,delayed,fed_inflation_rates,USO,4,0.75,0.5384615384615384,0.15384615384615385,0.6153846153846154,1.6153846153846154,0.018136955434201907,0.9830508474576272,0.25,0.25,1.4117647058823608,0.29855590885002736,,,,
fade_credit_24h,credit_spread_proxy,24,p90,0.9,delayed,immigration_border,GLD,27,0.5925925925925926,0.5384615384615384,0.06310647304510925,1.7038747722179495,1.2505101489108297,0.01453595471748681,0.9830508474576272,0.37037037037037035,0.5555555555555556,0.6767485822306182,0.30526315789473213,,,,
fade_credit_24h,credit_spread_proxy,24,p90,0.9,delayed,immigration_border,QQQ,25,0.92,0.5384615384615384,0.33462299560547876,8.365574890136969,5.182787445068485,0.006629047279899103,1.0,0.48,0.8,0.6084656084656008,1.0222222222222146,,,,
fade_credit_24h,credit_spread_proxy,24,p90,0.9,delayed,immigration_border,SLV,24,0.75,0.5384615384615384,0.148074349623493,3.553784390963832,1.6599885297504298,0.017876056123216022,0.9830508474576272,0.375,0.625,0.9628146453089277,0.6176470588235322,,,,
fade_credit_24h,credit_spread_proxy,24,p90,0.9,delayed,immigration_border,SPY,23,0.8695652173913043,0.5384615384615384,0.3417984710647065,7.86136483448825,4.0959724138221905,0.0059827527183216045,1.0,0.4782608695652174,0.7391304347826086,0.5313351498637311,0.8369304556355021,,,,
fade_credit_24h,credit_spread_proxy,24,p90,0.9,delayed,immigration_border,UNG,32,0.625,0.46341463414634304,0.07529395314494212,2.409406500638148,1.3187820198162812,0.030532767943799943,1.0,0.28125,0.5625,0.8716216216216214,0.5837049742710128,,,,
fade_credit_24h,credit_spread_proxy,24,p90,0.9,delayed,immigration_border,USO,19,0.7894736842105263,0.5384615384615384,0.28648444583954913,5.443204470951433,3.5251811225195526,0.014319151865620272,0.9649122807017544,0.5789473684210527,0.7368421052631579,0.4705882352941141,1.0714285714285832,,,,
fade_credit_24h,credit_spread_proxy,24,p90,0.9,delayed,domestic_politics_attacks,GLD,60,0.7166666666666667,0.5384615384615384,0.16649214437626456,9.989528662575873,1.924918322854438,0.01346648509608106,0.9833333333333333,0.31666666666666665,0.65,0.5749408633944442,0.37987781596028103,,,,
fade_credit_24h,credit_spread_proxy,24,p90,0.9,delayed,domestic_politics_attacks,QQQ,67,0.8656716417910447,0.5384615384615384,0.3287306690106292,22.024954823712157,3.931432676847562,0.009316126150557547,1.0,0.47761194029850745,0.6417910447761194,0.5370018975331833,0.7071005917159733,,,,
fade_credit_24h,credit_spread_proxy,24,p90,0.9,delayed,domestic_politics_attacks,SLV,62,0.8225806451612904,0.5384615384615384,0.2787180518485047,17.28051921460729,3.159570494661397,0.017108352901710755,0.9830508474576272,0.3225806451612903,0.6612903225806451,0.7720469255663507,0.6209831254585472,,,,
fade_credit_24h,credit_spread_proxy,24,p90,0.9,delayed,domestic_politics_attacks,SPY,66,0.8636363636363636,0.5384615384615384,0.3449924702073464,22.769503033684863,4.373751003277845,0.0072428291671465805,1.0,0.45454545454545453,0.7878787878787878,0.6054219707685244,0.7142675982882261,,,,
fade_credit_24h,credit_spread_proxy,24,p90,0.9,delayed,domestic_politics_attacks,UNG,81,0.5802469135802469,0.38130686517783335,-0.04619999966321872,-3.7421999727207163,0.8558325938512973,0.01866666666666661,1.0,0.25925925925925924,0.5679012345679012,0.8490566037735817,0.7352941176470591,,,,
fade_credit_24h,credit_spread_proxy,24,p90,0.9,delayed,domestic_politics_attacks,USO,43,0.6976744186046512,0.5384615384615384,0.17980115244947106,7.731449555327256,1.927374080031306,0.014733969986357454,0.9649122807017544,0.4883720930232558,0.627906976744186,0.5185185185185228,0.5775401069518693,,,,
fade_credit_24h,credit_spread_proxy,24,p90,0.9,delayed,other,GLD,591,0.700507614213198,0.5384615384615384,0.12254927229658968,72.4266199272845,1.5552768596348703,0.011721869111118055,0.9830508474576272,0.3333333333333333,0.5888324873096447,0.7299270072992828,0.3250000000000011,,,,
fade_credit_24h,credit_spread_proxy,24,p90,0.9,delayed,other,QQQ,648,0.9027777777777778,0.5384615384615384,0.36669782012742563,237.62018744257182,5.177373721560415,0.006709833330450277,1.0,0.47530864197530864,0.7129629629629629,0.6084656084656008,0.8958547116110593,,,,
fade_credit_24h,credit_spread_proxy,24,p90,0.9,delayed,other,SLV,621,0.7697262479871175,0.5384615384615384,0.21166546238080086,131.44425213847734,2.250209194345281,0.015625,0.9830508474576272,0.3752012882447665,0.6280193236714976,0.7380073800737986,0.6199999999999903,,,,
fade_credit_24h,credit_spread_proxy,24,p90,0.9,delayed,other,SPY,611,0.8625204582651391,0.5384615384615384,0.35820924515604097,218.86584879034103,4.62668671265429,0.0059827527183216045,1.0,0.4877250409165303,0.7152209492635024,0.5096525096524788,0.9414316702819752,,,,
fade_credit_24h,credit_spread_proxy,24,p90,0.9,delayed,other,UNG,805,0.6795031055900621,0.5384615384615384,0.09810192561415187,78.97205011939226,1.4095409727580257,0.02376811594202899,1.0,0.3142857142857143,0.5577639751552795,0.8490566037735817,0.8888888888888882,,,,
fade_credit_24h,credit_spread_proxy,24,p90,0.9,delayed,other,USO,435,0.7586206896551724,0.5384615384615384,0.2206704175166304,95.99163161973424,2.301721820859386,0.015108451757666508,0.9672131147540983,0.5103448275862069,0.6827586206896552,0.48198198198197917,0.7929515418502194,,,,
fade_credit_72h,credit_spread_proxy,72,all,0.0,immediate,tariffs_trade,GLD,95,0.5789473684210527,0.5384615384615384,-0.09641655358343859,-9.159572590426666,0.7567425906613563,0.0014781774331578124,0.5692307692307692,,,,,0.1368421052631579,0.2,5.074074074074091,6.487804878048446
fade_credit_72h,credit_spread_proxy,72,all,0.0,immediate,tariffs_trade,QQQ,95,0.5052631578947369,0.22507122507116506,-0.21630095090568258,-20.548590336039844,0.5540801514959163,0.0020180194871376456,0.6307692307692307,,,,,0.1368421052631579,0.18947368421052632,6.642857142855142,4.2703081232492925
fade_credit_72h,credit_spread_proxy,72,all,0.0,immediate,tariffs_trade,SLV,93,0.6129032258064516,0.5384615384615384,-0.04489477070122416,-4.175213675213847,0.8781643596458364,0.0024227740763174133,0.4838709677419355,,,,,0.13978494623655913,0.23655913978494625,5.523809523809298,6.44444444444426
fade_credit_72h,credit_spread_proxy,72,all,0.0,immediate,tariffs_trade,SPY,95,0.5157894736842106,0.5384615384615384,-0.19887909597622003,-18.893514117740903,0.5784107438774662,0.0016038874420376548,0.6721311475409836,,,,,0.15789473684210525,0.24210526315789474,5.406976744186032,4.095238095239126
fade_credit_72h,credit_spread_proxy,72,all,0.0,immediate,tariffs_trade,UNG,91,0.5824175824175825,0.5384615384615384,-0.08094255625241276,-7.365772618969561,0.7946581953112194,0.004773269689737347,0.5901639344262295,,,,,0.13186813186813187,0.2087912087912088,4.666666666666673,5.647058823529419
fade_credit_72h,credit_spread_proxy,72,all,0.0,immediate,tariffs_trade,USO,90,0.5666666666666667,0.5384615384615384,-0.13529033123716072,-12.176129811344465,0.6789515088209197,0.0031529816916597286,0.6229508196721312,,,,,0.1,0.2,4.729166666666542,6.533251231527037
fade_credit_72h,credit_spread_proxy,72,all,0.0,immediate,war_geopolitics,GLD,152,0.5394736842105263,0.5384615384615384,-0.16014619395569096,-24.342221481265025,0.6378887738211878,0.001364467701693295,0.49230769230769234,,,,,0.09210526315789473,0.17763157894736842,6.656666666666588,7.2471014492753625
fade_credit_72h,credit_spread_proxy,72,all,0.0,immediate,war_geopolitics,QQQ,153,0.5424836601307189,0.5384615384615384,-0.15639498970092555,-23.92843342424161,0.6448647831002976,0.0015692497575596764,0.5538461538461539,,,,,0.0718954248366013,0.13725490196078433,6.627118644067875,5.515068493150718
fade_credit_72h,credit_spread_proxy,72,all,0.0,immediate,war_geopolitics,SLV,148,0.5540540540540541,0.5384615384615384,-0.12228688254328762,-18.098458616406568,0.7092724729919571,0.0029949425953523234,0.5668734491315137,,,,,0.10135135135135136,0.1891891891891892,5.617346938775604,6.276836158192291
fade_credit_72h,credit_spread_proxy,72,all,0.0,immediate,war_geopolitics,SPY,153,0.5228758169934641,0.5384615384615384,-0.18346639972249668,-28.070359157541994,0.601437062707798,0.0013456013383278398,0.5806451612903226,,,,,0.058823529411764705,0.12418300653594772,6.171428571428662,5.776315789473736
fade_credit_72h,credit_spread_proxy,72,all,0.0,immediate,war_geopolitics,UNG,144,0.6319444444444444,0.5384615384615384,-0.030514456716034994,-4.394081767109039,0.9150266435701919,0.004250127571564288,0.5397225725094578,,,,,0.125,0.19444444444444445,5.345238095238125,6.450000000000116
fade_credit_72h,credit_spread_proxy,72,all,0.0,immediate,war_geopolitics,USO,147,0.5714285714285714,0.5384615384615384,-0.12228072553112915,-17.975266653075984,0.7104800076032209,0.00347222222222221,0.6307692307692307,,,,,0.14965986394557823,0.21768707482993196,5.148648648648687,4.92647058823534
fade_credit_72h,credit_spread_proxy,72,all,0.0,immediate,oil_gas_energy,GLD,23,0.6086956521739131,0.5384615384615384,-0.06354515050167228,-1.4615384615384626,0.8376068376068375,0.0010498815831236907,0.38461538461538464,,,,,0.13043478260869565,0.17391304347826086,3.65217391304343,8.347826086956385
fade_credit_72h,credit_spread_proxy,72,all,0.0,immediate,oil_gas_energy,QQQ,23,0.5652173913043478,0.5384615384615384,-0.13043478260869568,-3.0000000000000004,0.7,0.0010894991508316743,0.43548387096774194,,,,,0.13043478260869565,0.17391304347826086,8.185258964143358,5.799999999998712
fade_credit_72h,credit_spread_proxy,72,all,0.0,immediate,oil_gas_energy,SLV,24,0.4166666666666667,-1.0,-0.3309294871794894,-7.942307692307745,0.4040404040404024,0.0015431483169972005,0.4587641866330391,,,,,0.16666666666666666,0.25,5.750000000000089,9.49999999999849
fade_credit_72h,credit_spread_proxy,72,all,0.0,immediate,oil_gas_energy,SPY,24,0.5,-0.23076923076923078,-0.2307692307692308,-5.538461538461539,0.5384615384615384,0.0013682420137902662,0.6299007444168734,,,,,0.08333333333333333,0.16666666666666666,6.938814134972202,6.086512168444096
fade_credit_72h,credit_spread_proxy,72,all,0.0,immediate,oil_gas_energy,UNG,23,0.6086956521739131,0.5384615384615384,-0.04682274247491327,-1.0769230769230052,0.8691588785046813,0.005123825789923098,0.7538461538461538,,,,,0.17391304347826086,0.21739130434782608,4.399999999999915,7.599999999999907
fade_credit_72h,credit_spread_proxy,72,all,0.0,immediate,oil_gas_energy,USO,24,0.7083333333333334,0.5384615384615384,0.12179487179486609,2.923076923076786,1.4691358024691035,0.003890474203133154,0.7,,,,,0.20833333333333334,0.3333333333333333,3.1712962962963873,5.870065789473786
fade_credit_72h,credit_spread_proxy,72,all,0.0,immediate,fed_inflation_rates,GLD,46,0.43478260869565216,-0.9662618083671402,-0.309036841412574,-14.215694704978404,0.42298140521289124,0.001696297825338866,0.5156368221941993,,,,,0.08695652173913043,0.10869565217391304,6.032077051926206,2.3982758620689593
fade_credit_72h,credit_spread_proxy,72,all,0.0,immediate,fed_inflation_rates,QQQ,46,0.5434782608695652,0.5384615384615384,-0.13857593240482413,-6.3744928906219105,0.6784427794566738,0.001322994577975023,0.5242503259452412,,,,,0.06521739130434782,0.15217391304347827,5.239583333332999,5.2736111111110615
fade_credit_72h,credit_spread_proxy,72,all,0.0,immediate,fed_inflation_rates,SLV,44,0.4318181818181818,-1.0,-0.3286713286713322,-14.461538461538616,0.4143302180685332,0.004016064257028051,0.5556116015132408,,,,,0.045454545454545456,0.11363636363636363,6.856209150326846,3.5904761904761964
fade_credit_72h,credit_spread_proxy,72,all,0.0,immediate,fed_inflation_rates,SPY,46,0.4782608695652174,-1.0,-0.2777850642300787,-12.77811295458362,0.4675786268923492,0.0011246996100329198,0.5752986940816893,,,,,0.13043478260869565,0.15217391304347827,4.821356275303547,4.572544858190049
fade_credit_72h,credit_spread_proxy,72,all,0.0,immediate,fed_inflation_rates,UNG,45,0.6666666666666666,0.5384615384615384,0.03388075257403825,1.5246338658317211,1.1070324331514012,0.005405405405405239,0.5409836065573771,,,,,0.06666666666666667,0.13333333333333333,3.520833333333329,5.250000000000133
fade_credit_72h,credit_spread_proxy,72,all,0.0,immediate,fed_inflation_rates,USO,43,0.4883720930232558,-1.0,-0.2486583184257603,-10.692307692307693,0.513986013986014,0.002192982456140413,0.47540983606557374,,,,,0.09302325581395349,0.13953488372093023,6.888888888888521,6.676470588235237
fade_credit_72h,credit_spread_proxy,72,all,0.0,immediate,immigration_border,GLD,83,0.4939759036144578,-0.3119923554705963,-0.2011855807006989,-16.698403198158008,0.5685265756574093,0.0016239158516331287,0.5833333333333334,,,,,0.07228915662650602,0.1686746987951807,4.741007194244439,4.1428571428575145
fade_credit_72h,credit_spread_proxy,72,all,0.0,immediate,immigration_border,QQQ,84,0.5238095238095238,0.5384615384615384,-0.16555338685872664,-13.906484496133038,0.6301348078833128,0.0014104259057358126,0.5353598014888337,,,,,0.08333333333333333,0.17857142857142858,4.22664215276613,5.6936652641420835
fade_credit_72h,credit_spread_proxy,72,all,0.0,immediate,immigration_border,SLV,82,0.6463414634146342,0.5384615384615384,-0.008755472170107107,-0.7179487179487828,0.9752431476569389,0.0021183060730423087,0.5125706214689265,,,,,0.14634146341463414,0.23170731707317074,4.000000000000107,7.958333333333112
fade_credit_72h,credit_spread_proxy,72,all,0.0,immediate,immigration_border,SPY,83,0.6024096385542169,0.5384615384615384,-0.0776879564957273,-6.448100389145365,0.8022124236135609,0.0012627591286962225,0.5483870967741935,,,,,0.1566265060240964,0.26506024096385544,3.1304347826085666,5.8512396694213455
fade_credit_72h,credit_spread_proxy,72,all,0.0,immediate,immigration_border,UNG,80,0.5125,0.5384615384615384,-0.19624125874125875,-15.6993006993007,0.5844131803035914,0.003626656848306431,0.5169491525423728,,,,,0.1125,0.175,7.333333333333265,6.450000000000244
fade_credit_72h,credit_spread_proxy,72,all,0.0,immediate,immigration_border,USO,81,0.5802469135802469,0.5384615384615384,-0.09656546120668909,-7.821802357741816,0.7560678194146762,0.0023041474654377225,0.5573770491803278,,,,,0.08641975308641975,0.20987654320987653,4.695652173912955,7.833333333333097
fade_credit_72h,credit_spread_proxy,72,all,0.0,immediate,domestic_politics_attacks,GLD,90,0.5333333333333333,0.5384615384615384,-0.17007101262931504,-15.306391136638354,0.6280572406144342,0.0008954536853697515,0.3885245901639344,,,,,0.06666666666666667,0.12222222222222222,7.340579710144036,10.335227272728044
fade_credit_72h,credit_spread_proxy,72,all,0.0,immediate,domestic_politics_attacks,QQQ,92,0.5,0.2058714232628342,-0.21065912530848815,-19.38063952838091,0.5603600474423811,0.001335916756015909,0.5322916666666666,,,,,0.09782608695652174,0.09782608695652174,6.644395604395728,6.45551414929531
fade_credit_72h,credit_spread_proxy,72,all,0.0,immediate,domestic_politics_attacks,SLV,90,0.5,0.25641025641023696,-0.18436116589962903,-16.592504930966612,0.59355281339685,0.0020186157348418554,0.4553760593220339,,,,,0.12222222222222222,0.2,6.608142493638533,6.731457800511416
fade_credit_72h,credit_spread_proxy,72,all,0.0,immediate,domestic_politics_attacks,SPY,90,0.5111111111111111,0.2000103304450763,-0.20848613184739162,-18.763751866265245,0.5621682671355538,0.0009518127816848798,0.48346762989719366,,,,,0.07777777777777778,0.1111111111111111,7.146051811121723,5.803556543484108
fade_credit_72h,credit_spread_proxy,72,all,0.0,immediate,domestic_politics_attacks,UNG,86,0.5697674418604651,0.5384615384615384,-0.1284687113807444,-11.048309178744018,0.7007056786494447,0.005049523147808821,0.5250069463739928,,,,,0.18604651162790697,0.22093023255813954,4.381818181818198,5.800699300699321
fade_credit_72h,credit_spread_proxy,72,all,0.0,immediate,domestic_politics_attacks,USO,88,0.5909090909090909,0.5384615384615384,-0.08587885793485199,-7.557339498266975,0.7818878678024782,0.002688529823094532,0.5889178617992177,,,,,0.07954545454545454,0.125,5.029304029304002,6.46634615384637
fade_credit_72h,credit_spread_proxy,72,all,0.0,immediate,other,GLD,1344,0.5461309523809523,0.5384615384615384,-0.15087137844092324,-202.77113262460085,0.65674822564084,0.0013020556895957935,0.5081967213114754,,,,,0.10863095238095238,0.15922619047619047,6.352275280898704,6.941346153846428
fade_credit_72h,credit_spread_proxy,72,all,0.0,immediate,other,QQQ,1346,0.5267459138187222,0.5384615384615384,-0.18104629807698894,-243.6883172116271,0.6070081562698832,0.0011917360155238588,0.5084745762711864,,,,,0.08023774145616643,0.13893016344725112,7.09410319410318,6.604952830187467
fade_credit_72h,credit_spread_proxy,72,all,0.0,immediate,other,SLV,1282,0.5585023400936038,0.5384615384615384,-0.13045631995685936,-167.2450021846937,0.6934446854944225,0.002164446634168038,0.515625,,,,,0.11076443057722309,0.18174726989079562,6.154761904761752,6.309523809524373
fade_credit_72h,credit_spread_proxy,72,all,0.0,immediate,other,SPY,1346,0.5401188707280832,0.5384615384615384,-0.1531138552446599,-206.0912491593122,0.6507971105720656,0.0009171842733730617,0.5083356487913309,,,,,0.09435364041604755,0.14041604754829123,6.8779898427259365,6.33333333333305
fade_credit_72h,credit_spread_proxy,72,all,0.0,immediate,other,UNG,1279,0.544175136825645,0.5384615384615384,-0.14947233930747095,-191.17512197425535,0.6588618327709083,0.004658385093167627,0.5901639344262295,,,,,0.11024237685691947,0.1704456606724003,5.374999999999992,5.666666666666785
fade_credit_72h,credit_spread_proxy,72,all,0.0,immediate,other,USO,1305,0.5701149425287356,0.5384615384615384,-0.11553396679619712,-150.77182666903724,0.7237394394597378,0.002379619260918231,0.532258064516129,,,,,0.11264367816091954,0.18160919540229886,5.62962962962955,5.849999999999925
fade_credit_72h,credit_spread_proxy,72,all,0.0,delayed,tariffs_trade,GLD,38,0.5263157894736842,0.16619729724252938,-0.15311637040551465,-5.818422075409557,0.6299181158261725,0.005540163146018906,0.923728813559322,,,,,0.15789473684210525,0.3684210526315789,2.0107843137254786,1.5875491314821661
fade_credit_72h,credit_spread_proxy,72,all,0.0,delayed,tariffs_trade,QQQ,38,0.631578947368421,0.5384615384615384,-0.0034702139965306503,-0.1318681318681647,0.9898989898989875,0.004044493318416942,0.926857887874837,,,,,0.15789473684210525,0.42105263157894735,1.397957099080673,2.3599999999999937
fade_credit_72h,credit_spread_proxy,72,all,0.0,delayed,tariffs_trade,SLV,38,0.5263157894736842,0.4555052790346855,-0.08447466278585787,-3.210037185862599,0.7676135099339446,0.009629936979488662,0.950382722799344,,,,,0.15789473684210525,0.34210526315789475,1.8413043478260391,1.4394736842105278
fade_credit_72h,credit_spread_proxy,72,all,0.0,delayed,tariffs_trade,SPY,38,0.631578947368421,0.5384615384615384,0.036118625327063246,1.3725077624284032,1.120110491945832,0.002903471100691335,0.9153846153846155,,,,,0.23684210526315788,0.2894736842105263,1.6750000000000387,3.156729131175468
fade_credit_72h,credit_spread_proxy,72,all,0.0,delayed,tariffs_trade,UNG,38,0.7368421052631579,0.5384615384615384,0.17160744683640866,6.521082979783529,1.7791762577558479,0.012648624490729843,0.9814814814814815,,,,,0.07894736842105263,0.23684210526315788,2.195652173913021,2.747826086956521
fade_credit_72h,credit_spread_proxy,72,all,0.0,delayed,tariffs_trade,USO,37,0.7297297297297297,0.5384615384615384,0.1064141064141079,3.9373219373219923,1.3937321937321991,0.008107352530053014,0.8852459016393442,,,,,0.13513513513513514,0.35135135135135137,1.4390243902439228,3.281818181818198
fade_credit_72h,credit_spread_proxy,72,all,0.0,delayed,war_geopolitics,GLD,105,0.6,0.4668327623793515,-0.05174269152587181,-5.43298261021654,0.8518526069070537,0.006273181006456241,0.9491525423728814,,,,,0.1619047619047619,0.34285714285714286,2.021235521235524,1.2254335260115505
fade_credit_72h,credit_spread_proxy,72,all,0.0,delayed,war_geopolitics,QQQ,105,0.6190476190476191,0.5384615384615384,-0.049031920177305705,-5.148351618617099,0.8702101420153827,0.006477518713750019,1.0,,,,,0.26666666666666666,0.3619047619047619,1.7460317460317947,1.771349862258973
fade_credit_72h,credit_spread_proxy,72,all,0.0,delayed,war_geopolitics,SLV,104,0.6346153846153846,0.5384615384615384,0.03407195683378227,3.543483510713356,1.1196569293490397,0.01185673733799314,0.9745762711864407,,,,,0.19230769230769232,0.3269230769230769,1.9999999999996447,2.3655913978494643
fade_credit_72h,credit_spread_proxy,72,all,0.0,delayed,war_geopolitics,SPY,105,0.5428571428571428,0.5384615384615384,-0.07429562514980535,-7.801040640729562,0.7973405541851954,0.004016803628512644,0.9830508474576272,,,,,0.2,0.3047619047619048,1.8458333333333774,2.1806930693069035
fade_credit_72h,credit_spread_proxy,72,all,0.0,delayed,war_geopolitics,UNG,104,0.6442307692307693,0.5384615384615384,-0.01252513422062055,-1.3026139589445371,0.9621592524794094,0.011361251291451824,0.9814814814814815,,,,,0.1346153846153846,0.18269230769230768,3.145445134575562,2.051724137931033
fade_credit_72h,credit_spread_proxy,72,all,0.0,delayed,war_geopolitics,USO,105,0.6190476190476191,0.5384615384615384,-0.017767888363137387,-1.8656282781294258,0.9469097462222065,0.011256507668496063,0.9473684210526315,,,,,0.20952380952380953,0.34285714285714286,2.5714285714286023,2.4999999999999916
fade_credit_72h,credit_spread_proxy,72,all,0.0,delayed,oil_gas_energy,GLD,7,0.7142857142857143,0.3439434129089573,0.16558716246070362,1.1591101372249253,2.311416418054745,0.004746504106656557,0.8983050847457628,,,,,0.0,0.2857142857142857,2.9252873563218094,4.039215686274586
fade_credit_72h,credit_spread_proxy,72,all,0.0,delayed,oil_gas_energy,QQQ,7,0.2857142857142857,-1.0,-0.5304029304029328,-3.71282051282053,0.22483940042826472,0.007267441860465018,1.0,,,,,0.14285714285714285,0.14285714285714285,3.8163265306124785,2.3599999999999937
fade_credit_72h,credit_spread_proxy,72,all,0.0,delayed,oil_gas_energy,SLV,7,0.42857142857142855,-0.045092838196304066,-0.06782872300114186,-0.474801061007993,0.7728426395938954,0.00881325026591706,0.9491525423728814,,,,,0.14285714285714285,0.14285714285714285,3.8333333333331954,3.7619047619048698
fade_credit_72h,credit_spread_proxy,72,all,0.0,delayed,oil_gas_energy,SPY,7,0.2857142857142857,-1.0,-0.4225013082155957,-2.9575091575091697,0.2669329943708,0.003948652274667674,0.9830508474576272,,,,,0.14285714285714285,0.14285714285714285,2.7692307692308615,2.7335907335907157
fade_credit_72h,credit_spread_proxy,72,all,0.0,delayed,oil_gas_energy,UNG,7,0.7142857142857143,0.5384615384615384,0.09890109890109888,0.6923076923076922,1.346153846153846,0.00742804085422466,0.9074074074074074,,,,,0.14285714285714285,0.14285714285714285,11.866666666666786,5.374999999999992
fade_credit_72h,credit_spread_proxy,72,all,0.0,delayed,oil_gas_energy,USO,7,0.42857142857142855,-1.0,-0.39216054600669686,-2.745123822046878,0.3137190444882805,0.014733969986357454,0.9649122807017544,,,,,0.14285714285714285,0.14285714285714285,5.195906432748509,2.2500000000000253
fade_credit_72h,credit_spread_proxy,72,all,0.0,delayed,fed_inflation_rates,GLD,12,0.5,-0.13423230156297794,-0.21467974256818864,-2.5761569108182636,0.5563647878404054,0.006786966451156395,0.9831920903954803,,,,,0.25,0.4166666666666667,1.5104883902357673,0.947867298578193
fade_credit_72h,credit_spread_proxy,72,all,0.0,delayed,fed_inflation_rates,QQQ,12,0.8333333333333334,0.5384615384615384,0.282051282051282,3.384615384615384,2.692307692307692,0.0031193284936480437,0.8709677419354839,,,,,0.16666666666666666,0.3333333333333333,1.3696969696968886,3.6484848484847054
fade_credit_72h,credit_spread_proxy,72,all,0.0,delayed,fed_inflation_rates,SLV,12,0.5833333333333334,0.41997812613926244,-0.12231133795114857,-1.4677360554137828,0.7064527889172434,0.02035928143712573,0.9838709677419355,,,,,0.3333333333333333,0.4166666666666667,1.803547572699062,0.36007983384176334
fade_credit_72h,credit_spread_proxy,72,all,0.0,delayed,fed_inflation_rates,SPY,12,0.8333333333333334,0.5384615384615384,0.282051282051282,3.384615384615384,2.692307692307692,0.0031856187944933056,0.9673453199365415,,,,,0.5,0.5833333333333334,0.5540710539025808,1.5959302325581697
fade_credit_72h,credit_spread_proxy,72,all,0.0,delayed,fed_inflation_rates,UNG,12,0.75,0.5384615384615384,0.18002409297052127,2.1602891156462554,1.8419972465837238,0.02160664819944591,1.0,,,,,0.0,0.3333333333333333,2.1468449448744966,2.110547667342799
fade_credit_72h,credit_spread_proxy,72,all,0.0,delayed,fed_inflation_rates,USO,12,0.75,0.5384615384615384,0.15384615384615383,1.8461538461538458,1.6153846153846152,0.007760397720383283,0.8363636363636363,,,,,0.25,0.4166666666666667,1.4117647058823608,1.9218750000000044
fade_credit_72h,credit_spread_proxy,72,all,0.0,delayed,immigration_border,GLD,43,0.5581395348837209,0.24875124875124102,-0.12333296866940396,-5.30331765278437,0.6857572378698682,0.006812164211716931,0.9661016949152542,,,,,0.11627906976744186,0.27906976744186046,1.8156028368794752,0.9068322981366461
fade_credit_72h,credit_spread_proxy,72,all,0.0,delayed,immigration_border,QQQ,43,0.7674418604651163,0.5384615384615384,0.1884280348437621,8.10240549828177,1.83816612705635,0.003934529430280165,0.9384615384615385,,,,,0.18604651162790697,0.3023255813953488,1.436363636363659,2.4937500000001473
fade_credit_72h,credit_spread_proxy,72,all,0.0,delayed,immigration_border,SLV,43,0.5348837209302325,0.30149471381698645,-0.16476496560001322,-7.084893520800568,0.6069786631345105,0.00916590284142993,0.9491525423728814,,,,,0.06976744186046512,0.23255813953488372,2.4411764705882315,1.2337662337662438
fade_credit_72h,credit_spread_proxy,72,all,0.0,delayed,immigration_border,SPY,43,0.6976744186046512,0.5384615384615384,0.10906192326619818,4.6896627004465214,1.4135265318401036,0.00300815771583951,0.9508196721311475,,,,,0.16279069767441862,0.2558139534883721,1.7857142857142987,2.1806930693069035
fade_credit_72h,credit_spread_proxy,72,all,0.0,delayed,immigration_border,UNG,42,0.6428571428571429,0.5306122448979593,0.0006889599098303059,0.028936316212872848,1.0021464615800262,0.021181834478233297,1.0,,,,,0.19047619047619047,0.30952380952380953,1.8465965965965985,1.5510204081632641
fade_credit_72h,credit_spread_proxy,72,all,0.0,delayed,immigration_border,USO,43,0.6046511627906976,0.5384615384615384,-0.062437023186259925,-2.6847919970091767,0.8355338543826033,0.007642393655371338,0.8363636363636363,,,,,0.20930232558139536,0.37209302325581395,2.263157894736783,2.1794871794871753
fade_credit_72h,credit_spread_proxy,72,all,0.0,delayed,domestic_politics_attacks,GLD,109,0.5779816513761468,0.5384615384615384,-0.07356675198805568,-8.018775966698069,0.7965544835644428,0.005417031785230675,0.9491525423728814,,,,,0.06422018348623854,0.29357798165137616,1.6996015936254951,1.695187165775375
fade_credit_72h,credit_spread_proxy,72,all,0.0,delayed,domestic_politics_attacks,QQQ,109,0.6788990825688074,0.5384615384615384,0.04564534391715834,4.975342486970259,1.1460575149163863,0.004886117342864704,0.9836065573770492,,,,,0.1834862385321101,0.30275229357798167,1.6926315789473607,2.4086021505374795
fade_credit_72h,credit_spread_proxy,72,all,0.0,delayed,domestic_politics_attacks,SLV,109,0.45871559633027525,-0.10344827586207131,-0.26318179020029653,-28.68681513183232,0.46669069501382665,0.00881325026591706,0.9491525423728814,,,,,0.08256880733944955,0.22018348623853212,2.8776978417266177,1.3478260869565137
fade_credit_72h,credit_spread_proxy,72,all,0.0,delayed,domestic_politics_attacks,SPY,108,0.6481481481481481,0.5384615384615384,0.05803262206867232,6.2675231834166105,1.2042798634063754,0.0036215283643512564,0.9830508474576272,,,,,0.17592592592592593,0.2962962962962963,1.9708029197080144,2.7226277372262815
fade_credit_72h,credit_spread_proxy,72,all,0.0,delayed,domestic_politics_attacks,UNG,108,0.6481481481481481,0.5384615384615384,0.0008554206144390642,0.09238542635941893,1.0025656486776076,0.014790398918187897,0.9814814814814815,,,,,0.19444444444444445,0.3055555555555556,2.5862068965517158,2.7874837027379353
fade_credit_72h,credit_spread_proxy,72,all,0.0,delayed,domestic_politics_attacks,USO,109,0.7064220183486238,0.5384615384615384,0.07560210387226889,8.240629322077309,1.2595997928602698,0.007642393655371338,0.847457627118644,,,,,0.21100917431192662,0.3486238532110092,2.1874999999999973,2.450980392156838
fade_credit_72h,credit_spread_proxy,72,all,0.0,delayed,other,GLD,1065,0.5671361502347417,0.5384615384615384,-0.0784630009504734,-83.56309601225416,0.78949704861867,0.005729064361945868,0.9491525423728814,,,,,0.11643192488262911,0.27323943661971833,1.9572649572649714,1.557046979865777
fade_credit_72h,credit_spread_proxy,72,all,0.0,delayed,other,QQQ,1065,0.7014084507042253,0.5384615384615384,0.08504430605094597,90.57218594425746,1.2956762449393335,0.004685754306391732,0.9838709677419355,,,,,0.2140845070422535,0.3502347417840376,1.5733333333333424,2.8662337662337833
fade_credit_72h,credit_spread_proxy,72,all,0.0,delayed,other,SLV,1059,0.5533522190745986,0.3086913086913035,-0.1116986134953228,-118.28883169154685,0.7125272956938622,0.00999432140829093,0.9491525423728814,,,,,0.13220018885741266,0.26534466477809254,2.2857142857143726,1.5789473684210567
fade_credit_72h,credit_spread_proxy,72,all,0.0,delayed,other,SPY,1062,0.6468926553672316,0.5384615384615384,0.04718748406567023,50.113108077741785,1.1593200575215354,0.003322016039337239,0.9661016949152542,,,,,0.2071563088512241,0.2900188323917137,1.7857142857142987,2.8483870967741494
fade_credit_72h,credit_spread_proxy,72,all,0.0,delayed,other,UNG,1050,0.6419047619047619,0.5384615384615384,-0.0014284442868068936,-1.4998665011472383,0.9956533364437101,0.014233241505968719,0.9814814814814815,,,,,0.16666666666666666,0.2819047619047619,2.3333333333333464,2.292364532019707
fade_credit_72h,credit_spread_proxy,72,all,0.0,delayed,other,USO,1063,0.6274694261523989,0.5384615384615384,-0.030861191410407034,-32.80544646926268,0.9136694588508919,0.006882312456985562,0.8181818181818182,,,,,0.17591721542803387,0.30103480714957664,2.215686274509773,2.4999999999999916
fade_credit_72h,credit_spread_proxy,72,p80,0.8,immediate,tariffs_trade,GLD,27,0.6296296296296297,0.5384615384615384,-0.02916261921542944,-0.7873907188165948,0.9166970123593913,0.0058014611087237045,0.9193548387096774,,,,,0.2222222222222222,0.37037037037037035,2.407098121085579,1.7276595744681111
fade_credit_72h,credit_spread_proxy,72,p80,0.8,immediate,tariffs_trade,QQQ,33,0.5454545454545454,0.5384615384615384,-0.15639443550129511,-5.161016371542739,0.6450453997853024,0.005431146444173307,0.9180327868852459,,,,,0.2727272727272727,0.36363636363636365,2.6481481481484446,2.703703703703743
fade_credit_72h,credit_spread_proxy,72,p80,0.8,immediate,tariffs_trade,SLV,20,0.6,0.5384615384615384,-0.07692307692307696,-1.5384615384615392,0.8076923076923076,0.007728197020740013,0.9038461538461539,,,,,0.35,0.45,1.2628458498023467,2.740112994350292
fade_credit_72h,credit_spread_proxy,72,p80,0.8,immediate,tariffs_trade,SPY,31,0.5483870967741935,0.5384615384615384,-0.1712678471671873,-5.309303262182806,0.620764052701228,0.005059678256356892,0.9344262295081968,,,,,0.22580645161290322,0.41935483870967744,1.8857938718662735,1.9184549356222955
fade_credit_72h,credit_spread_proxy,72,p80,0.8,immediate,tariffs_trade,UNG,22,0.8181818181818182,0.5384615384615384,0.2766460592547548,6.086213303604605,2.7035573122529595,0.014079014715776939,0.9016129032258065,,,,,0.3181818181818182,0.5,1.0882352941176456,2.3283828382838356
fade_credit_72h,credit_spread_proxy,72,p80,0.8,immediate,tariffs_trade,USO,27,0.6296296296296297,0.5384615384615384,-0.0014759894277969364,-0.03985171455051728,0.9956653225806443,0.007551919446192712,0.8688524590163934,,,,,0.25925925925925924,0.37037037037037035,2.326530612244923,2.0416666666666683
fade_credit_72h,credit_spread_proxy,72,p80,0.8,immediate,war_geopolitics,GLD,37,0.6486486486486487,0.5384615384615384,-0.008508790982931504,-0.31482526636846564,0.9738277850797912,0.004817014675565945,0.9322033898305084,,,,,0.16216216216216217,0.2972972972972973,2.958637469586412,2.640000000000043
fade_credit_72h,credit_spread_proxy,72,p80,0.8,immediate,war_geopolitics,QQQ,43,0.6511627906976745,0.5384615384615384,0.016872545125708953,0.725519440405485,1.0541157673470563,0.004628181875039106,0.8983050847457628,,,,,0.13953488372093023,0.2558139534883721,2.183908045976974,2.5123456790122995
fade_credit_72h,credit_spread_proxy,72,p80,0.8,immediate,war_geopolitics,SLV,35,0.6285714285714286,0.5384615384615384,-0.0024524383498737263,-0.08583534224558043,0.9928062839405659,0.010200927357032374,0.9076923076923077,,,,,0.14285714285714285,0.2571428571428571,3.4062499999999676,2.827586206896561
fade_credit_72h,credit_spread_proxy,72,p80,0.8,immediate,war_geopolitics,SPY,44,0.6818181818181818,0.5384615384615384,0.07510930757763899,3.304809533416116,1.2724340055341272,0.003605986991941368,0.8923076923076924,,,,,0.11363636363636363,0.25,2.4560185185184387,2.238411055137046
fade_credit_72h,credit_spread_proxy,72,p80,0.8,immediate,war_geopolitics,UNG,35,0.6857142857142857,0.5384615384615384,0.033454350527521555,1.1709022684632544,1.1064456607693869,0.013793103448275668,0.8769230769230769,,,,,0.2571428571428571,0.4,1.636363636363629,2.6666666666666625
fade_credit_72h,credit_spread_proxy,72,p80,0.8,immediate,war_geopolitics,USO,49,0.6326530612244898,0.5384615384615384,-0.018678114888026683,-0.9152276295133074,0.9480206847360935,0.00788981010965506,0.8923076923076924,,,,,0.16326530612244897,0.2857142857142857,3.0555555555555385,2.3181818181818534
fade_credit_72h,credit_spread_proxy,72,p80,0.8,immediate,oil_gas_energy,GLD,6,0.6666666666666666,0.5384615384615384,0.025641025641025605,0.15384615384615363,1.0769230769230769,0.004042243370921572,0.8810844892812106,,,,,0.0,0.16666666666666666,2.9089065043905302,3.2537659984142753
fade_credit_72h,credit_spread_proxy,72,p80,0.8,immediate,oil_gas_energy,QQQ,9,0.6666666666666666,0.5384615384615384,0.025641025641025623,0.23076923076923062,1.0769230769230769,0.004974818818326954,0.9016393442622951,,,,,0.1111111111111111,0.2222222222222222,3.018789144050135,1.689393939393889
fade_credit_72h,credit_spread_proxy,72,p80,0.8,immediate,oil_gas_energy,SLV,4,0.75,0.5384615384615384,0.15384615384615383,0.6153846153846153,1.6153846153846154,0.005569800946634951,0.9099087353324642,,,,,0.5,0.5,1.319875776397516,12.948841698841555
fade_credit_72h,credit_spread_proxy,72,p80,0.8,immediate,oil_gas_energy,SPY,8,0.625,0.5384615384615384,-0.03846153846153848,-0.3076923076923078,0.8974358974358974,0.0046308450198046525,0.9173045379989064,,,,,0.125,0.25,3.4660841919613765,2.28526037418102
fade_credit_72h,credit_spread_proxy,72,p80,0.8,immediate,oil_gas_energy,UNG,8,0.75,0.5384615384615384,0.15384615384615383,1.2307692307692306,1.6153846153846152,0.009236081950877217,0.8699101004759386,,,,,0.375,0.5,1.2946428571428559,6.071428571428595
fade_credit_72h,credit_spread_proxy,72,p80,0.8,immediate,oil_gas_energy,USO,7,0.5714285714285714,0.5384615384615384,-0.1208791208791209,-0.8461538461538463,0.717948717948718,0.008194322505121532,0.9538461538461539,,,,,0.14285714285714285,0.42857142857142855,2.5925925925926414,3.35000000000008
fade_credit_72h,credit_spread_proxy,72,p80,0.8,immediate,fed_inflation_rates,GLD,13,0.46153846153846156,-0.20454545454545348,-0.22875201721355565,-2.9737762237762233,0.5207100591715976,0.005980392156862746,0.9016393442622951,,,,,0.23076923076923078,0.23076923076923078,2.7956521739130324,1.37068965517243
fade_credit_72h,credit_spread_proxy,72,p80,0.8,immediate,fed_inflation_rates,QQQ,9,0.3333333333333333,-1.0,-0.4626194196086791,-4.163574776478112,0.27800316913913425,0.004896440287910586,0.8225806451612904,,,,,0.0,0.1111111111111111,3.2099999999999986,0.9809523809523981
fade_credit_72h,credit_spread_proxy,72,p80,0.8,immediate,fed_inflation_rates,SLV,13,0.38461538461538464,-1.0,-0.4082840236686391,-5.307692307692308,0.3365384615384615,0.011627906976744207,0.9384615384615385,,,,,0.0,0.07692307692307693,6.595317725752488,0.75
fade_credit_72h,credit_spread_proxy,72,p80,0.8,immediate,fed_inflation_rates,SPY,6,0.16666666666666666,-1.0,-0.7435897435897436,-4.461538461538462,0.10769230769230768,0.004330474195076706,0.8846153846153846,,,,,0.16666666666666666,0.16666666666666666,2.8660895796445858,1.1010467460125035
fade_credit_72h,credit_spread_proxy,72,p80,0.8,immediate,fed_inflation_rates,UNG,12,0.75,0.5384615384615384,0.2134225927329374,2.561071112795249,2.120778287546292,0.016046927940557454,0.9106292966684294,,,,,0.16666666666666666,0.4166666666666667,1.1666666666666625,3.0163690476190412
fade_credit_72h,credit_spread_proxy,72,p80,0.8,immediate,fed_inflation_rates,USO,8,0.25,-1.0,-0.6153846153846154,-4.923076923076923,0.1794871794871795,0.008727453189659173,0.9051702395964691,,,,,0.0,0.0,7.558501170960193,1.1888839285714232
fade_credit_72h,credit_spread_proxy,72,p80,0.8,immediate,immigration_border,GLD,22,0.5909090909090909,0.5384615384615384,-0.06071201525746533,-1.3356643356642373,0.8397651006711507,0.004751866769390489,0.8884615384615384,,,,,0.18181818181818182,0.36363636363636365,1.20080289672542,3.981250513262733
fade_credit_72h,credit_spread_proxy,72,p80,0.8,immediate,immigration_border,QQQ,18,0.4444444444444444,-0.2970852313355787,-0.22042512466931313,-3.9676522440476365,0.5205453719490855,0.0057445520914694015,0.9092400218698742,,,,,0.05555555555555555,0.2222222222222222,2.248887790410243,2.9322958571895756
fade_credit_72h,credit_spread_proxy,72,p80,0.8,immediate,immigration_border,SLV,9,0.6666666666666666,0.5384615384615384,0.025641025641025623,0.23076923076923062,1.0769230769230769,0.01642512077294689,0.9193548387096774,,,,,0.3333333333333333,0.6666666666666666,0.8758389261744953,4.218543046357604
fade_credit_72h,credit_spread_proxy,72,p80,0.8,immediate,immigration_border,SPY,20,0.5,-0.2459586658481669,-0.23228817427712442,-4.6457634855424885,0.5161237437906782,0.004141892860746843,0.8897022332506204,,,,,0.1,0.3,2.8951405152223346,2.0794611479890444
fade_credit_72h,credit_spread_proxy,72,p80,0.8,immediate,immigration_border,UNG,17,0.5882352941176471,0.5384615384615384,-0.09502262443438916,-1.6153846153846159,0.7692307692307692,0.010466222645099887,0.8688524590163934,,,,,0.11764705882352941,0.17647058823529413,4.400000000000299,2.1132075471698086
fade_credit_72h,credit_spread_proxy,72,p80,0.8,immediate,immigration_border,USO,21,0.6190476190476191,0.5384615384615384,0.021862896519242787,0.4591208269040985,1.073203313073076,0.010953058321479414,0.921875,,,,,0.09523809523809523,0.2857142857142857,1.073170731707355,1.5181818181818276
fade_credit_72h,credit_spread_proxy,72,p80,0.8,immediate,domestic_politics_attacks,GLD,13,0.46153846153846156,-0.4697535474234451,-0.24915263974263194,-3.238984316654215,0.4993651160106202,0.005026809651474506,0.8923076923076924,,,,,0.07692307692307693,0.15384615384615385,1.8484438430311299,1.7572815533980586
fade_credit_72h,credit_spread_proxy,72,p80,0.8,immediate,domestic_politics_attacks,QQQ,16,0.5,0.23931623931634727,-0.17200854700853355,-2.7521367521365367,0.6101694915254424,0.003236507830291724,0.875,,,,,0.1875,0.1875,2.5995583364004777,2.9736842105263355
fade_credit_72h,credit_spread_proxy,72,p80,0.8,immediate,domestic_politics_attacks,SLV,16,0.625,0.5384615384615384,0.0019230769230757089,0.030769230769211342,1.0057471264367779,0.010881077029408937,0.90882996172772,,,,,0.3125,0.375,3.0224812030075134,5.070967741935453
fade_credit_72h,credit_spread_proxy,72,p80,0.8,immediate,domestic_politics_attacks,SPY,14,0.5714285714285714,0.2000103304450763,-0.15261235630616024,-2.136572988286243,0.6295407393705758,0.0038180467129924622,0.8724358974358974,,,,,0.14285714285714285,0.21428571428571427,2.4873071528751285,2.8182250573555363
fade_credit_72h,credit_spread_proxy,72,p80,0.8,immediate,domestic_politics_attacks,UNG,20,0.65,0.5384615384615384,0.004273504273501899,0.08547008547003798,1.0123609394313897,0.01396169028667571,0.9205548549810845,,,,,0.35,0.35,2.3074074074074016,2.9409722222222148
fade_credit_72h,credit_spread_proxy,72,p80,0.8,immediate,domestic_politics_attacks,USO,20,0.55,0.32107023411370517,-0.1755852842809372,-3.511705685618744,0.6098104793756951,0.007132237663938168,0.8629726205997392,,,,,0.1,0.15,3.935535781900805,2.1125603864734583
fade_credit_72h,credit_spread_proxy,72,p80,0.8,immediate,other,GLD,281,0.6014234875444839,0.5384615384615384,-0.06122660639375221,-17.20467639664437,0.8369608818045368,0.004433942225998244,0.8923076923076924,,,,,0.16370106761565836,0.28825622775800713,2.428571428571448,2.2689075630252207
fade_credit_72h,credit_spread_proxy,72,p80,0.8,immediate,other,QQQ,288,0.5659722222222222,0.5384615384615384,-0.11060017115843586,-31.85284929362953,0.7272802205632002,0.004901917995941085,0.9016393442622951,,,,,0.1701388888888889,0.2777777777777778,2.431807907282627,2.588131934944518
fade_credit_72h,credit_spread_proxy,72,p80,0.8,immediate,other,SLV,250,0.624,0.5384615384615384,-0.03038195464852443,-7.595488662131108,0.9133231322542066,0.009003554022137372,0.9016393442622951,,,,,0.156,0.264,2.49698795180723,2.586956521739128
fade_credit_72h,credit_spread_proxy,72,p80,0.8,immediate,other,SPY,298,0.6073825503355704,0.5384615384615384,-0.02945889234454666,-8.778749918674905,0.9147502196025044,0.003909682852737961,0.9076923076923077,,,,,0.18456375838926176,0.27181208053691275,2.149019501917797,2.765128205128232
fade_credit_72h,credit_spread_proxy,72,p80,0.8,immediate,other,UNG,336,0.5922619047619048,0.5384615384615384,-0.0752515803819403,-25.28453100833194,0.8044874614611797,0.012840394714099923,0.8983050847457628,,,,,0.18154761904761904,0.28273809523809523,2.474999999999987,2.7029411764705937
fade_credit_72h,credit_spread_proxy,72,p80,0.8,immediate,other,USO,303,0.6237623762376238,0.5384615384615384,-0.026002340993182004,-7.878709320934147,0.9268661718841144,0.0077821011673152585,0.8983050847457628,,,,,0.2079207920792079,0.3234323432343234,2.085106382978737,2.51612903225805
fade_credit_72h,credit_spread_proxy,72,p80,0.8,delayed,tariffs_trade,GLD,28,0.5357142857142857,0.16619729724252938,-0.12538320598990177,-3.5107297677172493,0.6725672016758159,0.008824486428636868,0.9830508474576272,,,,,0.21428571428571427,0.42857142857142855,1.8551347517730734,1.1246986406771073
fade_credit_72h,credit_spread_proxy,72,p80,0.8,delayed,tariffs_trade,QQQ,30,0.6333333333333333,0.5384615384615384,0.005860805860804774,0.17582417582414323,1.0174863387978108,0.005753447373057163,1.0,,,,,0.16666666666666666,0.43333333333333335,1.3504432289702053,2.276297335203354
fade_credit_72h,credit_spread_proxy,72,p80,0.8,delayed,tariffs_trade,SLV,32,0.53125,0.4555052790346855,-0.05704443128897543,-1.8254218012472139,0.831188217939315,0.01191344574965264,0.9745762711864407,,,,,0.1875,0.34375,1.7766546662974019,1.269522305566523
fade_credit_72h,credit_spread_proxy,72,p80,0.8,delayed,tariffs_trade,SPY,28,0.6785714285714286,0.5384615384615384,0.1314357167900254,3.680200070120711,1.5726117034699625,0.00395842438640337,0.9830508474576272,,,,,0.32142857142857145,0.35714285714285715,1.3046661031276663,2.8764551829010463
fade_credit_72h,credit_spread_proxy,72,p80,0.8,delayed,tariffs_trade,UNG,29,0.7241379310344828,0.5384615384615384,0.1638569727776814,4.7518522105527605,1.7460672002001647,0.018413597733710985,1.0,,,,,0.10344827586206896,0.3103448275862069,1.5600000000000023,1.5510204081632641
fade_credit_72h,credit_spread_proxy,72,p80,0.8,delayed,tariffs_trade,USO,23,0.6956521739130435,0.5384615384615384,0.059705190139973024,1.3732193732193796,1.1961741961741974,0.013385826771653564,0.9649122807017544,,,,,0.13043478260869565,0.34782608695652173,1.395705521472398,2.1794871794871753
fade_credit_72h,credit_spread_proxy,72,p80,0.8,delayed,war_geopolitics,GLD,87,0.5747126436781609,0.3439434129089573,-0.0854365817266269,-7.43298261021654,0.7653198319145046,0.008940114380875164,0.9830508474576272,,,,,0.19540229885057472,0.41379310344827586,1.523622047244084,0.8571428571428571
fade_credit_72h,credit_spread_proxy,72,p80,0.8,delayed,war_geopolitics,QQQ,90,0.6555555555555556,0.5384615384615384,0.006898657229040811,0.620879150613673,1.020245954549519,0.007251817875847999,1.0,,,,,0.28888888888888886,0.4,1.2176079734219374,1.5987654320988016
fade_credit_72h,credit_spread_proxy,72,p80,0.8,delayed,war_geopolitics,SLV,83,0.6024096385542169,0.3725490196078326,-0.0008662783695332435,-0.07190110467125921,0.9970788168136888,0.014462809917355157,0.9830508474576272,,,,,0.2289156626506024,0.39759036144578314,1.6521739130434299,1.7450980392156943
fade_credit_72h,credit_spread_proxy,72,p80,0.8,delayed,war_geopolitics,SPY,90,0.5666666666666667,0.5384615384615384,-0.02257566523887547,-2.031809871498792,0.9311095556680881,0.005909110854334654,0.9923076923076923,,,,,0.23333333333333334,0.34444444444444444,1.5741332058635886,1.8838709677418994
fade_credit_72h,credit_spread_proxy,72,p80,0.8,delayed,war_geopolitics,UNG,85,0.6235294117647059,0.5384615384615384,-0.045189123498894986,-3.8410754974060737,0.8694558705148813,0.016178736517719616,1.0,,,,,0.16470588235294117,0.2235294117647059,2.3749999999999916,1.0454545454545443
fade_credit_72h,credit_spread_proxy,72,p80,0.8,delayed,war_geopolitics,USO,63,0.6507936507936508,0.5384615384615384,0.05754755527341985,3.6254959822254507,1.211513974750064,0.02463799438080838,1.0,,,,,0.30158730158730157,0.49206349206349204,1.0185185185185148,1.5473568281938317
fade_credit_72h,credit_spread_proxy,72,p80,0.8,delayed,oil_gas_energy,GLD,6,0.6666666666666666,0.2137933793213875,0.10344143312723113,0.6206485987633867,1.7022014009899338,0.005003796606286914,0.9067796610169492,,,,,0.0,0.3333333333333333,2.5539073287069325,4.039215686274586
fade_credit_72h,credit_spread_proxy,72,p80,0.8,delayed,oil_gas_energy,QQQ,6,0.3333333333333333,-0.894871794871803,-0.4521367521367549,-2.7128205128205294,0.28416779431664285,0.007267441860465018,1.0,,,,,0.16666666666666666,0.16666666666666666,2.9764965986395673,2.3599999999999937
fade_credit_72h,credit_spread_proxy,72,p80,0.8,delayed,oil_gas_energy,SLV,5,0.4,-0.045092838196304066,-0.0026525198939062467,-0.013262599469531233,0.9878345498783135,0.00881325026591706,0.9491525423728814,,,,,0.2,0.2,3.3728813559322277,3.7619047619048698
fade_credit_72h,credit_spread_proxy,72,p80,0.8,delayed,oil_gas_energy,SPY,6,0.3333333333333333,-0.5172161172161232,-0.32625152625152826,-1.9575091575091697,0.35490101400289575,0.003948652274667674,0.9830508474576272,,,,,0.16666666666666666,0.16666666666666666,2.6163227016886523,2.7335907335907157
fade_credit_72h,credit_spread_proxy,72,p80,0.8,delayed,oil_gas_energy,UNG,4,0.5,-0.23076923076923078,-0.2307692307692308,-0.9230769230769232,0.5384615384615384,0.012331449706823594,0.9444444444444444,,,,,0.25,0.25,2.7351190476190377,1.2232704402515728
fade_credit_72h,credit_spread_proxy,72,p80,0.8,delayed,oil_gas_energy,USO,5,0.6,0.29629629629630355,-0.1490247644093756,-0.745123822046878,0.627438088976561,0.02463799438080838,1.0,,,,,0.2,0.2,1.2884615384615339,1.5473568281938317
fade_credit_72h,credit_spread_proxy,72,p80,0.8,delayed,fed_inflation_rates,GLD,10,0.6,0.5384615384615384,-0.05761569108182637,-0.5761569108182637,0.8486556110127197,0.006786966451156395,0.9833333333333333,,,,,0.3,0.5,0.999061884538329,0.8072669826224298
fade_credit_72h,credit_spread_proxy,72,p80,0.8,delayed,fed_inflation_rates,QQQ,10,0.8,0.5384615384615384,0.23076923076923075,2.3076923076923075,2.1538461538461537,0.003178452045930036,0.8816377171215881,,,,,0.2,0.2,1.3696969696968886,3.1628500191790327
fade_credit_72h,credit_spread_proxy,72,p80,0.8,delayed,fed_inflation_rates,SLV,11,0.6363636363636364,0.5384615384615384,-0.042521459583071165,-0.4677360554137828,0.8830659861465542,0.02035928143712573,0.9838709677419355,,,,,0.36363636363636365,0.45454545454545453,1.1951710261569415,0.30080482897384403
fade_credit_72h,credit_spread_proxy,72,p80,0.8,delayed,fed_inflation_rates,SPY,11,0.8181818181818182,0.5384615384615384,0.2587412587412587,2.846153846153846,2.423076923076923,0.0033630798731471012,0.9838709677419355,,,,,0.5454545454545454,0.6363636363636364,0.48587570621470194,1.5959302325581697
fade_credit_72h,credit_spread_proxy,72,p80,0.8,delayed,fed_inflation_rates,UNG,11,0.8181818181818182,0.5384615384615384,0.2872990105132959,3.1602891156462554,3.0184867981283423,0.02160664819944591,1.0,,,,,0.0,0.36363636363636365,1.707482993197278,2.1034482758620663
fade_credit_72h,credit_spread_proxy,72,p80,0.8,delayed,fed_inflation_rates,USO,7,0.8571428571428571,0.5384615384615384,0.3186813186813186,2.2307692307692304,3.2307692307692304,0.01111532146014893,0.9491525423728814,,,,,0.42857142857142855,0.5714285714285714,0.5180180180180144,1.9218750000000044
fade_credit_72h,credit_spread_proxy,72,p80,0.8,delayed,immigration_border,GLD,35,0.6285714285714286,0.4173228346456944,-0.010864020848784182,-0.3802407297074464,0.9650401539498733,0.008490411407965803,0.9830508474576272,,,,,0.14285714285714285,0.34285714285714286,1.6996015936254951,0.49860724233982623
fade_credit_72h,credit_spread_proxy,72,p80,0.8,delayed,immigration_border,QQQ,31,0.7741935483870968,0.5384615384615384,0.20181456942348142,6.256251652127924,1.9384154223135013,0.0055414620103990675,1.0,,,,,0.22580645161290322,0.3870967741935484,1.0478723404254886,1.771349862258973
fade_credit_72h,credit_spread_proxy,72,p80,0.8,delayed,immigration_border,SLV,31,0.5806451612903226,0.3086913086913035,-0.07645036755173301,-2.3699613941037234,0.7850714392792213,0.014190219303389373,0.9830508474576272,,,,,0.0967741935483871,0.3225806451612903,1.666666666666643,0.8909952606635085
fade_credit_72h,credit_spread_proxy,72,p80,0.8,delayed,immigration_border,SPY,30,0.7666666666666667,0.5384615384615384,0.2306810643738584,6.920431931215752,2.295801524952519,0.004697844976330745,0.9830508474576272,,,,,0.23333333333333334,0.3333333333333333,1.3058953722333575,1.5206291321836596
fade_credit_72h,credit_spread_proxy,72,p80,0.8,delayed,immigration_border,UNG,35,0.6571428571428571,0.5227629513343802,0.02500257606762056,0.8750901623667197,1.0834934939838605,0.0277945619335348,1.0,,,,,0.22857142857142856,0.37142857142857144,1.564102564102572,1.1132075471698124
fade_credit_72h,credit_spread_proxy,72,p80,0.8,delayed,immigration_border,USO,22,0.7727272727272727,0.5384615384615384,0.20313882531077174,4.469054156836978,2.0334785162130844,0.013944590488825459,0.9649122807017544,,,,,0.36363636363636365,0.5909090909090909,0.7587529008172613,1.6984126984126842
fade_credit_72h,credit_spread_proxy,72,p80,0.8,delayed,domestic_politics_attacks,GLD,87,0.5862068965517241,0.4668327623793515,-0.05149786699122449,-4.480314428236531,0.8476853242410628,0.00786418400876232,0.9830508474576272,,,,,0.06896551724137931,0.3563218390804598,1.167630057803481,1.118279569892487
fade_credit_72h,credit_spread_proxy,72,p80,0.8,delayed,domestic_politics_attacks,QQQ,85,0.7058823529411765,0.5384615384615384,0.08896593602475919,7.5621045621045315,1.3142461772642358,0.005966993998908876,1.0,,,,,0.2,0.3411764705882353,1.4516129032258123,1.771349862258973
fade_credit_72h,credit_spread_proxy,72,p80,0.8,delayed,domestic_politics_attacks,SLV,76,0.40789473684210525,-0.9381868131868013,-0.32786295213949407,-24.91758436260155,0.373775873418723,0.015053879310344853,0.9830508474576272,,,,,0.10526315789473684,0.3026315789473684,2.4317685112335017,1.1519607843137294
fade_credit_72h,credit_spread_proxy,72,p80,0.8,delayed,domestic_politics_attacks,SPY,84,0.7142857142857143,0.5384615384615384,0.16614150122082022,13.955886102548899,1.7925840330605258,0.005030432826819142,0.9836065573770492,,,,,0.21428571428571427,0.34523809523809523,1.349890109890148,2.0256918290486263
fade_credit_72h,credit_spread_proxy,72,p80,0.8,delayed,domestic_politics_attacks,UNG,88,0.6818181818181818,0.5384615384615384,0.053497386838000406,4.707770041744036,1.1810081811204214,0.01649272960339765,1.0,,,,,0.22727272727272727,0.36363636363636365,1.8783783783783785,1.443055555555551
fade_credit_72h,credit_spread_proxy,72,p80,0.8,delayed,domestic_politics_attacks,USO,56,0.6785714285714286,0.5384615384615384,0.024971790162482115,1.3984202490989985,1.077690013838834,0.011647254575707255,0.9649122807017544,,,,,0.30357142857142855,0.4642857142857143,1.1631054131054124,1.3085106382978797
fade_credit_72h,credit_spread_proxy,72,p80,0.8,delayed,other,GLD,838,0.5823389021479713,0.5384615384615384,-0.04278405350913678,-35.85303684065662,0.8749881752952466,0.007011035306693447,0.9830508474576272,,,,,0.13723150357995226,0.3305489260143198,1.5861507128309664,1.0873786407766746
fade_credit_72h,credit_spread_proxy,72,p80,0.8,delayed,other,QQQ,811,0.7348951911220715,0.5384615384615384,0.13850128502793177,112.32454215765267,1.550912343153459,0.0055414620103990675,1.0,,,,,0.2564734895191122,0.3995067817509248,1.3696969696968886,2.2890365448505006
fade_credit_72h,credit_spread_proxy,72,p80,0.8,delayed,other,SLV,747,0.5488621151271754,0.30149471381698645,-0.11805794401637833,-88.18928418023461,0.6927384028067023,0.013427401001365413,0.9830508474576272,,,,,0.16198125836680052,0.33467202141900937,1.7707006369426757,0.9661016949152608
fade_credit_72h,credit_spread_proxy,72,p80,0.8,delayed,other,SPY,806,0.7096774193548387,0.5384615384615384,0.15453464351538862,124.55492267340323,1.69904483984596,0.004530969174306287,0.9830508474576272,,,,,0.26054590570719605,0.3511166253101737,1.5263157894736168,2.3826086956521872
fade_credit_72h,credit_spread_proxy,72,p80,0.8,delayed,other,UNG,874,0.6613272311212814,0.5384615384615384,0.03067256957270603,26.80782580654507,1.1011381128030182,0.020197241496335117,1.0,,,,,0.19107551487414187,0.3295194508009153,1.564102564102572,1.4017857142857095
fade_credit_72h,credit_spread_proxy,72,p80,0.8,delayed,other,USO,550,0.7072727272727273,0.5384615384615384,0.09713724750819407,53.42548612950674,1.3632487970981255,0.012737999463663163,0.9649122807017544,,,,,0.28545454545454546,0.44,1.2291666666666339,1.6769230769230725
fade_credit_72h,credit_spread_proxy,72,p90,0.9,immediate,tariffs_trade,GLD,16,0.625,0.5384615384615384,-0.03478884300296024,-0.5566214880473639,0.8979075285321151,0.006881369468392018,0.9588572990705304,,,,,0.3125,0.4375,2.6282290893263776,1.3084290504387548
fade_credit_72h,credit_spread_proxy,72,p90,0.9,immediate,tariffs_trade,QQQ,20,0.65,0.5384615384615384,0.0073337968074784765,0.14667593614956953,1.0224277403634634,0.008673437274719364,0.9516129032258065,,,,,0.35,0.5,0.9197172796244155,2.3152584311753914
fade_credit_72h,credit_spread_proxy,72,p90,0.9,immediate,tariffs_trade,SLV,11,0.6363636363636364,0.5384615384615384,-0.020979020979021004,-0.23076923076923106,0.9423076923076922,0.011247637051039705,0.9661016949152542,,,,,0.36363636363636365,0.45454545454545453,1.43478260869562,2.294964028776981
fade_credit_72h,credit_spread_proxy,72,p90,0.9,immediate,tariffs_trade,SPY,20,0.7,0.5384615384615384,0.053765606121628964,1.0753121224325792,1.1792186870720964,0.00791281217736911,0.9676662320730117,,,,,0.3,0.55,0.7425117233294296,1.7372195665561958
fade_credit_72h,credit_spread_proxy,72,p90,0.9,immediate,tariffs_trade,UNG,12,0.8333333333333334,0.5384615384615384,0.31487674965935813,3.778520995912298,3.4026465028355246,0.022207368561250718,0.9441361916771753,,,,,0.5,0.6666666666666666,0.4991638795986584,1.9771923620933487
fade_credit_72h,credit_spread_proxy,72,p90,0.9,immediate,tariffs_trade,USO,11,0.7272727272727273,0.5384615384615384,0.1921813126632397,2.1139944392956367,1.9636670891423678,0.013533834586466176,0.9375,,,,,0.45454545454545453,0.6363636363636364,0.7552083333333397,1.278169014084504
fade_credit_72h,credit_spread_proxy,72,p90,0.9,immediate,war_geopolitics,GLD,23,0.5652173913043478,0.1023769417929772,-0.17594935617073038,-4.046835191926799,0.5886493621595318,0.006146426798420812,0.9538461538461539,,,,,0.21739130434782608,0.2608695652173913,2.958637469586412,2.144989339019191
fade_credit_72h,credit_spread_proxy,72,p90,0.9,immediate,war_geopolitics,QQQ,21,0.6666666666666666,0.5384615384615384,0.07994577050630684,1.6788611806324436,1.3105090258501455,0.005603403548822161,0.9508196721311475,,,,,0.19047619047619047,0.2857142857142857,2.1385542168675293,2.138339920948627
fade_credit_72h,credit_spread_proxy,72,p90,0.9,immediate,war_geopolitics,SLV,18,0.7222222222222222,0.5384615384615384,0.1211353803946374,2.1804368471034734,1.452413793103436,0.0166747327537925,0.9692307692307692,,,,,0.2222222222222222,0.3333333333333333,2.568217054263563,2.264712643678151
fade_credit_72h,credit_spread_proxy,72,p90,0.9,immediate,war_geopolitics,SPY,20,0.75,0.5384615384615384,0.16148847070820813,3.2297694141641626,1.7822544873715156,0.004485759522274979,0.9594130089899524,,,,,0.15,0.25,2.288115218115212,1.619663990943713
fade_credit_72h,credit_spread_proxy,72,p90,0.9,immediate,war_geopolitics,UNG,16,0.625,0.40712945590994654,-0.0854724543748927,-1.3675592699982833,0.7720734550002861,0.020144052829609127,0.944640605296343,,,,,0.1875,0.3125,1.7328159645232777,2.6169154228855662
fade_credit_72h,credit_spread_proxy,72,p90,0.9,immediate,war_geopolitics,USO,23,0.6086956521739131,0.5384615384615384,-0.06354515050167227,-1.4615384615384621,0.8376068376068375,0.013040293040293083,0.967741935483871,,,,,0.21739130434782608,0.34782608695652173,1.7500000000000178,1.7800000000000011
fade_credit_72h,credit_spread_proxy,72,p90,0.9,immediate,oil_gas_energy,GLD,1,1.0,0.5384615384615384,0.5384615384615384,0.5384615384615384,inf,0.004862921981816926,0.9375,,,,,0.0,0.0,2.806763285024165,5.314009661835766
fade_credit_72h,credit_spread_proxy,72,p90,0.9,immediate,oil_gas_energy,QQQ,5,0.4,-1.0,-0.3846153846153847,-1.9230769230769234,0.358974358974359,0.010103950103950154,0.9661016949152542,,,,,0.0,0.0,3.018789144050135,0.9457202505219221
fade_credit_72h,credit_spread_proxy,72,p90,0.9,immediate,oil_gas_energy,SLV,2,1.0,0.5384615384615384,0.5384615384615384,1.0769230769230769,inf,0.012457684549797454,0.9614182692307692,,,,,0.5,0.5,1.319875776397516,17.587462082912317
fade_credit_72h,credit_spread_proxy,72,p90,0.9,immediate,oil_gas_energy,SPY,5,0.4,-1.0,-0.3846153846153847,-1.9230769230769234,0.358974358974359,0.005454361805999897,0.9692307692307692,,,,,0.0,0.2,4.052469135802457,1.6323185011709735
fade_credit_72h,credit_spread_proxy,72,p90,0.9,immediate,oil_gas_energy,UNG,3,1.0,0.5384615384615384,0.5384615384615384,1.6153846153846154,inf,0.008970976253298346,0.9830508474576272,,,,,0.6666666666666666,0.6666666666666666,0.0,9.529411764705793
fade_credit_72h,credit_spread_proxy,72,p90,0.9,immediate,oil_gas_energy,USO,4,0.25,-1.0,-0.6153846153846154,-2.4615384615384617,0.1794871794871795,0.011862776606151315,0.9684485006518906,,,,,0.0,0.25,9.705994455994457,2.07995495495495
fade_credit_72h,credit_spread_proxy,72,p90,0.9,immediate,fed_inflation_rates,GLD,7,0.42857142857142855,-0.20454545454545348,-0.22702297702297686,-1.589160839160838,0.5040916530278234,0.007403368217948403,0.9230769230769231,,,,,0.2857142857142857,0.2857142857142857,2.7956521739130324,0.8096590909091016
fade_credit_72h,credit_spread_proxy,72,p90,0.9,immediate,fed_inflation_rates,QQQ,2,0.0,-1.0,-1.0,-2.0,0.0,0.010001036962420384,0.9682219419924338,,,,,0.0,0.0,2.0883620689655205,1.1460529169377491
fade_credit_72h,credit_spread_proxy,72,p90,0.9,immediate,fed_inflation_rates,SLV,8,0.375,-1.0,-0.42307692307692313,-3.384615384615385,0.3230769230769231,0.017704546813518518,0.9765508684863524,,,,,0.0,0.125,6.5249315901489915,0.6819378772152369
fade_credit_72h,credit_spread_proxy,72,p90,0.9,immediate,fed_inflation_rates,SPY,2,0.0,-1.0,-1.0,-2.0,0.0,0.00713128893844811,0.9682219419924338,,,,,0.0,0.0,2.6832223718436934,1.1010467460125035
fade_credit_72h,credit_spread_proxy,72,p90,0.9,immediate,fed_inflation_rates,UNG,7,0.5714285714285714,0.5384615384615384,-0.01874808278749191,-0.13123657951244339,0.9425681277983521,0.019028871391076008,0.9538461538461539,,,,,0.14285714285714285,0.2857142857142857,1.7586206896551768,1.8604651162790609
fade_credit_72h,credit_spread_proxy,72,p90,0.9,immediate,fed_inflation_rates,USO,4,0.25,-1.0,-0.6153846153846154,-2.4615384615384617,0.1794871794871795,0.010032054532433277,0.9282471626733921,,,,,0.0,0.0,9.79612244897957,0.7002545968882619
fade_credit_72h,credit_spread_proxy,72,p90,0.9,immediate,immigration_border,GLD,11,0.6363636363636364,0.5384615384615384,-0.020979020979021004,-0.23076923076923106,0.9423076923076922,0.005477564943584312,0.9508196721311475,,,,,0.2727272727272727,0.45454545454545453,1.187499999999969,2.428571428571622
fade_credit_72h,credit_spread_proxy,72,p90,0.9,immediate,immigration_border,QQQ,10,0.4,-0.2970852313355787,-0.21214983978937907,-2.1214983978937907,0.503783058366512,0.006059838179529098,0.9756742464304601,,,,,0.0,0.2,2.2808445388063396,1.0646250477538772
fade_credit_72h,credit_spread_proxy,72,p90,0.9,immediate,immigration_border,SLV,6,0.6666666666666666,0.5384615384615384,0.025641025641025605,0.15384615384615363,1.0769230769230769,0.017236105265163615,0.952116935483871,,,,,0.3333333333333333,0.6666666666666666,0.9180519134183681,4.120899430155545
fade_credit_72h,credit_spread_proxy,72,p90,0.9,immediate,immigration_border,SPY,8,0.5,-0.4453888652783701,-0.2844241393965156,-2.275393115172125,0.43115172120696876,0.008044937860125834,0.9842431761786601,,,,,0.125,0.375,1.7120147853665069,1.4405815493268548
fade_credit_72h,credit_spread_proxy,72,p90,0.9,immediate,immigration_border,UNG,6,0.6666666666666666,0.5384615384615384,0.025641025641025623,0.15384615384615374,1.0769230769230769,0.014167000542323616,0.9589512711864407,,,,,0.0,0.16666666666666666,3.326329331046322,3.4732704402515644
fade_credit_72h,credit_spread_proxy,72,p90,0.9,immediate,immigration_border,USO,13,0.6153846153846154,0.525851197982348,0.005988455684160578,0.07784992389408751,1.019654992848049,0.011716919231370193,0.9333333333333333,,,,,0.07692307692307693,0.38461538461538464,1.045454545454556,1.5181818181818276
fade_credit_72h,credit_spread_proxy,72,p90,0.9,immediate,domestic_politics_attacks,GLD,6,0.5,-0.23076923076923078,-0.23076923076923075,-1.3846153846153846,0.5384615384615384,0.005614120736793293,0.9423182066703116,,,,,0.0,0.0,1.8317849467256373,0.5478345184227696
fade_credit_72h,credit_spread_proxy,72,p90,0.9,immediate,domestic_politics_attacks,QQQ,6,0.5,-0.23076923076923078,-0.23076923076923075,-1.3846153846153846,0.5384615384615384,0.00683767095099197,0.9307692307692308,,,,,0.0,0.0,2.422129361153827,1.6572371051579504
fade_credit_72h,credit_spread_proxy,72,p90,0.9,immediate,domestic_politics_attacks,SLV,8,0.75,0.5384615384615384,0.15384615384615383,1.2307692307692306,1.6153846153846152,0.013168947072152215,0.9527295285359803,,,,,0.375,0.375,3.186507936507925,4.837634408602122
fade_credit_72h,credit_spread_proxy,72,p90,0.9,immediate,domestic_politics_attacks,SPY,6,0.6666666666666666,0.2000103304450763,-0.04840319035539952,-0.2904191421323971,0.8356765634110568,0.00455415316052904,0.9384615384615385,,,,,0.0,0.0,2.5710237887656895,1.630443120509335
fade_credit_72h,credit_spread_proxy,72,p90,0.9,immediate,domestic_politics_attacks,UNG,13,0.6153846153846154,0.5384615384615384,-0.05325443786982251,-0.6923076923076926,0.8615384615384615,0.015978695073235683,0.9538461538461539,,,,,0.3076923076923077,0.3076923076923077,2.314814814814811,2.437499999999994
fade_credit_72h,credit_spread_proxy,72,p90,0.9,immediate,domestic_politics_attacks,USO,7,0.5714285714285714,0.5384615384615384,-0.12087912087912088,-0.8461538461538461,0.717948717948718,0.007485630263333709,0.9491525423728814,,,,,0.0,0.14285714285714285,4.5968992248062355,2.3555555555555885
fade_credit_72h,credit_spread_proxy,72,p90,0.9,immediate,other,GLD,134,0.6791044776119403,0.5384615384615384,0.062058547601466944,8.31584537859657,1.2107033422585605,0.006511812508632642,0.953485576923077,,,,,0.21641791044776118,0.373134328358209,1.6199133464147426,1.7890262110152957
fade_credit_72h,credit_spread_proxy,72,p90,0.9,immediate,other,QQQ,147,0.6530612244897959,0.5384615384615384,0.02059891421061625,3.028040388960589,1.0655905017090481,0.006963649085396373,0.9538461538461539,,,,,0.17687074829931973,0.32653061224489793,1.9123414071510905,2.2432432432432146
fade_credit_72h,credit_spread_proxy,72,p90,0.9,immediate,other,SLV,127,0.6220472440944882,0.5384615384615384,-0.030840703165575505,-3.916769302028089,0.9114955818218999,0.013739946380697088,0.953125,,,,,0.16535433070866143,0.29133858267716534,2.2444444444444436,1.6122448979591755
fade_credit_72h,credit_spread_proxy,72,p90,0.9,immediate,other,SPY,160,0.625,0.5384615384615384,0.020284919207970837,3.245587073275334,1.0651109876813256,0.005449814496596428,0.9538461538461539,,,,,0.2,0.325,1.933411336453441,2.3886154703315117
fade_credit_72h,credit_spread_proxy,72,p90,0.9,immediate,other,UNG,166,0.5903614457831325,0.5384615384615384,-0.060006549231001814,-9.961087172346302,0.8372098190952322,0.0163837417419615,0.9523689516129032,,,,,0.19879518072289157,0.3493975903614458,1.6734449760765542,2.2426573426573504
fade_credit_72h,credit_spread_proxy,72,p90,0.9,immediate,other,USO,150,0.6733333333333333,0.5384615384615384,0.04813233497811427,7.21985024671714,1.154800207343194,0.011677188377586245,0.9523689516129032,,,,,0.26666666666666666,0.4266666666666667,1.355643640824114,2.108134111235974
fade_credit_72h,credit_spread_proxy,72,p90,0.9,delayed,tariffs_trade,GLD,19,0.5263157894736842,0.08364334573381772,-0.17469348543276195,-3.319176223222477,0.5765343793111531,0.011721869111118055,0.9833333333333333,,,,,0.15789473684210525,0.42105263157894735,1.8946666666666716,0.49860724233982623
fade_credit_72h,credit_spread_proxy,72,p90,0.9,delayed,tariffs_trade,QQQ,22,0.6363636363636364,0.5384615384615384,-0.020979020979021004,-0.4615384615384621,0.9423076923076922,0.00823570080424052,1.0,,,,,0.18181818181818182,0.5454545454545454,0.9572541222822188,1.955369211408304
fade_credit_72h,credit_spread_proxy,72,p90,0.9,delayed,tariffs_trade,SLV,25,0.48,-0.045092838196304066,-0.10472255766861965,-2.618063941715491,0.7062872978902557,0.014423076923076872,0.9830508474576272,,,,,0.12,0.32,2.011185682326621,1.0724637681159483
fade_credit_72h,credit_spread_proxy,72,p90,0.9,delayed,tariffs_trade,SPY,20,0.65,0.5384615384615384,0.08674100031987537,1.7348200063975074,1.337405053959052,0.007765026206366987,1.0,,,,,0.4,0.45,1.1606019826415723,2.3584271659585294
fade_credit_72h,credit_spread_proxy,72,p90,0.9,delayed,tariffs_trade,UNG,27,0.7407407407407407,0.5384615384615384,0.19308854341078602,5.213390672091222,1.970980662273333,0.02300000000000002,1.0,,,,,0.1111111111111111,0.3333333333333333,1.5000000000000089,1.375000000000001
fade_credit_72h,credit_spread_proxy,72,p90,0.9,delayed,tariffs_trade,USO,17,0.7058823529411765,0.5384615384615384,0.07172783643371919,1.2193732193732263,1.2438746438746453,0.014097142124823714,0.9649122807017544,,,,,0.17647058823529413,0.4117647058823529,1.395705521472398,1.4444444444444489
fade_credit_72h,credit_spread_proxy,72,p90,0.9,delayed,war_geopolitics,GLD,67,0.6268656716417911,0.4173228346456944,-0.05128954677515396,-3.436399633935315,0.8529476377187318,0.013698630136986356,0.9830508474576272,,,,,0.23880597014925373,0.5223880597014925,0.837662337662343,0.8056680161943268
fade_credit_72h,credit_spread_proxy,72,p90,0.9,delayed,war_geopolitics,QQQ,76,0.6973684210526315,0.5384615384615384,0.0709224989453216,5.390109919844441,1.2377973031253167,0.008865450864503965,1.0,,,,,0.3157894736842105,0.4342105263157895,1.2176079734219374,1.584489099028104
fade_credit_72h,credit_spread_proxy,72,p90,0.9,delayed,war_geopolitics,SLV,69,0.6231884057971014,0.3725490196078326,0.045780697479680756,3.158868126097972,1.1793416188503543,0.017108352901710755,0.9830508474576272,,,,,0.2608695652173913,0.463768115942029,1.2698412698412858,1.5270270270270314
fade_credit_72h,credit_spread_proxy,72,p90,0.9,delayed,war_geopolitics,SPY,71,0.647887323943662,0.5384615384615384,0.06841280413440902,4.857309093543041,1.2439397448752414,0.0059827527183216045,1.0,,,,,0.2676056338028169,0.4084507042253521,1.3371428571428754,1.4453280318091493
fade_credit_72h,credit_spread_proxy,72,p90,0.9,delayed,war_geopolitics,UNG,83,0.6265060240963856,0.5384615384615384,-0.040717313685151954,-3.379537035867612,0.8811009322750307,0.019538188277087087,1.0,,,,,0.1686746987951807,0.2289156626506024,2.3749999999999916,0.9411764705882464
fade_credit_72h,credit_spread_proxy,72,p90,0.9,delayed,war_geopolitics,USO,58,0.6551724137931034,0.5384615384615384,0.06913985115242818,4.010111366840834,1.2648565374340675,0.02463799438080838,1.0,,,,,0.3103448275862069,0.5172413793103449,0.8964603283173715,1.5473568281938317
fade_credit_72h,credit_spread_proxy,72,p90,0.9,delayed,oil_gas_energy,GLD,3,1.0,0.3439434129089573,0.32201609903477113,0.9660482971043134,inf,0.006273181006456241,0.9491525423728814,,,,,0.0,0.3333333333333333,2.182527301092056,0.07956318252730007
fade_credit_72h,credit_spread_proxy,72,p90,0.9,delayed,oil_gas_energy,QQQ,5,0.2,-1.0,-0.6502564102564136,-3.2512820512820677,0.14208389715832143,0.007267441860465018,1.0,,,,,0.2,0.2,2.136666666666656,2.3599999999999937
fade_credit_72h,credit_spread_proxy,72,p90,0.9,delayed,oil_gas_energy,SLV,4,0.5,0.2466843501326172,0.2466843501326172,0.9867374005304688,11.941176470583576,0.011120325633641237,0.9661016949152543,,,,,0.25,0.25,4.945061367621297,4.481070653484463
fade_credit_72h,credit_spread_proxy,72,p90,0.9,delayed,oil_gas_energy,SPY,5,0.2,-1.0,-0.4991941391941416,-2.495970695970708,0.17745050700144788,0.003948652274667674,0.9830508474576272,,,,,0.2,0.2,2.463414634146443,2.7335907335907157
fade_credit_72h,credit_spread_proxy,72,p90,0.9,delayed,oil_gas_energy,UNG,4,0.5,-0.23076923076923078,-0.2307692307692308,-0.9230769230769232,0.5384615384615384,0.012331449706823594,0.9444444444444444,,,,,0.25,0.25,2.7351190476190377,1.2232704402515728
fade_credit_72h,credit_spread_proxy,72,p90,0.9,delayed,oil_gas_energy,USO,5,0.6,0.29629629629630355,-0.1490247644093756,-0.745123822046878,0.627438088976561,0.02463799438080838,1.0,,,,,0.2,0.2,1.2884615384615339,1.5473568281938317
fade_credit_72h,credit_spread_proxy,72,p90,0.9,delayed,fed_inflation_rates,GLD,10,0.6,0.5384615384615384,-0.05761569108182637,-0.5761569108182637,0.8486556110127197,0.006786966451156395,0.9833333333333333,,,,,0.3,0.5,0.999061884538329,0.8072669826224298
fade_credit_72h,credit_spread_proxy,72,p90,0.9,delayed,fed_inflation_rates,QQQ,4,0.75,0.5384615384615384,0.15384615384615385,0.6153846153846154,1.6153846153846154,0.007358211583446683,1.0,,,,,0.5,0.5,0.603326810176133,1.815016341005475
fade_credit_72h,credit_spread_proxy,72,p90,0.9,delayed,fed_inflation_rates,SLV,10,0.6,0.41997812613926244,-0.10061975938753213,-1.0061975938753214,0.7484506015311696,0.02035928143712573,0.9838709677419355,,,,,0.4,0.5,0.9423722429362904,0.2901082968398616
fade_credit_72h,credit_spread_proxy,72,p90,0.9,delayed,fed_inflation_rates,SPY,11,0.8181818181818182,0.5384615384615384,0.2587412587412587,2.846153846153846,2.423076923076923,0.0033630798731471012,0.9838709677419355,,,,,0.5454545454545454,0.6363636363636364,0.48587570621470194,1.5959302325581697
fade_credit_72h,credit_spread_proxy,72,p90,0.9,delayed,fed_inflation_rates,UNG,11,0.8181818181818182,0.5384615384615384,0.2872990105132959,3.1602891156462554,3.0184867981283423,0.02160664819944591,1.0,,,,,0.0,0.36363636363636365,1.707482993197278,2.1034482758620663
fade_credit_72h,credit_spread_proxy,72,p90,0.9,delayed,fed_inflation_rates,USO,4,0.75,0.5384615384615384,0.15384615384615385,0.6153846153846154,1.6153846153846154,0.018136955434201907,0.9830508474576272,,,,,0.0,0.25,1.4117647058823608,1.0774774774774765
fade_credit_72h,credit_spread_proxy,72,p90,0.9,delayed,immigration_border,GLD,27,0.5925925925925926,0.24875124875124102,-0.05966703557321026,-1.611009960476677,0.8185084045936438,0.01453595471748681,0.9830508474576272,,,,,0.14814814814814814,0.4074074074074074,1.523622047244084,0.313852813852813
fade_credit_72h,credit_spread_proxy,72,p90,0.9,delayed,immigration_border,QQQ,25,0.76,0.5384615384615384,0.1825577583928093,4.563943959820232,1.805379333507477,0.006629047279899103,1.0,,,,,0.28,0.48,1.0300000000000011,1.3376288659793678
fade_credit_72h,credit_spread_proxy,72,p90,0.9,delayed,immigration_border,SLV,24,0.625,0.3406201641495681,0.0006105829379859096,0.01465399051166183,1.0020854607055156,0.017876056123216022,0.9830508474576272,,,,,0.125,0.4166666666666667,1.658620689655178,0.8909952606635085
fade_credit_72h,credit_spread_proxy,72,p90,0.9,delayed,immigration_border,SPY,23,0.7391304347826086,0.5384615384615384,0.20389837828028354,4.6896627004465214,2.080403802529804,0.0059827527183216045,1.0,,,,,0.30434782608695654,0.43478260869565216,1.2125813449023894,1.0455531453362088
fade_credit_72h,credit_spread_proxy,72,p90,0.9,delayed,immigration_border,UNG,32,0.65625,0.5227629513343802,0.02494272142011381,0.7981670854436419,1.084186507357018,0.030532767943799943,1.0,,,,,0.1875,0.34375,1.635792778649925,0.94735647832993
fade_credit_72h,credit_spread_proxy,72,p90,0.9,delayed,immigration_border,USO,19,0.7368421052631579,0.5384615384615384,0.15019313376065063,2.853669541452362,1.6599173024007372,0.014319151865620272,0.9649122807017544,,,,,0.3684210526315789,0.5263157894736842,0.6684491978609609,1.4444444444444489
fade_credit_72h,credit_spread_proxy,72,p90,0.9,delayed,domestic_politics_attacks,GLD,60,0.6,0.3519397269397214,-0.09828352780772456,-5.897011668463474,0.7408434534018914,0.01346648509608106,0.9833333333333333,,,,,0.08333333333333333,0.4,1.2857110611048652,0.9068322981366461
fade_credit_72h,credit_spread_proxy,72,p90,0.9,delayed,domestic_politics_attacks,QQQ,67,0.6716417910447762,0.5384615384615384,0.03709226097285753,2.485181485181455,1.1179809029973435,0.009316126150557547,1.0,,,,,0.22388059701492538,0.34328358208955223,1.4193548387096597,1.3356164383561688
fade_credit_72h,credit_spread_proxy,72,p90,0.9,delayed,domestic_politics_attacks,SLV,62,0.4838709677419355,-0.06467096122269955,-0.21623019589366146,-13.40627214540701,0.5167243948550003,0.017108352901710755,0.9830508474576272,,,,,0.12903225806451613,0.3387096774193548,1.984759507829967,1.10954222326381
fade_credit_72h,credit_spread_proxy,72,p90,0.9,delayed,domestic_politics_attacks,SPY,66,0.7272727272727273,0.5384615384615384,0.18953502125528407,12.509311402848748,1.9740377320981835,0.0072428291671465805,1.0,,,,,0.2727272727272727,0.4393939393939394,1.2237623762376475,1.4453280318091493
fade_credit_72h,credit_spread_proxy,72,p90,0.9,delayed,domestic_politics_attacks,UNG,81,0.6790123456790124,0.5384615384615384,0.04957360925230053,4.015462349436343,1.1672509741307056,0.01866666666666661,1.0,,,,,0.20987654320987653,0.35802469135802467,2.3913043478260856,1.3333333333333333
fade_credit_72h,credit_spread_proxy,72,p90,0.9,delayed,domestic_politics_attacks,USO,43,0.6976744186046512,0.5384615384615384,0.04862158003271375,2.0907279414066915,1.160825226262053,0.014733969986357454,0.9649122807017544,,,,,0.32558139534883723,0.46511627906976744,1.0185185185185148,0.9310344827586214
fade_credit_72h,credit_spread_proxy,72,p90,0.9,delayed,other,GLD,589,0.5636672325976231,0.4173228346456944,-0.08055305440052034,-47.44574904190648,0.7786940792350738,0.011721869111118055,0.9830508474576272,,,,,0.14431239388794567,0.37860780984719866,1.4442105263157923,0.7836257309941801
fade_credit_72h,credit_spread_proxy,72,p90,0.9,delayed,other,QQQ,648,0.7345679012345679,0.5384615384615384,0.13991204274091626,90.66300369611373,1.5633538459019851,0.006709833330450277,1.0,,,,,0.2916666666666667,0.4506172839506173,1.0952380952381184,1.783333333333341
fade_credit_72h,credit_spread_proxy,72,p90,0.9,delayed,other,SLV,621,0.5909822866344605,0.3086913086913035,-0.060637000083572826,-37.655577051898725,0.8234862191916787,0.015625,0.9830508474576272,,,,,0.17391304347826086,0.3719806763285024,1.7213114754098446,1.0
fade_credit_72h,credit_spread_proxy,72,p90,0.9,delayed,other,SPY,611,0.7119476268412439,0.5384615384615384,0.16863281149799478,103.03464782527482,1.7991665579129015,0.0059827527183216045,1.0,,,,,0.3158756137479542,0.43044189852700493,1.2125813449023894,1.7174796747967485
fade_credit_72h,credit_spread_proxy,72,p90,0.9,delayed,other,UNG,805,0.662111801242236,0.5384615384615384,0.03301497711276503,26.57705657577585,1.1102500819194558,0.02376811594202899,1.0,,,,,0.16770186335403728,0.31801242236024846,1.564102564102572,1.3333333333333333
fade_credit_72h,credit_spread_proxy,72,p90,0.9,delayed,other,USO,433,0.7505773672055427,0.5384615384615384,0.1547431235782573,67.00377250938541,1.6693709829214332,0.015035500487261544,0.9672131147540983,,,,,0.3233256351039261,0.49191685912240185,1.0185185185185148,1.5473568281938317
fade_debit_24h,debit_spread_proxy,24,all,0.0,immediate,tariffs_trade,GLD,95,0.4421052631578947,-0.36116910229644134,-0.06958489944293982,-6.610565447079282,0.8563106302277967,0.0014781774331578124,0.5692307692307692,0.17894736842105263,0.28421052631578947,4.25333333333333,3.8022388059701386,,,,
fade_debit_24h,debit_spread_proxy,24,all,0.0,immediate,tariffs_trade,QQQ,95,0.4421052631578947,-0.8571428571432748,-0.1303545122948471,-12.383678668010475,0.7504469788996606,0.0020180194871376456,0.6307692307692307,0.22105263157894736,0.30526315789473685,4.072164948454017,2.171874999999921,,,,
fade_debit_24h,debit_spread_proxy,24,all,0.0,immediate,tariffs_trade,SLV,93,0.5591397849462365,0.571428571428557,0.1107232958202062,10.297266511279176,1.2768139897346198,0.0024227740763174133,0.4838709677419355,0.20430107526881722,0.3010752688172043,3.333333333333136,3.268656716417899,,,,
fade_debit_24h,debit_spread_proxy,24,all,0.0,immediate,tariffs_trade,SPY,95,0.5052631578947369,0.05555555555566082,-0.019451466318587556,-1.8478893002658179,0.9583024460453432,0.0016038874420376548,0.6721311475409836,0.21052631578947367,0.3157894736842105,3.2845528455283772,2.6918604651162337,,,,
fade_debit_24h,debit_spread_proxy,24,all,0.0,immediate,tariffs_trade,UNG,91,0.4725274725274725,-0.12499999999997224,-0.02721100793874639,-2.4762017224259214,0.9414832009814631,0.004773269689737347,0.5901639344262295,0.2087912087912088,0.2857142857142857,2.769230769230786,2.884615384615387,,,,
fade_debit_24h,debit_spread_proxy,24,all,0.0,immediate,tariffs_trade,USO,90,0.4777777777777778,-0.03385273028130467,-0.0011749802675092525,-0.10574822407583273,0.997414542188342,0.0031529816916597286,0.6229508196721312,0.16666666666666666,0.28888888888888886,2.434098639455821,3.17152961980544,,,,
fade_debit_24h,debit_spread_proxy,24,all,0.0,immediate,war_geopolitics,GLD,157,0.5859872611464968,0.6612903225806807,0.12853835910260583,20.180522379109114,1.3349123788780457,0.0013443504492096636,0.49230769230769234,0.15286624203821655,0.28662420382165604,4.000000000000406,4.461538461538342,,,,
fade_debit_24h,debit_spread_proxy,24,all,0.0,immediate,war_geopolitics,QQQ,158,0.5,0.05803009317551814,0.00817637015135944,1.2918664839147915,1.018760075218316,0.0015332087609912226,0.5083356487913309,0.10759493670886076,0.21518987341772153,3.706685251420346,3.25815608507921,,,,
fade_debit_24h,debit_spread_proxy,24,all,0.0,immediate,war_geopolitics,SLV,153,0.5424836601307189,0.5483870967741846,0.09470285549185486,14.489536890253795,1.2276305530521137,0.0030092592592592116,0.5692307692307692,0.1830065359477124,0.29411764705882354,2.818181818181789,3.5999999999999432,,,,
fade_debit_24h,debit_spread_proxy,24,all,0.0,immediate,war_geopolitics,SPY,158,0.4810126582278481,-0.17660164043450616,-0.03126006937967965,-4.939090961989384,0.9330034216968374,0.0013033429239512895,0.5715006305170239,0.10759493670886076,0.17721518987341772,3.605263157896898,3.3208208831340507,,,,
fade_debit_24h,debit_spread_proxy,24,all,0.0,immediate,war_geopolitics,UNG,149,0.4563758389261745,-0.2857142857142785,-0.061607079809519336,-9.17945489161838,0.8733928710074035,0.004129793510324609,0.5384615384615384,0.18120805369127516,0.2751677852348993,2.799999999999936,3.777777777777782,,,,
fade_debit_24h,debit_spread_proxy,24,all,0.0,immediate,war_geopolitics,USO,152,0.506578947368421,0.05062111801243203,0.006211947793264029,0.9442160645761324,1.013621403219966,0.0035556972312932866,0.6350567465321564,0.20394736842105263,0.2894736842105263,3.21090909090911,3.194124423963149,,,,
fade_debit_24h,debit_spread_proxy,24,all,0.0,immediate,oil_gas_energy,GLD,23,0.4782608695652174,0.0,0.029374123593598332,0.6756048426527617,1.0705313999797714,0.0010498815831236907,0.38461538461538464,0.13043478260869565,0.2608695652173913,3.405405405405339,8.347826086956385,,,,
fade_debit_24h,debit_spread_proxy,24,all,0.0,immediate,oil_gas_energy,QQQ,23,0.4782608695652174,-0.1578947368422627,0.02083552706486342,0.47921712249185866,1.0456152615642853,0.0010894991508316743,0.43548387096774194,0.21739130434782608,0.34782608695652173,3.079681274900371,4.212264150943364,,,,
fade_debit_24h,debit_spread_proxy,24,all,0.0,immediate,oil_gas_energy,SLV,24,0.5833333333333334,0.7214285714285554,0.13389779531083715,3.2135470874600918,1.326217579496264,0.0015431483169972005,0.4587641866330391,0.20833333333333334,0.2916666666666667,4.357142857142892,7.7857142857143415,,,,
fade_debit_24h,debit_spread_proxy,24,all,0.0,immediate,oil_gas_energy,SPY,24,0.6666666666666666,1.0,0.3443674175823513,8.264818021976431,2.1221591544684246,0.0013682420137902662,0.6299007444168734,0.20833333333333334,0.375,2.4656618610751124,4.003000295803819,,,,
fade_debit_24h,debit_spread_proxy,24,all,0.0,immediate,oil_gas_energy,UNG,23,0.4782608695652174,0.0,0.003881987577640183,0.08928571428572421,1.0088183421516765,0.005123825789923098,0.7538461538461538,0.17391304347826086,0.21739130434782608,3.3846153846153606,4.444444444444455,,,,
fade_debit_24h,debit_spread_proxy,24,all,0.0,immediate,oil_gas_energy,USO,24,0.5416666666666666,0.187500000000006,0.0805981968810942,1.9343567251462608,1.213217520224328,0.003890474203133154,0.7,0.20833333333333334,0.375,2.421296296296333,2.414285714285665,,,,
fade_debit_24h,debit_spread_proxy,24,all,0.0,immediate,fed_inflation_rates,GLD,46,0.41304347826086957,-0.28684185650820937,-0.10101327480724973,-4.6466106411334875,0.7922146237312608,0.001696297825338866,0.5156368221941993,0.15217391304347827,0.21739130434782608,3.4796650717700635,2.07601038190586,,,,
fade_debit_24h,debit_spread_proxy,24,all,0.0,immediate,fed_inflation_rates,QQQ,46,0.391304347826087,-1.0,-0.2602701013367748,-11.97242466149164,0.5318000966763612,0.001322994577975023,0.5242503259452412,0.13043478260869565,0.1956521739130435,3.5419856459330727,1.870180475799855,,,,
fade_debit_24h,debit_spread_proxy,24,all,0.0,immediate,fed_inflation_rates,SLV,44,0.38636363636363635,-0.7803030303030352,-0.21046537332216397,-9.260476426175215,0.6211155861937702,0.004016064257028051,0.5556116015132408,0.11363636363636363,0.22727272727272727,4.041666666666705,1.843445692883886,,,,
fade_debit_24h,debit_spread_proxy,24,all,0.0,immediate,fed_inflation_rates,SPY,46,0.3695652173913043,-0.8823529411764737,-0.19383956131685764,-8.916619820575452,0.6468696331136082,0.0011246996100329198,0.5752986940816893,0.17391304347826086,0.21739130434782608,3.4625668449196887,1.5362566629789989,,,,
fade_debit_24h,debit_spread_proxy,24,all,0.0,immediate,fed_inflation_rates,UNG,45,0.4888888888888889,-0.11111111111110891,0.007387151895344759,0.33242183529051417,1.016608206087389,0.005405405405405239,0.5409836065573771,0.1111111111111111,0.2,2.666666666666568,3.3999999999999857,,,,
fade_debit_24h,debit_spread_proxy,24,all,0.0,immediate,fed_inflation_rates,USO,43,0.5116279069767442,0.8076923076923119,0.029799453912065337,1.2813765182188095,1.0624260355029684,0.002192982456140413,0.47540983606557374,0.09302325581395349,0.16279069767441862,5.071428571428608,4.830188679245277,,,,
fade_debit_24h,debit_spread_proxy,24,all,0.0,immediate,immigration_border,GLD,83,0.6024096385542169,0.8285714285714054,0.15976737015653403,13.260691722992323,1.420687512513294,0.0016239158516331287,0.5833333333333334,0.12048192771084337,0.25301204819277107,3.4285714285714026,3.099999999999905,,,,
fade_debit_24h,debit_spread_proxy,24,all,0.0,immediate,immigration_border,QQQ,84,0.4880952380952381,-0.32457994728748873,-0.051543817627800234,-4.32968068073522,0.8950519275283573,0.0014104259057358126,0.5353598014888337,0.10714285714285714,0.21428571428571427,2.276341305753017,2.9682121476677352,,,,
fade_debit_24h,debit_spread_proxy,24,all,0.0,immediate,immigration_border,SLV,82,0.6951219512195121,1.0,0.3646252202989224,29.899268064511638,2.329313728240628,0.0021183060730423087,0.5125706214689265,0.17073170731707318,0.3170731707317073,2.480769230769009,5.875000000000067,,,,
fade_debit_24h,debit_spread_proxy,24,all,0.0,immediate,immigration_border,SPY,83,0.5542168674698795,0.3760217983651139,0.10660406062526273,8.848137031896806,1.2644772696857665,0.0012627591286962225,0.5483870967741935,0.1927710843373494,0.3493975903614458,2.2545454545451915,3.301886792452764,,,,
fade_debit_24h,debit_spread_proxy,24,all,0.0,immediate,immigration_border,UNG,80,0.5375,0.4844827586206968,0.09504282373930309,7.603425899144248,1.2299817682895542,0.003626656848306431,0.5169491525423728,0.2125,0.3125,3.061538461538454,4.212121212121167,,,,
fade_debit_24h,debit_spread_proxy,24,all,0.0,immediate,immigration_border,USO,81,0.5802469135802469,1.0,0.18416198760169983,14.917120995737687,1.502959349752227,0.0023041474654377225,0.5573770491803278,0.19753086419753085,0.3333333333333333,2.090909090909138,5.142857142857114,,,,
fade_debit_24h,debit_spread_proxy,24,all,0.0,immediate,domestic_politics_attacks,GLD,93,0.5268817204301075,0.552238805970143,0.07091646312422084,6.595231070552538,1.1639494772439802,0.0008862025086348035,0.3770491803278688,0.12903225806451613,0.23655913978494625,4.444444444445743,6.181818181818816,,,,
fade_debit_24h,debit_spread_proxy,24,all,0.0,immediate,domestic_politics_attacks,QQQ,95,0.4631578947368421,-0.3650793650793966,-0.029641226306650177,-2.8159164991317667,0.9381652107188225,0.0013353084771224877,0.53125,0.17894736842105263,0.24210526315789474,3.8188976377953483,3.49374999999997,,,,
fade_debit_24h,debit_spread_proxy,24,all,0.0,immediate,domestic_politics_attacks,SLV,93,0.4838709677419355,-0.2666666666666872,-0.01880787658672714,-1.749132522565624,0.9613512590332506,0.0020366598778003286,0.4576271186440678,0.16129032258064516,0.26881720430107525,3.3999999999999146,4.636363636363642,,,,
fade_debit_24h,debit_spread_proxy,24,all,0.0,immediate,domestic_politics_attacks,SPY,93,0.44086021505376344,-0.40960451977402834,-0.03391055793098344,-3.1536818875814596,0.9284968390385255,0.0009284028324154647,0.47540983606557374,0.16129032258064516,0.22580645161290322,3.5666666666656437,3.6025641025637793,,,,
fade_debit_24h,debit_spread_proxy,24,all,0.0,immediate,domestic_politics_attacks,UNG,89,0.5842696629213483,1.0,0.17415470934645352,15.499769131834363,1.4731955759229927,0.005029337803855949,0.5230769230769231,0.24719101123595505,0.3146067415730337,2.600000000000007,3.363636363636374,,,,
fade_debit_24h,debit_spread_proxy,24,all,0.0,immediate,domestic_politics_attacks,USO,91,0.5054945054945055,0.1944444444444258,0.017678778699176768,1.608768861625086,1.0388431794311932,0.0027440219521757125,0.5932203389830508,0.1978021978021978,0.26373626373626374,3.2368421052632073,3.3571428571428354,,,,
fade_debit_24h,debit_spread_proxy,24,all,0.0,immediate,other,GLD,1349,0.49740548554484804,-0.052631578947321185,-0.0011793026862171611,-1.5908793237069503,0.9974277244142788,0.001302545885139228,0.5081967213114754,0.1697553743513714,0.2446256486286138,3.7999999999999545,3.852631578947381,,,,
fade_debit_24h,debit_spread_proxy,24,all,0.0,immediate,other,QQQ,1351,0.5107327905255367,0.11637931034482293,0.007092353638840375,9.581769766073347,1.0154311958885474,0.001191737288135597,0.5084745762711864,0.14433752775721687,0.22723908216136196,3.722222222223345,3.885714285714072,,,,
fade_debit_24h,debit_spread_proxy,24,all,0.0,immediate,other,SLV,1287,0.5073815073815073,0.10791366906474202,0.023757471616450844,30.575865970372234,1.0528868739479185,0.0021651716671822197,0.515625,0.1655011655011655,0.2602952602952603,3.615384615384733,3.578947368421094,,,,
fade_debit_24h,debit_spread_proxy,24,all,0.0,immediate,other,SPY,1351,0.4996299037749815,-0.02857142857156778,-0.013670015845718832,-18.46819140756614,0.9707306777632596,0.0009158840461722662,0.5084745762711864,0.15025906735751296,0.20799407846039972,3.5319148936167486,3.666666666666486,,,,
fade_debit_24h,debit_spread_proxy,24,all,0.0,immediate,other,UNG,1283,0.49727201870615745,0.0,0.007535197952991104,9.667658973687587,1.0165296523541714,0.00465425531914887,0.5901639344262295,0.16991426344505067,0.2626656274356976,3.0681818181818374,3.1999999999999575,,,,
fade_debit_24h,debit_spread_proxy,24,all,0.0,immediate,other,USO,1310,0.4961832061068702,0.0,-0.006842565888731027,-8.963761314237646,0.9852687175740417,0.0023881942956319735,0.5333333333333333,0.16412213740458015,0.24961832061068703,3.2418906394810327,3.1972222222222113,,,,
fade_debit_24h,debit_spread_proxy,24,all,0.0,delayed,tariffs_trade,GLD,38,0.6052631578947368,0.24044011544011187,0.16389588376039552,6.22804358289503,1.5784383149189563,0.005540163146018906,0.923728813559322,0.3684210526315789,0.631578947368421,0.8013333333333275,1.2208258527827582,,,,
fade_debit_24h,debit_spread_proxy,24,all,0.0,delayed,tariffs_trade,QQQ,38,0.6578947368421053,0.21236171236170498,0.20700250080285096,7.866095030508337,1.7792873779053857,0.004044493318416942,0.926857887874837,0.34210526315789475,0.6842105263157895,0.7347916317289531,1.441795231416547,,,,
fade_debit_24h,debit_spread_proxy,24,all,0.0,delayed,tariffs_trade,SLV,38,0.5789473684210527,0.2717091295116756,0.07363609098702718,2.798171457507033,1.2059400292798979,0.009629936979488662,0.950382722799344,0.42105263157894735,0.6052631578947368,0.8642857142857139,1.0724637681159483,,,,
fade_debit_24h,debit_spread_proxy,24,all,0.0,delayed,tariffs_trade,SPY,38,0.5263157894736842,0.35584232801088134,0.15866560329562557,6.029292925233771,1.5385178974444935,0.002903471100691335,0.9153846153846155,0.4473684210526316,0.631578947368421,0.6927590124987123,1.6715723654110766,,,,
fade_debit_24h,debit_spread_proxy,24,all,0.0,delayed,tariffs_trade,UNG,38,0.6842105263157895,0.7386363636363491,0.28751796562326165,10.925682693683942,2.044374826308918,0.012648624490729843,0.9814814814814815,0.15789473684210525,0.34210526315789475,1.5050000000000017,2.105454545454548,,,,
fade_debit_24h,debit_spread_proxy,24,all,0.0,delayed,tariffs_trade,USO,37,0.6486486486486487,1.0,0.37918535154550453,14.029858007183668,2.5987089961159233,0.008107352530053014,0.8852459016393442,0.32432432432432434,0.5945945945945946,0.830188679245277,2.400000000000013,,,,
fade_debit_24h,debit_spread_proxy,24,all,0.0,delayed,war_geopolitics,GLD,107,0.5887850467289719,0.12000000000004245,0.0759713843566689,8.128938126163574,1.2193932389829842,0.006273181006456241,0.9491525423728814,0.34579439252336447,0.5046728971962616,0.9068322981366256,0.8917197452229233,,,,
fade_debit_24h,debit_spread_proxy,24,all,0.0,delayed,war_geopolitics,QQQ,107,0.5607476635514018,0.10588235294116043,0.02048626792295932,2.1920306677566472,1.0646735782504617,0.0061520887728461204,1.0,0.4392523364485981,0.5981308411214953,0.7233146067415693,1.0250000000000496,,,,
fade_debit_24h,debit_spread_proxy,24,all,0.0,delayed,war_geopolitics,SLV,106,0.6132075471698113,0.5450906026127326,0.22605923631757008,23.962279049662428,1.8123691405300164,0.011230201060733802,0.9588572990705304,0.4716981132075472,0.6698113207547169,0.5714285714286101,1.623655913978495,,,,
fade_debit_24h,debit_spread_proxy,24,all,0.0,delayed,war_geopolitics,SPY,107,0.3925233644859813,-0.04091653027823269,-0.006801571247485432,-0.7277681234809412,0.9800728206610873,0.004016803628512644,0.9830508474576272,0.4205607476635514,0.5514018691588785,0.8872180451127171,1.2976190476190765,,,,
fade_debit_24h,debit_spread_proxy,24,all,0.0,delayed,war_geopolitics,UNG,106,0.42452830188679247,-0.743243243243244,-0.1235289786948227,-13.094071741651206,0.7601211489851121,0.011009018659410008,0.9814814814814815,0.2169811320754717,0.330188679245283,2.0097402597402554,0.961538461538459,,,,
fade_debit_24h,debit_spread_proxy,24,all,0.0,delayed,war_geopolitics,USO,107,0.6448598130841121,0.6079812206572771,0.22311503178862374,23.87330840138274,1.7486319789794214,0.011279127416956025,0.9508196721311475,0.38317757009345793,0.5233644859813084,0.8980392156862752,1.4848484848484562,,,,
fade_debit_24h,debit_spread_proxy,24,all,0.0,delayed,oil_gas_energy,GLD,7,0.5714285714285714,0.8039215686274587,0.1315677786266043,0.92097445038623,1.3427686864219428,0.004746504106656557,0.8983050847457628,0.2857142857142857,0.5714285714285714,0.7299270072992828,2.0656934306569585,,,,
fade_debit_24h,debit_spread_proxy,24,all,0.0,delayed,oil_gas_energy,QQQ,7,0.5714285714285714,0.10588235294116043,-0.011121825779495165,-0.07785278045646615,0.9659974729748607,0.007267441860465018,1.0,0.42857142857142855,0.8571428571428571,0.7645305514157925,0.8917647058823444,,,,
fade_debit_24h,debit_spread_proxy,24,all,0.0,delayed,oil_gas_energy,SLV,7,0.5714285714285714,0.5238095238095367,-0.01466103682852214,-0.10262725779965498,0.9637786148942392,0.00881325026591706,0.9491525423728814,0.42857142857142855,0.5714285714285714,0.5714285714286101,1.6724137931034513,,,,
fade_debit_24h,debit_spread_proxy,24,all,0.0,delayed,oil_gas_energy,SPY,7,0.2857142857142857,-0.3359073359073335,-0.09654428943628061,-0.6758100260539643,0.7474372173384124,0.003948652274667674,0.9830508474576272,0.5714285714285714,0.8571428571428571,0.3359073359073335,1.0617760617760488,,,,
fade_debit_24h,debit_spread_proxy,24,all,0.0,delayed,oil_gas_energy,UNG,7,0.5714285714285714,0.15094339622641542,0.02156334231805936,0.1509433962264155,1.0503144654088052,0.00742804085422466,0.9074074074074074,0.14285714285714285,0.14285714285714285,6.733333333333407,1.3333333333333333,,,,
fade_debit_24h,debit_spread_proxy,24,all,0.0,delayed,oil_gas_energy,USO,7,0.5714285714285714,0.07692307692307482,0.026372550601626004,0.18460785421138204,1.0730316785891185,0.014733969986357454,0.9649122807017544,0.5714285714285714,0.7142857142857143,0.42307692307691835,1.7368421052631575,,,,
fade_debit_24h,debit_spread_proxy,24,all,0.0,delayed,fed_inflation_rates,GLD,12,0.5,-0.07445064851338182,-0.2348027650261881,-2.817633180314257,0.3732677327201142,0.006786966451156395,0.9831920903954803,0.3333333333333333,0.4166666666666667,1.184591975893138,0.48131539611360163,,,,
fade_debit_24h,debit_spread_proxy,24,all,0.0,delayed,fed_inflation_rates,QQQ,12,0.75,0.05809312638582362,0.18450838830558972,2.2141006596670767,1.7844924999180134,0.0031193284936480437,0.8709677419354839,0.25,0.4166666666666667,1.3696969696968886,2.647208121827411,,,,
fade_debit_24h,debit_spread_proxy,24,all,0.0,delayed,fed_inflation_rates,SLV,12,0.4166666666666667,-0.0934027639491767,-0.16177291698069896,-1.9412750037683875,0.4955287127285824,0.02035928143712573,0.9838709677419355,0.5833333333333334,0.5833333333333334,0.40350367789391817,0.28659046557011447,,,,
fade_debit_24h,debit_spread_proxy,24,all,0.0,delayed,fed_inflation_rates,SPY,12,0.6666666666666666,0.43604651162791447,0.27177156582448214,3.2612587898937857,2.072459160723952,0.0031856187944933056,0.9673453199365415,0.5833333333333334,0.5833333333333334,0.42043785310736004,1.5959302325581697,,,,
fade_debit_24h,debit_spread_proxy,24,all,0.0,delayed,fed_inflation_rates,UNG,12,0.4166666666666667,-0.5557291666666676,-0.11989910547552445,-1.4387892657062933,0.7486613026295968,0.02160664819944591,1.0,0.0,0.5,1.007812500000002,1.1746031746031695,,,,
fade_debit_24h,debit_spread_proxy,24,all,0.0,delayed,fed_inflation_rates,USO,12,0.6666666666666666,0.24908088235293788,0.14717160369141,1.7660592442969199,1.7100677403746547,0.007760397720383283,0.8363636363636363,0.3333333333333333,0.4166666666666667,1.4117647058823608,1.8942708333333345,,,,
fade_debit_24h,debit_spread_proxy,24,all,0.0,delayed,immigration_border,GLD,43,0.4418604651162791,-0.17202268431001222,-0.12198854838042322,-5.245507580358199,0.734115738647731,0.006812164211716931,0.9661016949152542,0.27906976744186046,0.46511627906976744,1.0478087649402363,0.8029197080291696,,,,
fade_debit_24h,debit_spread_proxy,24,all,0.0,delayed,immigration_border,QQQ,43,0.6744186046511628,0.20779220779220828,0.18073255919724923,7.771500045481717,1.658771237602723,0.003934529430280165,0.9384615384615385,0.32558139534883723,0.5581395348837209,0.9805194805194978,1.4036697247705763,,,,
fade_debit_24h,debit_spread_proxy,24,all,0.0,delayed,immigration_border,SLV,43,0.37209302325581395,-0.36842105263158487,-0.16574158721633614,-7.1268882503024535,0.655029644505784,0.00916590284142993,0.9491525423728814,0.23255813953488372,0.37209302325581395,1.666666666666643,0.7666666666666635,,,,
fade_debit_24h,debit_spread_proxy,24,all,0.0,delayed,immigration_border,SPY,43,0.4418604651162791,-0.008403361344529786,0.0977511067993437,4.203297592371779,1.3120967898366633,0.00300815771583951,0.9508196721311475,0.2558139534883721,0.4418604651162791,1.2746478873238398,1.5959302325581697,,,,
fade_debit_24h,debit_spread_proxy,24,all,0.0,delayed,immigration_border,UNG,42,0.4523809523809524,-0.524390243902431,-0.09415113065941452,-3.9543474876954097,0.7989945597354207,0.021181834478233297,1.0,0.2619047619047619,0.47619047619047616,1.0538651315789516,1.153846153846154,,,,
fade_debit_24h,debit_spread_proxy,24,all,0.0,delayed,immigration_border,USO,43,0.5581395348837209,0.1333333333333523,0.029215586236449143,1.2562702081673132,1.0732280162540986,0.007642393655371338,0.8363636363636363,0.3488372093023256,0.4883720930232558,1.0333333333333026,1.4848484848484562,,,,
fade_debit_24h,debit_spread_proxy,24,all,0.0,delayed,domestic_politics_attacks,GLD,109,0.46788990825688076,-0.07017543859649948,0.002479463624752638,0.2702615350980375,1.0064752339541512,0.005417031785230675,0.9491525423728814,0.28440366972477066,0.5412844036697247,0.8026666666666719,1.0945945945945843,,,,
fade_debit_24h,debit_spread_proxy,24,all,0.0,delayed,domestic_politics_attacks,QQQ,109,0.5779816513761468,0.103343465045594,0.1524962598272571,16.622092321171024,1.5555927099770301,0.004886117342864704,0.9836065573770492,0.3761467889908257,0.5596330275229358,0.7640449438201802,1.313356164383567,,,,
fade_debit_24h,debit_spread_proxy,24,all,0.0,delayed,domestic_politics_attacks,SLV,109,0.44036697247706424,-0.21739130434782877,-0.0468956234506724,-5.111622956123291,0.8842307850062777,0.00881325026591706,0.9491525423728814,0.24770642201834864,0.47706422018348627,1.1999999999999573,1.2000000000000284,,,,
fade_debit_24h,debit_spread_proxy,24,all,0.0,delayed,domestic_politics_attacks,SPY,108,0.5,0.03678929765886733,0.07276504162885127,7.858624495915937,1.2090015999358197,0.0036215283643512564,0.9830508474576272,0.3148148148148148,0.5555555555555556,0.9762376237623976,1.1708880308880107,,,,
fade_debit_24h,debit_spread_proxy,24,all,0.0,delayed,domestic_politics_attacks,UNG,108,0.4166666666666667,-0.6021505376344083,-0.15486063740052122,-16.724948839256292,0.6992847291375058,0.014790398918187897,0.9814814814814815,0.23148148148148148,0.46296296296296297,1.4686411149825693,1.2758620689655173,,,,
fade_debit_24h,debit_spread_proxy,24,all,0.0,delayed,domestic_politics_attacks,USO,109,0.5596330275229358,0.2994652406417117,0.160970912451189,17.5458294571796,1.5132710352655074,0.007642393655371338,0.847457627118644,0.3302752293577982,0.46788990825688076,1.098039215686268,1.4848484848484562,,,,
fade_debit_24h,debit_spread_proxy,24,all,0.0,delayed,other,GLD,1067,0.45735707591377694,-0.080808080808064,-0.03909871635495345,-41.71833035073533,0.9049068900475844,0.005729064361945868,0.9491525423728814,0.2642924086223055,0.48266166822867856,1.0478087649402363,1.0285714285714564,,,,
fade_debit_24h,debit_spread_proxy,24,all,0.0,delayed,other,QQQ,1067,0.6232427366447985,0.3626991565135875,0.1965890201857294,209.76048453817327,1.7276881489037674,0.004685754306391732,0.9836065573770492,0.3467666354264292,0.5463917525773195,0.9426229508196324,1.5404814004376435,,,,
fade_debit_24h,debit_spread_proxy,24,all,0.0,delayed,other,SLV,1061,0.48539114043355325,-0.03554502369668045,-0.006411632234739319,-6.802741801058417,0.9838864766602553,0.00999432140829093,0.9491525423728814,0.27238454288407166,0.46936852026390197,1.0833333333333162,1.0,,,,
fade_debit_24h,debit_spread_proxy,24,all,0.0,delayed,other,SPY,1064,0.5366541353383458,0.32903225806450787,0.13533756816689957,143.99917252958113,1.4328897000111198,0.0032852450556924984,0.9661016949152542,0.34116541353383456,0.5169172932330827,0.9929577464788,1.5155038759689559,,,,
fade_debit_24h,debit_spread_proxy,24,all,0.0,delayed,other,UNG,1052,0.4838403041825095,-0.15384615384614964,-0.030347880255117456,-31.925970028383563,0.9296325358165272,0.014233241505968719,0.9814814814814815,0.2785171102661597,0.4667300380228137,1.1111111111111187,1.2768199233716497,,,,
fade_debit_24h,debit_spread_proxy,24,all,0.0,delayed,other,USO,1065,0.5849765258215962,0.34374999999999795,0.14811904666112166,157.74678469409457,1.4435592879232113,0.006882312456985562,0.8181818181818182,0.29295774647887324,0.460093896713615,1.1521739130434299,1.6984126984126842,,,,
fade_debit_24h,debit_spread_proxy,24,p80,0.8,immediate,tariffs_trade,GLD,27,0.48148148148148145,-0.01874999999998268,0.029505969604822876,0.7966611793302176,1.0829966074994268,0.0058014611087237045,0.9193548387096774,0.2962962962962963,0.5555555555555556,0.8626760563380318,1.1388888888889372,,,,
fade_debit_24h,debit_spread_proxy,24,p80,0.8,immediate,tariffs_trade,QQQ,33,0.6060606060606061,0.4606234618539772,0.15213404999422528,5.020423649809434,1.4519526949325305,0.005431146444173307,0.9180327868852459,0.36363636363636365,0.5454545454545454,0.6646525679758555,1.8239999999999934,,,,
fade_debit_24h,debit_spread_proxy,24,p80,0.8,immediate,tariffs_trade,SLV,20,0.5,-0.1320214338506983,0.05502089686767393,1.1004179373534786,1.1375664191008978,0.007728197020740013,0.9038461538461539,0.4,0.5,0.8787878787878779,1.9581425768476235,,,,
fade_debit_24h,debit_spread_proxy,24,p80,0.8,immediate,tariffs_trade,SPY,31,0.6129032258064516,0.35622317596567654,0.12989944089256134,4.026882667669401,1.3756434581749735,0.005059678256356892,0.9344262295081968,0.2903225806451613,0.5483870967741935,0.6600234466588439,1.5999999999999586,,,,
fade_debit_24h,debit_spread_proxy,24,p80,0.8,immediate,tariffs_trade,UNG,22,0.5909090909090909,0.4621848739495824,0.23710169883749596,5.216237374424911,2.0210913530941212,0.014079014715776939,0.9016129032258065,0.45454545454545453,0.6363636363636364,0.6397849462365611,1.6025852585258518,,,,
fade_debit_24h,debit_spread_proxy,24,p80,0.8,immediate,tariffs_trade,USO,27,0.5555555555555556,0.5654101995565397,0.21151956430291113,5.711028236178601,1.7340619399687747,0.007551919446192712,0.8688524590163934,0.2962962962962963,0.48148148148148145,1.3953488372093066,1.278169014084504,,,,
fade_debit_24h,debit_spread_proxy,24,p80,0.8,immediate,war_geopolitics,GLD,38,0.6052631578947368,0.7269371932863239,0.2105851845131233,8.002237011498686,1.6616748705012954,0.0047874511542161935,0.9322033898305084,0.2631578947368421,0.5526315789473685,0.9520412642669027,2.1021988089784625,,,,
fade_debit_24h,debit_spread_proxy,24,p80,0.8,immediate,war_geopolitics,QQQ,43,0.5348837209302325,0.20689655172413193,0.029830300798717225,1.2827029343448406,1.0764768954141506,0.004628181875039106,0.8983050847457628,0.18604651162790697,0.4186046511627907,1.719367588932834,1.326836581709157,,,,
fade_debit_24h,debit_spread_proxy,24,p80,0.8,immediate,war_geopolitics,SLV,35,0.5714285714285714,0.6685878962536047,0.1895832749205078,6.635414622217773,1.5919268994345719,0.010200927357032374,0.9076923076923077,0.2857142857142857,0.45714285714285713,1.1085271317829462,1.4277456647398923,,,,
fade_debit_24h,debit_spread_proxy,24,p80,0.8,immediate,war_geopolitics,SPY,44,0.5681818181818182,0.29545155121122424,0.041749127243463496,1.836961598712394,1.1084895614715908,0.003605986991941368,0.8923076923076924,0.20454545454545456,0.36363636363636365,1.7253233492171391,1.5859805584156006,,,,
fade_debit_24h,debit_spread_proxy,24,p80,0.8,immediate,war_geopolitics,UNG,35,0.5142857142857142,0.22727272727272985,0.10601526531059166,3.710534285870708,1.3060139713465426,0.013793103448275668,0.8769230769230769,0.42857142857142855,0.6285714285714286,0.7894736842105136,1.0909090909090886,,,,
fade_debit_24h,debit_spread_proxy,24,p80,0.8,immediate,war_geopolitics,USO,53,0.4528301886792453,-0.3209876543209931,-0.11777627318567974,-6.242142478841026,0.7563977021396168,0.00823876884812691,0.8923076923076924,0.20754716981132076,0.37735849056603776,2.1818181818181426,1.2916666666666654,,,,
fade_debit_24h,debit_spread_proxy,24,p80,0.8,immediate,oil_gas_energy,GLD,6,0.16666666666666666,-0.28939056112972017,-0.37424129815435125,-2.2454477889261075,0.12926003314359535,0.004042243370921572,0.8810844892812106,0.0,0.3333333333333333,1.7609933476153559,1.0155548004681454,,,,
fade_debit_24h,debit_spread_proxy,24,p80,0.8,immediate,oil_gas_energy,QQQ,9,0.5555555555555556,0.9848484848484992,0.1819013177037912,1.6371118593341207,1.4890205062301098,0.004974818818326954,0.9016393442622951,0.2222222222222222,0.4444444444444444,1.7861445783132588,1.689393939393889,,,,
fade_debit_24h,debit_spread_proxy,24,p80,0.8,immediate,oil_gas_energy,SLV,4,0.75,0.8214285714285696,0.4479813664596256,1.7919254658385024,3.1058394160583784,0.005569800946634951,0.9099087353324642,0.5,0.5,1.0434782608695654,6.019305019304957,,,,
fade_debit_24h,debit_spread_proxy,24,p80,0.8,immediate,oil_gas_energy,SPY,8,0.5,0.21194379391100154,0.07936209526674252,0.6348967621339402,1.1886708125295296,0.0046308450198046525,0.9173045379989064,0.125,0.375,1.7142584722676255,2.127480005302479,,,,
fade_debit_24h,debit_spread_proxy,24,p80,0.8,immediate,oil_gas_energy,UNG,8,0.625,0.6071428571428608,0.2611607142857155,2.089285714285724,1.9831932773109302,0.009236081950877217,0.8699101004759386,0.375,0.5,1.2946428571428559,3.0347222222222316,,,,
fade_debit_24h,debit_spread_proxy,24,p80,0.8,immediate,oil_gas_energy,USO,7,0.42857142857142855,-0.11111111111111696,-0.14597505668934402,-1.021825396825408,0.6715561224489766,0.008194322505121532,0.9538461538461539,0.14285714285714285,0.42857142857142855,2.5925925925926414,1.962962962962996,,,,
fade_debit_24h,debit_spread_proxy,24,p80,0.8,immediate,fed_inflation_rates,GLD,13,0.38461538461538464,-0.07039337474120765,-0.10847992625317207,-1.410239041291237,0.7476179718083034,0.005980392156862746,0.9016393442622951,0.23076923076923078,0.3076923076923077,1.7158469945355577,0.8096590909091016,,,,
fade_debit_24h,debit_spread_proxy,24,p80,0.8,immediate,fed_inflation_rates,QQQ,9,0.2222222222222222,-1.0,-0.565229045314706,-5.087061407832354,0.07407869599662388,0.004896440287910586,0.8225806451612904,0.2222222222222222,0.3333333333333333,2.283333333333303,0.7959866220735746,,,,
fade_debit_24h,debit_spread_proxy,24,p80,0.8,immediate,fed_inflation_rates,SLV,13,0.15384615384615385,-1.0,-0.5927761893279138,-7.706090461262878,0.1457018741467044,0.011627906976744207,0.9384615384615385,0.15384615384615385,0.23076923076923078,2.3600000000000136,0.75,,,,
fade_debit_24h,debit_spread_proxy,24,p80,0.8,immediate,fed_inflation_rates,SPY,6,0.3333333333333333,-0.6178601875532778,-0.3097734821111056,-1.8586408926666338,0.4255866770918278,0.004330474195076706,0.8846153846153846,0.3333333333333333,0.5,1.0721030887271241,0.9705791743684677,,,,
fade_debit_24h,debit_spread_proxy,24,p80,0.8,immediate,fed_inflation_rates,UNG,12,0.6666666666666666,0.765331664580722,0.33477853918425543,4.017342470211065,2.260248058563804,0.016046927940557454,0.9106292966684294,0.3333333333333333,0.5,0.8677248677248666,2.186274509803919,,,,
fade_debit_24h,debit_spread_proxy,24,p80,0.8,immediate,fed_inflation_rates,USO,8,0.25,-1.0,-0.5,-4.0,0.3333333333333333,0.008727453189659173,0.9051702395964691,0.0,0.0,3.7123000761615508,1.1888839285714232,,,,
fade_debit_24h,debit_spread_proxy,24,p80,0.8,immediate,immigration_border,GLD,22,0.7727272727272727,1.0,0.47095182615650955,10.36094017544321,3.4895545297884634,0.004751866769390489,0.8884615384615384,0.2727272727272727,0.5,1.0141812865496667,1.9778336896052546,,,,
fade_debit_24h,debit_spread_proxy,24,p80,0.8,immediate,immigration_border,QQQ,18,0.6666666666666666,0.5039563008586974,0.24418206679911425,4.395277202384056,1.8718364128544498,0.0057445520914694015,0.9092400218698742,0.1111111111111111,0.3333333333333333,1.2059018567639161,1.5563832895121226,,,,
fade_debit_24h,debit_spread_proxy,24,p80,0.8,immediate,immigration_border,SLV,9,0.5555555555555556,0.23214285714286076,0.13495908730642517,1.2146317857578266,1.4025276981669241,0.01642512077294689,0.9193548387096774,0.3333333333333333,0.7777777777777778,0.7419354838709522,3.193548387096757,,,,
fade_debit_24h,debit_spread_proxy,24,p80,0.8,immediate,immigration_border,SPY,20,0.65,0.688010899182557,0.26271891875474085,5.254378375094817,1.9064864581175152,0.004141892860746843,0.8897022332506204,0.1,0.45,1.3318526626616634,1.242366329322821,,,,
fade_debit_24h,debit_spread_proxy,24,p80,0.8,immediate,immigration_border,UNG,17,0.5294117647058824,0.4000000000000057,0.06393613148177171,1.086914235190119,1.1730190007037333,0.010466222645099887,0.8688524590163934,0.35294117647058826,0.4117647058823529,1.5897435897435899,1.0,,,,
fade_debit_24h,debit_spread_proxy,24,p80,0.8,immediate,immigration_border,USO,21,0.5714285714285714,0.31521739130433857,0.21626437571650664,4.541551890046639,1.8406228399655196,0.010953058321479414,0.921875,0.3333333333333333,0.47619047619047616,1.0317460317460483,1.3818181818181854,,,,
fade_debit_24h,debit_spread_proxy,24,p80,0.8,immediate,domestic_politics_attacks,GLD,13,0.23076923076923078,-0.6386554621848676,-0.31484099115747555,-4.0929328850471824,0.4229562084711652,0.005026809651474506,0.8923076923076924,0.23076923076923078,0.5384615384615384,0.7861975642760505,1.0393258426966578,,,,
fade_debit_24h,debit_spread_proxy,24,p80,0.8,immediate,domestic_politics_attacks,QQQ,16,0.4375,-0.16120752553680334,0.04423977956524235,0.7078364730438776,1.1162214978760308,0.003236507830291724,0.875,0.375,0.5,1.0409231232587575,1.5650119617224032,,,,
fade_debit_24h,debit_spread_proxy,24,p80,0.8,immediate,domestic_politics_attacks,SLV,17,0.6470588235294118,1.0,0.23802237046748012,4.046380297947162,1.7146993089335634,0.011031797534068799,0.8983050847457628,0.35294117647058826,0.5294117647058824,0.8235294117647096,1.6451612903225736,,,,
fade_debit_24h,debit_spread_proxy,24,p80,0.8,immediate,domestic_politics_attacks,SPY,15,0.26666666666666666,-0.6795366795366676,-0.3222105307401152,-4.833157961101728,0.45283917910385635,0.003813590517558696,0.8615384615384616,0.26666666666666666,0.3333333333333333,1.5331125827814647,1.1524390243902451,,,,
fade_debit_24h,debit_spread_proxy,24,p80,0.8,immediate,domestic_politics_attacks,UNG,20,0.6,0.5104166666666636,0.15217473649538812,3.0434947299077626,1.4287487471695293,0.01396169028667571,0.9205548549810845,0.35,0.45,1.207729468599043,2.218749999999997,,,,
fade_debit_24h,debit_spread_proxy,24,p80,0.8,immediate,domestic_politics_attacks,USO,22,0.45454545454545453,-0.9856115107913698,-0.16225440086859477,-3.569596819109085,0.7018185349422099,0.007132237663938168,0.8629726205997392,0.2727272727272727,0.36363636363636365,2.5425824175824685,1.5399515738498804,,,,
fade_debit_24h,debit_spread_proxy,24,p80,0.8,immediate,other,GLD,283,0.4911660777385159,-0.05405405405406568,-0.003095515610015625,-0.8760309176344219,0.992411711592331,0.00443024933031122,0.8923076923076924,0.2579505300353357,0.42402826855123676,1.3619631901840348,1.3267716535433278,,,,
fade_debit_24h,debit_spread_proxy,24,p80,0.8,immediate,other,QQQ,290,0.5379310344827586,0.28347646564292917,0.02958024215015315,8.578270223544413,1.0702622749360364,0.004819259347930149,0.9008196721311476,0.25517241379310346,0.3931034482758621,1.4415171513026805,1.3827528107747358,,,,
fade_debit_24h,debit_spread_proxy,24,p80,0.8,immediate,other,SLV,253,0.48221343873517786,-0.06358381502890126,-0.038752948712528545,-9.804496024269723,0.9113006338368247,0.008976063829787329,0.9016393442622951,0.2450592885375494,0.3715415019762846,1.5909090909091055,1.1996047430830021,,,,
fade_debit_24h,debit_spread_proxy,24,p80,0.8,immediate,other,SPY,298,0.5604026845637584,0.3551912849899068,0.07451521437290819,22.20553388312664,1.1916474634403749,0.003909682852737961,0.9076923076923077,0.28187919463087246,0.38926174496644295,1.3117150902023131,1.3080701754385873,,,,
fade_debit_24h,debit_spread_proxy,24,p80,0.8,immediate,other,UNG,336,0.5,0.02127659574468037,0.0075918860473704036,2.5508737119164557,1.0176722201781598,0.012840394714099923,0.8983050847457628,0.26785714285714285,0.41964285714285715,1.3508771929824461,1.4409722222222185,,,,
fade_debit_24h,debit_spread_proxy,24,p80,0.8,immediate,other,USO,307,0.501628664495114,0.006072874493927358,-0.007181040794682608,-2.2045795239675607,0.9830623041064813,0.0077821011673152585,0.8983050847457628,0.28338762214983715,0.43322475570032576,1.3333333333333282,1.4571428571428657,,,,
fade_debit_24h,debit_spread_proxy,24,p80,0.8,delayed,tariffs_trade,GLD,28,0.5714285714285714,0.056218684975553386,0.07957298510339385,2.228043582895028,1.2868603647047514,0.008824486428636868,0.9830508474576272,0.5,0.75,0.49035284165685633,0.8965534039702912,,,,
fade_debit_24h,debit_spread_proxy,24,p80,0.8,delayed,tariffs_trade,QQQ,30,0.6666666666666666,0.16667637295439824,0.19553650101694456,5.866095030508337,1.8269141152720332,0.005753447373057163,1.0,0.4,0.7333333333333333,0.6760168302945376,1.3107902735562282,,,,
fade_debit_24h,debit_spread_proxy,24,p80,0.8,delayed,tariffs_trade,SLV,32,0.5625,0.07282608695652415,0.024942858047094812,0.798171457507034,1.0688832275060347,0.01191344574965264,0.9745762711864407,0.46875,0.59375,0.7074664592650173,0.8398550724637606,,,,
fade_debit_24h,debit_spread_proxy,24,p80,0.8,delayed,tariffs_trade,SPY,28,0.5714285714285714,0.5109554108588659,0.2579308574846821,7.222064009571099,2.203012600660402,0.00395842438640337,0.9830508474576272,0.6071428571428571,0.8214285714285714,0.3359073359073335,1.450122244160431,,,,
fade_debit_24h,debit_spread_proxy,24,p80,0.8,delayed,tariffs_trade,UNG,29,0.6551724137931034,0.46153846153846223,0.2043338859891015,5.925682693683943,1.7003146685867971,0.018413597733710985,1.0,0.20689655172413793,0.4482758620689655,1.0921052631578978,1.2758620689655173,,,,
fade_debit_24h,debit_spread_proxy,24,p80,0.8,delayed,tariffs_trade,USO,23,0.5217391304347826,0.2994652406417117,0.1636170148050856,3.763191340516969,1.5343613826288565,0.013385826771653564,0.9649122807017544,0.391304347826087,0.6086956521739131,0.5181818181818276,1.2453987730061349,,,,
fade_debit_24h,debit_spread_proxy,24,p80,0.8,delayed,war_geopolitics,GLD,88,0.5681818181818182,0.09265235930176091,0.022828842342767396,2.008938126163531,1.0646961249659848,0.008053155781986898,0.9830508474576272,0.4090909090909091,0.5909090909090909,0.7299270072992828,0.7695498676081126,,,,
fade_debit_24h,debit_spread_proxy,24,p80,0.8,delayed,war_geopolitics,QQQ,90,0.5777777777777777,0.10588235294116043,0.04679677619917424,4.2117098579256815,1.1691873805231066,0.007251817875847999,1.0,0.5,0.6888888888888889,0.509064487826274,0.9063829787233936,,,,
fade_debit_24h,debit_spread_proxy,24,p80,0.8,delayed,war_geopolitics,SLV,84,0.6547619047619048,0.603448275862061,0.3095566100016485,26.002755240138477,2.3394193756059014,0.014326514610372265,0.9830508474576272,0.5238095238095238,0.7261904761904762,0.47552447552448274,1.3897949673811776,,,,
fade_debit_24h,debit_spread_proxy,24,p80,0.8,delayed,war_geopolitics,SPY,90,0.3888888888888889,-0.024624931805779265,0.03246924307243415,2.9222318765190733,1.110183998180586,0.005909110854334654,0.9923076923076923,0.5,0.6444444444444445,0.5001093294460723,1.025888030888029,,,,
fade_debit_24h,debit_spread_proxy,24,p80,0.8,delayed,war_geopolitics,UNG,86,0.37209302325581395,-0.848684210526313,-0.22202409001920007,-19.094071741651206,0.5987475972644425,0.01577576333956704,1.0,0.26744186046511625,0.4069767441860465,1.3823529411764783,0.933333333333346,,,,
fade_debit_24h,debit_spread_proxy,24,p80,0.8,delayed,war_geopolitics,USO,65,0.6461538461538462,0.2994652406417117,0.1746517259624551,11.352362187559581,1.644891217361786,0.02442834824598772,1.0,0.5538461538461539,0.7384615384615385,0.4705882352941141,0.7929515418502194,,,,
fade_debit_24h,debit_spread_proxy,24,p80,0.8,delayed,oil_gas_energy,GLD,6,0.5,0.05852644087938563,-0.013170924935628289,-0.07902554961376973,0.9705882352941233,0.005003796606286914,0.9067796610169492,0.3333333333333333,0.6666666666666666,0.7083978470839851,1.5884022708840124,,,,
fade_debit_24h,debit_spread_proxy,24,p80,0.8,delayed,oil_gas_energy,QQQ,6,0.6666666666666666,0.10588235294116043,0.15369120325725566,0.922147219543534,1.7150548354935091,0.007267441860465018,1.0,0.5,1.0,0.44764280793624933,0.8917647058823444,,,,
fade_debit_24h,debit_spread_proxy,24,p80,0.8,delayed,oil_gas_energy,SLV,5,0.8,0.603448275862061,0.3461412151067317,1.7307060755336585,2.7307060755336585,0.00881325026591706,0.9491525423728814,0.6,0.8,0.47552447552448274,1.6724137931034513,,,,
fade_debit_24h,debit_spread_proxy,24,p80,0.8,delayed,oil_gas_energy,SPY,6,0.3333333333333333,-0.3359073359073335,0.05403166232433928,0.32418997394603566,1.193452699832216,0.003948652274667674,0.9830508474576272,0.6666666666666666,1.0,0.3359073359073335,1.0617760617760488,,,,
fade_debit_24h,debit_spread_proxy,24,p80,0.8,delayed,oil_gas_energy,UNG,4,0.5,-0.4245283018867923,-0.21226415094339612,-0.8490566037735845,0.5754716981132078,0.012331449706823594,0.9444444444444444,0.25,0.25,1.9732142857142785,1.1333333333333395,,,,
fade_debit_24h,debit_spread_proxy,24,p80,0.8,delayed,oil_gas_energy,USO,5,0.8,0.6354625550660795,0.43692157084227645,2.1846078542113823,5.139256986926872,0.02463799438080838,1.0,0.8,1.0,0.0770925110132145,1.4444444444444489,,,,
fade_debit_24h,debit_spread_proxy,24,p80,0.8,delayed,fed_inflation_rates,GLD,10,0.6,0.05603005089125053,-0.12076331803142434,-1.2076331803142435,0.5815188014044314,0.006786966451156395,0.9833333333333333,0.4,0.5,0.8622786735854273,0.28382021306929217,,,,
fade_debit_24h,debit_spread_proxy,24,p80,0.8,delayed,fed_inflation_rates,QQQ,10,0.7,0.03636363636367019,0.021410065966707737,0.21410065966707736,1.0758594063928313,0.003178452045930036,0.8816377171215881,0.3,0.3,1.3696969696968886,1.973678710062702,,,,
fade_debit_24h,debit_spread_proxy,24,p80,0.8,delayed,fed_inflation_rates,SLV,11,0.45454545454545453,-0.03554502369668045,-0.08557045488803522,-0.9412750037683874,0.6695121209839602,0.02035928143712573,0.9838709677419355,0.6363636363636364,0.6363636363636364,0.3571428571428523,0.2058823529411774,,,,
fade_debit_24h,debit_spread_proxy,24,p80,0.8,delayed,fed_inflation_rates,SPY,11,0.6363636363636364,0.43604651162791447,0.2055689808994351,2.261258789893786,1.7436109368272892,0.0033630798731471012,0.9838709677419355,0.6363636363636364,0.6363636363636364,0.3550000000000182,1.5959302325581697,,,,
fade_debit_24h,debit_spread_proxy,24,p80,0.8,delayed,fed_inflation_rates,UNG,11,0.36363636363636365,-0.5781250000000027,-0.22170811506420848,-2.4387892657062933,0.5739736653493572,0.02160664819944591,1.0,0.0,0.5454545454545454,0.9999999999999988,1.071428571428557,,,,
fade_debit_24h,debit_spread_proxy,24,p80,0.8,delayed,fed_inflation_rates,USO,7,0.7142857142857143,0.1544117647058778,-0.0011620434414572056,-0.00813430409020044,0.9935511823429042,0.01111532146014893,0.9491525423728814,0.5714285714285714,0.5714285714285714,0.48198198198197917,1.8666666666666643,,,,
fade_debit_24h,debit_spread_proxy,24,p80,0.8,delayed,immigration_border,GLD,35,0.45714285714285713,-0.16397515527950202,-0.09272878801023425,-3.2455075803581988,0.7796449502313583,0.008490411407965803,0.9830508474576272,0.3142857142857143,0.5142857142857142,0.9548872180450901,0.49860724233982623,,,,
fade_debit_24h,debit_spread_proxy,24,p80,0.8,delayed,immigration_border,QQQ,31,0.7096774193548387,0.17499999999999288,0.1761983073385806,5.462147527495999,1.7686328255437862,0.0055414620103990675,1.0,0.3870967741935484,0.6451612903225806,0.844444444444447,1.0250000000000496,,,,
fade_debit_24h,debit_spread_proxy,24,p80,0.8,delayed,immigration_border,SLV,31,0.3548387096774194,-0.35172413793103413,-0.1895770403323391,-5.876888250302512,0.5921496272604048,0.014190219303389373,0.9830508474576272,0.2903225806451613,0.4838709677419355,1.6521739130434299,0.6206896551724146,,,,
fade_debit_24h,debit_spread_proxy,24,p80,0.8,delayed,immigration_border,SPY,30,0.4,-0.02465994581138124,0.10677658641239264,3.2032975923717792,1.4289405184645327,0.004697844976330745,0.9830508474576272,0.36666666666666664,0.6,0.7093275488069354,0.9691935483870893,,,,
fade_debit_24h,debit_spread_proxy,24,p80,0.8,delayed,immigration_border,UNG,35,0.45714285714285713,-0.548780487804877,-0.09869564250558356,-3.4543474876954248,0.7864105568901715,0.0277945619335348,1.0,0.3142857142857143,0.5714285714285714,0.743243243243244,0.6896551724137946,,,,
fade_debit_24h,debit_spread_proxy,24,p80,0.8,delayed,immigration_border,USO,22,0.6818181818181818,0.27919690603513914,0.1934668276439688,4.256270208167313,1.8255632953738359,0.013944590488825459,0.9649122807017544,0.6363636363636364,0.7727272727272727,0.4468325791855162,1.0897435897435854,,,,
fade_debit_24h,debit_spread_proxy,24,p80,0.8,delayed,domestic_politics_attacks,GLD,87,0.45977011494252873,-0.07017543859649948,-0.010220215571920028,-0.8891587547570424,0.972124190352042,0.00786418400876232,0.9830508474576272,0.3218390804597701,0.6206896551724138,0.6868686868686874,0.8029197080291696,,,,
fade_debit_24h,debit_spread_proxy,24,p80,0.8,delayed,domestic_politics_attacks,QQQ,85,0.5529411764705883,0.07502679528402892,0.09284132491084063,7.891512617421453,1.3430900577557883,0.005966993998908876,1.0,0.4235294117647059,0.611764705882353,0.7253886010363354,1.0166130760986067,,,,
fade_debit_24h,debit_spread_proxy,24,p80,0.8,delayed,domestic_politics_attacks,SLV,76,0.40789473684210525,-0.24690703428773453,-0.06059249407276335,-4.605029549530014,0.8382000365393537,0.015053879310344853,0.9830508474576272,0.34210526315789475,0.6578947368421053,0.7452172822699114,0.7666666666666635,,,,
fade_debit_24h,debit_spread_proxy,24,p80,0.8,delayed,domestic_politics_attacks,SPY,84,0.5,0.03678929765886733,0.09640914387690007,8.098368085659606,1.3113434619025697,0.005030432826819142,0.9836065573770492,0.39285714285714285,0.6666666666666666,0.8893219724438209,0.7879735835940198,,,,
fade_debit_24h,debit_spread_proxy,24,p80,0.8,delayed,domestic_politics_attacks,UNG,88,0.4090909090909091,-0.6021505376344083,-0.16732896408245782,-14.724948839256289,0.6699716559128193,0.01649272960339765,1.0,0.2727272727272727,0.5568181818181818,0.8982125124131048,0.8330769230769253,,,,
fade_debit_24h,debit_spread_proxy,24,p80,0.8,delayed,domestic_politics_attacks,USO,56,0.5357142857142857,0.1057291666666739,0.08528550334532585,4.775988187338248,1.2972861809538487,0.011647254575707255,0.9649122807017544,0.48214285714285715,0.6071428571428571,0.5185185185185228,0.7384072580645071,,,,
fade_debit_24h,debit_spread_proxy,24,p80,0.8,delayed,other,GLD,840,0.4583333333333333,-0.06741573033708116,-0.0289830912114309,-24.345796617601955,0.9235221317170155,0.007011035306693447,0.9830508474576272,0.31785714285714284,0.5547619047619048,0.8297872340425833,0.7572815533980585,,,,
fade_debit_24h,debit_spread_proxy,24,p80,0.8,delayed,other,QQQ,811,0.6350184956843403,0.20779220779220828,0.1999887611369697,162.19088528208243,1.8487336515027144,0.0055414620103990675,1.0,0.41800246609124536,0.623921085080148,0.7420289855072207,1.0250000000000496,,,,
fade_debit_24h,debit_spread_proxy,24,p80,0.8,delayed,other,SLV,749,0.48731642189586116,-0.03554502369668045,0.02017874931984809,15.113883240566217,1.0568858583038971,0.013427401001365413,0.9830508474576272,0.34979973297730305,0.6021361815754339,0.7397260273972454,0.7297297297297363,,,,
fade_debit_24h,debit_spread_proxy,24,p80,0.8,delayed,other,SPY,806,0.5533498759305211,0.32903225806450787,0.19206804215983098,154.80684198082378,1.7499032207656704,0.004530969174306287,0.9830508474576272,0.43424317617866004,0.6327543424317618,0.6859213250517531,1.0617760617760488,,,,
fade_debit_24h,debit_spread_proxy,24,p80,0.8,delayed,other,UNG,874,0.4931350114416476,-0.10470085470085205,-0.016009881802116974,-13.992636695050235,0.9609257273829909,0.020197241496335117,1.0,0.32608695652173914,0.5526315789473685,0.8490566037735817,0.961538461538459,,,,
fade_debit_24h,debit_spread_proxy,24,p80,0.8,delayed,other,USO,552,0.5742753623188406,0.25892857142856657,0.06983302983842815,38.54783247081234,1.2203163316183872,0.012737999463663163,0.9649122807017544,0.45108695652173914,0.6123188405797102,0.5795278637770882,0.855844155844157,,,,
fade_debit_24h,debit_spread_proxy,24,p90,0.9,immediate,tariffs_trade,GLD,16,0.5625,0.2786717752234937,0.05386775453260169,0.861884072521627,1.155757577495999,0.006881369468392018,0.9588572990705304,0.375,0.625,0.5661357766572495,1.1330512060939517,,,,
fade_debit_24h,debit_spread_proxy,24,p90,0.9,immediate,tariffs_trade,QQQ,20,0.75,0.8210445468509995,0.3289692424202362,6.5793848484047235,2.3158769696809447,0.008673437274719364,0.9516129032258065,0.5,0.75,0.4906733656733582,1.698488579844502,,,,
fade_debit_24h,debit_spread_proxy,24,p90,0.9,immediate,tariffs_trade,SLV,11,0.5454545454545454,0.09959349593496117,0.08494103006298168,0.9343513306927984,1.2243210103099675,0.011247637051039705,0.9661016949152542,0.36363636363636365,0.45454545454545453,1.1481481481481584,1.5783132530120507,,,,
fade_debit_24h,debit_spread_proxy,24,p90,0.9,immediate,tariffs_trade,SPY,20,0.6,0.3938902602451082,0.12623740221646101,2.52474804432922,1.3567351468962776,0.00791281217736911,0.9676662320730117,0.4,0.65,0.6320625918924772,1.4588643914225259,,,,
fade_debit_24h,debit_spread_proxy,24,p90,0.9,immediate,tariffs_trade,UNG,12,0.6666666666666666,0.5934065934065971,0.3405097106184092,4.08611652742091,2.804038996023452,0.022207368561250718,0.9441361916771753,0.75,0.8333333333333334,0.20116707616707638,1.6025852585258518,,,,
fade_debit_24h,debit_spread_proxy,24,p90,0.9,immediate,tariffs_trade,USO,11,0.6363636363636364,0.5654101995565397,0.30136787160956857,3.3150465877052544,2.4595656001895336,0.013533834586466176,0.9375,0.5454545454545454,0.7272727272727273,0.4932432432432446,1.278169014084504,,,,
fade_debit_24h,debit_spread_proxy,24,p90,0.9,immediate,war_geopolitics,GLD,23,0.6086956521739131,0.7288135593220413,0.21135961863402764,4.861271228582636,1.639666591948192,0.006146426798420812,0.9538461538461539,0.30434782608695654,0.5217391304347826,0.9264705882352782,1.2157894736841899,,,,
fade_debit_24h,debit_spread_proxy,24,p90,0.9,immediate,war_geopolitics,QQQ,21,0.6190476190476191,0.23942652329749253,0.13384535566214661,2.810752468905079,1.460165531680966,0.005603403548822161,0.9508196721311475,0.2857142857142857,0.5238095238095238,0.7976011994003123,0.9935965848452505,,,,
fade_debit_24h,debit_spread_proxy,24,p90,0.9,immediate,war_geopolitics,SLV,18,0.5555555555555556,0.5530439481268015,0.15141715708200973,2.725508827476175,1.4271569708795109,0.0166747327537925,0.9692307692307692,0.3333333333333333,0.4444444444444444,1.1059877038225097,1.5962257735464154,,,,
fade_debit_24h,debit_spread_proxy,24,p90,0.9,immediate,war_geopolitics,SPY,20,0.6,0.21394638970605837,0.08810989315341758,1.7621978630683517,1.2611617122320165,0.004485759522274979,0.9594130089899524,0.3,0.45,1.3599058769512704,1.386663162012844,,,,
fade_debit_24h,debit_spread_proxy,24,p90,0.9,immediate,war_geopolitics,UNG,16,0.5,0.11363636363636492,0.09203094188652639,1.4724950701844222,1.3250482656724407,0.020144052829609127,0.944640605296343,0.4375,0.6875,0.5631578947368399,0.7504690431519714,,,,
fade_debit_24h,debit_spread_proxy,24,p90,0.9,immediate,war_geopolitics,USO,26,0.5,-0.11482479784366251,-0.04987762687791744,-1.2968182988258534,0.8839118963286878,0.01148503161390746,0.9666574048346763,0.2692307692307692,0.5,0.9438205051412566,1.0463828314295665,,,,
fade_debit_24h,debit_spread_proxy,24,p90,0.9,immediate,oil_gas_energy,GLD,1,0.0,-0.05314009661836425,-0.05314009661836425,-0.05314009661836425,0.0,0.004862921981816926,0.9375,0.0,1.0,0.951690821256055,0.5797101449275327,,,,
fade_debit_24h,debit_spread_proxy,24,p90,0.9,immediate,oil_gas_energy,QQQ,5,0.2,-0.864197530864181,-0.46954732510287567,-2.3477366255143783,0.29870928088506676,0.010103950103950154,0.9661016949152542,0.0,0.2,1.868475991649293,0.9457202505219221,,,,
fade_debit_24h,debit_spread_proxy,24,p90,0.9,immediate,oil_gas_energy,SLV,2,0.5,0.07453416149068165,0.07453416149068165,0.1490683229813633,1.1751824817518204,0.012457684549797454,0.9614182692307692,0.5,0.5,1.0434782608695654,10.701213346815134,,,,
fade_debit_24h,debit_spread_proxy,24,p90,0.9,immediate,oil_gas_energy,SPY,5,0.4,-0.5761124121779969,-0.07302064757321196,-0.3651032378660598,0.8456290482289991,0.005454361805999897,0.9692307692307692,0.0,0.4,2.302752293577906,1.6323185011709735,,,,
fade_debit_24h,debit_spread_proxy,24,p90,0.9,immediate,oil_gas_energy,UNG,3,1.0,1.0,1.0,3.0,inf,0.008970976253298346,0.9830508474576272,0.6666666666666666,0.6666666666666666,0.0,5.8823529411764115,,,,
fade_debit_24h,debit_spread_proxy,24,p90,0.9,immediate,oil_gas_energy,USO,4,0.25,-1.0,-0.7276785714285727,-2.910714285714291,0.02976190476190295,0.011862776606151315,0.9684485006518906,0.0,0.25,4.618468468468465,1.3690476190476089,,,,
fade_debit_24h,debit_spread_proxy,24,p90,0.9,immediate,fed_inflation_rates,GLD,7,0.2857142857142857,-1.0,-0.2957704821058868,-2.0703933747412075,0.4913530010172931,0.007403368217948403,0.9230769230769231,0.2857142857142857,0.2857142857142857,2.7956521739130324,0.8096590909091016,,,,
fade_debit_24h,debit_spread_proxy,24,p90,0.9,immediate,fed_inflation_rates,QQQ,2,0.5,0.09081273042723782,0.09081273042723782,0.18162546085447565,3.6016620068343266,0.010001036962420384,0.9682219419924338,0.5,1.0,0.49819453480807196,1.1460529169377491,,,,
fade_debit_24h,debit_spread_proxy,24,p90,0.9,immediate,fed_inflation_rates,SLV,8,0.0,-1.0,-0.8093652037617565,-6.474921630094052,0.0,0.017704546813518518,0.9765508684863524,0.125,0.25,1.859069767441866,0.6330873025025929,,,,
fade_debit_24h,debit_spread_proxy,24,p90,0.9,immediate,fed_inflation_rates,SPY,2,0.5,-0.19381319995651283,-0.19381319995651283,-0.38762639991302567,0.4931039385752781,0.00713128893844811,0.9682219419924338,0.5,0.5,0.757247346542773,1.1010467460125035,,,,
fade_debit_24h,debit_spread_proxy,24,p90,0.9,immediate,fed_inflation_rates,UNG,7,0.5714285714285714,0.6744186046511625,0.06783697286862198,0.4748588100803538,1.1601268080503515,0.019028871391076008,0.9538461538461539,0.2857142857142857,0.42857142857142855,1.2413793103448354,1.4418604651162723,,,,
fade_debit_24h,debit_spread_proxy,24,p90,0.9,immediate,fed_inflation_rates,USO,4,0.25,-1.0,-0.5,-2.0,0.3333333333333333,0.010032054532433277,0.9282471626733921,0.0,0.0,6.1585011709601964,0.7002545968882619,,,,
fade_debit_24h,debit_spread_proxy,24,p90,0.9,immediate,immigration_border,GLD,11,0.8181818181818182,1.0,0.5192354114629585,5.711589526092544,5.916304908535276,0.005477564943584312,0.9508196721311475,0.36363636363636365,0.5454545454545454,0.9450292397660788,2.1209068010075462,,,,
fade_debit_24h,debit_spread_proxy,24,p90,0.9,immediate,immigration_border,QQQ,10,0.5,0.06834045894773341,-0.06126353993333389,-0.6126353993333389,0.8484101533564473,0.006059838179529098,0.9756742464304601,0.0,0.2,1.330521472392626,0.8324609037848164,,,,
fade_debit_24h,debit_spread_proxy,24,p90,0.9,immediate,immigration_border,SLV,6,0.5,0.4018404907975461,0.163748154769161,0.982488928614966,1.486980687516367,0.017236105265163615,0.952116935483871,0.3333333333333333,0.8333333333333334,0.7020070694348467,2.478515324195287,,,,
fade_debit_24h,debit_spread_proxy,24,p90,0.9,immediate,immigration_border,SPY,8,0.875,0.688010899182557,0.5063500919179129,4.050800735343303,5.050800735343303,0.008044937860125834,0.9842431761786601,0.125,0.5,1.2758207171870097,1.1580096373133195,,,,
fade_debit_24h,debit_spread_proxy,24,p90,0.9,immediate,immigration_border,UNG,6,0.6666666666666666,1.0,0.4529914529914533,2.71794871794872,3.1200000000000045,0.014167000542323616,0.9589512711864407,0.16666666666666666,0.3333333333333333,1.6439283986453765,2.2292452830188645,,,,
fade_debit_24h,debit_spread_proxy,24,p90,0.9,immediate,immigration_border,USO,13,0.6923076923076923,0.34098360655737864,0.33923400941632476,4.4100421224122215,2.7290847029555265,0.011716919231370193,0.9333333333333333,0.3076923076923077,0.46153846153846156,1.0317460317460483,1.3818181818181854,,,,
fade_debit_24h,debit_spread_proxy,24,p90,0.9,immediate,domestic_politics_attacks,GLD,6,0.0,-0.712426513230459,-0.6745205442641833,-4.0471232655851,0.0,0.005614120736793293,0.9423182066703116,0.3333333333333333,0.6666666666666666,0.7166281939027241,0.4503986209868728,,,,
fade_debit_24h,debit_spread_proxy,24,p90,0.9,immediate,domestic_politics_attacks,QQQ,6,0.16666666666666666,-0.6844262295082014,-0.4106172345876493,-2.463703407525896,0.2887083223774909,0.00683767095099197,0.9307692307692308,0.0,0.16666666666666666,1.4730039608088696,0.7987127296732303,,,,
fade_debit_24h,debit_spread_proxy,24,p90,0.9,immediate,domestic_politics_attacks,SLV,8,0.75,1.0,0.5,4.0,3.0,0.013168947072152215,0.9527295285359803,0.5,0.5,1.1047803617570917,2.1336917562723894,,,,
fade_debit_24h,debit_spread_proxy,24,p90,0.9,immediate,domestic_politics_attacks,SPY,6,0.16666666666666666,-0.8397683397683338,-0.5304746563024684,-3.1828479378148105,0.23907156436636248,0.00455415316052904,0.9384615384615385,0.16666666666666666,0.16666666666666666,1.6657498397778299,0.8233995584988969,,,,
fade_debit_24h,debit_spread_proxy,24,p90,0.9,immediate,domestic_politics_attacks,UNG,13,0.5384615384615384,0.33333333333333137,0.0709448160535108,0.9222826086956404,1.1808911313246138,0.015978695073235683,0.9538461538461539,0.3076923076923077,0.46153846153846156,1.3043478260869672,1.7499999999999982,,,,
fade_debit_24h,debit_spread_proxy,24,p90,0.9,immediate,domestic_politics_attacks,USO,8,0.375,-0.9856115107913698,-0.3401528776978424,-2.7212230215827393,0.45260492040520933,0.009195516120761416,0.9514993481095176,0.25,0.5,2.05704008221998,1.0542372881355924,,,,
fade_debit_24h,debit_spread_proxy,24,p90,0.9,immediate,other,GLD,135,0.4962962962962963,-0.04128440366973924,0.039132165117080356,5.282842290805848,1.1051288451389096,0.006470630526997034,0.953125,0.32592592592592595,0.5111111111111111,0.9636363636362941,1.2000000000000206,,,,
fade_debit_24h,debit_spread_proxy,24,p90,0.9,immediate,other,QQQ,147,0.5850340136054422,0.46956521739130824,0.10878617328458672,15.991567472834248,1.2986068313783672,0.006963649085396373,0.9538461538461539,0.2585034013605442,0.4557823129251701,1.104868913857712,1.1572327044025148,,,,
fade_debit_24h,debit_spread_proxy,24,p90,0.9,immediate,other,SLV,130,0.4230769230769231,-0.3929002413515701,-0.16089999376705494,-20.916999189717142,0.6632269820230888,0.013237741185197494,0.951216287678477,0.26153846153846155,0.38461538461538464,1.4229249011857616,0.9257105943152479,,,,
fade_debit_24h,debit_spread_proxy,24,p90,0.9,immediate,other,SPY,160,0.5875,0.47467369477911914,0.11582791145534026,18.53246583285444,1.315657893727239,0.005449814496596428,0.9538461538461539,0.28125,0.41875,1.1589536516853287,1.1279478092783448,,,,
fade_debit_24h,debit_spread_proxy,24,p90,0.9,immediate,other,UNG,166,0.5060240963855421,0.048303622771706745,0.023843860230041022,3.95808079818681,1.0592408885452453,0.0163837417419615,0.9523689516129032,0.2891566265060241,0.46987951807228917,1.0701970443349715,1.2163742690058497,,,,
fade_debit_24h,debit_spread_proxy,24,p90,0.9,immediate,other,USO,153,0.5555555555555556,0.24074074074074042,0.09149626787006593,13.998928984120086,1.2544429423497674,0.01160365058670143,0.953125,0.3202614379084967,0.5163398692810458,0.9661016949152491,1.3421052631579242,,,,
fade_debit_24h,debit_spread_proxy,24,p90,0.9,delayed,tariffs_trade,GLD,19,0.42105263157894735,-0.31335149863761497,-0.20331036724875665,-3.8628969777263764,0.4645734479319494,0.011721869111118055,0.9833333333333333,0.42105263157894735,0.6842105263157895,0.5510204081632539,0.3499999999999943,,,,
fade_debit_24h,debit_spread_proxy,24,p90,0.9,delayed,tariffs_trade,QQQ,22,0.7272727272727273,0.16667637295439824,0.25727429202035346,5.660034424447776,2.7151516308291854,0.00823570080424052,1.0,0.5,0.9545454545454546,0.501506857046097,1.1790442418101987,,,,
fade_debit_24h,debit_spread_proxy,24,p90,0.9,delayed,tariffs_trade,SLV,25,0.52,0.028985507246381437,-0.07416009822145708,-1.8540024555364272,0.806619161788622,0.014423076923076872,0.9830508474576272,0.44,0.6,0.7122302158273393,0.7297297297297363,,,,
fade_debit_24h,debit_spread_proxy,24,p90,0.9,delayed,tariffs_trade,SPY,20,0.6,0.5899581589958125,0.34138526659057755,6.827705331811551,3.302207286410882,0.007765026206366987,1.0,0.7,0.95,0.32904153406244796,1.3863319386331874,,,,
fade_debit_24h,debit_spread_proxy,24,p90,0.9,delayed,tariffs_trade,UNG,27,0.6296296296296297,0.3921568627451003,0.154654914580888,4.175682693683976,1.4934945039949334,0.02300000000000002,1.0,0.2222222222222222,0.48148148148148145,1.0909090909090895,1.2500000000000044,,,,
fade_debit_24h,debit_spread_proxy,24,p90,0.9,delayed,tariffs_trade,USO,17,0.5294117647058824,0.2994652406417117,0.13000317498668265,2.210053974773605,1.3949666184283211,0.014097142124823714,0.9649122807017544,0.47058823529411764,0.7647058823529411,0.5181818181818276,1.2453987730061349,,,,
fade_debit_24h,debit_spread_proxy,24,p90,0.9,delayed,war_geopolitics,GLD,68,0.6029411764705882,0.10160427807486484,0.09064288001074933,6.163715840730954,1.3073879958629444,0.013279257486919271,0.9830508474576272,0.4411764705882353,0.6617647058823529,0.5988097684865726,0.34978522336769896,,,,
fade_debit_24h,debit_spread_proxy,24,p90,0.9,delayed,war_geopolitics,QQQ,76,0.5921052631578947,0.10588235294116043,0.07735449813451,5.87894185822276,1.3015483251157576,0.008865450864503965,1.0,0.5657894736842105,0.7763157894736842,0.4187327823691415,0.9063829787233936,,,,
fade_debit_24h,debit_spread_proxy,24,p90,0.9,delayed,war_geopolitics,SLV,69,0.6086956521739131,0.603448275862061,0.2484148495237424,17.140624617138226,1.9520262049755672,0.017108352901710755,0.9830508474576272,0.5652173913043478,0.7246376811594203,0.47552447552448274,1.0952380952380996,,,,
fade_debit_24h,debit_spread_proxy,24,p90,0.9,delayed,war_geopolitics,SPY,71,0.36619718309859156,-0.04091653027823269,0.008737029219759777,0.6203290746029442,1.0278795667258545,0.0059827527183216045,1.0,0.5492957746478874,0.6619718309859155,0.44105691056912416,0.9900000000000091,,,,
fade_debit_24h,debit_spread_proxy,24,p90,0.9,delayed,war_geopolitics,UNG,84,0.38095238095238093,-0.848684210526313,-0.21242942549584748,-17.844071741651188,0.6148998650757395,0.017858462397403352,1.0,0.27380952380952384,0.4166666666666667,1.3093582887700563,0.8897435897435981,,,,
fade_debit_24h,debit_spread_proxy,24,p90,0.9,delayed,war_geopolitics,USO,60,0.65,0.2994652406417117,0.17253936979265969,10.352362187559581,1.663462811494621,0.02463799438080838,1.0,0.5833333333333334,0.7833333333333333,0.44230769230768363,0.7929515418502194,,,,
fade_debit_24h,debit_spread_proxy,24,p90,0.9,delayed,oil_gas_energy,GLD,3,0.3333333333333333,-1.0,-0.3333333333333333,-1.0,0.5,0.006273181006456241,0.9491525423728814,0.0,0.3333333333333333,2.028735632183882,0.07956318252730007,,,,
fade_debit_24h,debit_spread_proxy,24,p90,0.9,delayed,oil_gas_energy,QQQ,5,0.6,0.10588235294116043,-0.015570556091293231,-0.07785278045646615,0.9396311066799433,0.007267441860465018,1.0,0.6,1.0,0.13075506445670615,0.8917647058823444,,,,
fade_debit_24h,debit_spread_proxy,24,p90,0.9,delayed,oil_gas_energy,SLV,4,0.75,0.603448275862061,0.3017241379310305,1.206896551724122,2.206896551724122,0.011120325633641237,0.9661016949152543,0.75,0.75,0.3929346515553389,1.6724137931034513,,,,
fade_debit_24h,debit_spread_proxy,24,p90,0.9,delayed,oil_gas_energy,SPY,5,0.2,-0.3359073359073335,-0.13516200521079286,-0.6758100260539643,0.596726349916108,0.003948652274667674,0.9830508474576272,0.6,1.0,0.3359073359073335,1.0617760617760488,,,,
fade_debit_24h,debit_spread_proxy,24,p90,0.9,delayed,oil_gas_energy,UNG,4,0.5,-0.4245283018867923,-0.21226415094339612,-0.8490566037735845,0.5754716981132078,0.012331449706823594,0.9444444444444444,0.25,0.25,1.9732142857142785,1.1333333333333395,,,,
fade_debit_24h,debit_spread_proxy,24,p90,0.9,delayed,oil_gas_energy,USO,5,0.8,0.6354625550660795,0.43692157084227645,2.1846078542113823,5.139256986926872,0.02463799438080838,1.0,0.8,1.0,0.0770925110132145,1.4444444444444489,,,,
fade_debit_24h,debit_spread_proxy,24,p90,0.9,delayed,fed_inflation_rates,GLD,10,0.6,0.05603005089125053,-0.12076331803142434,-1.2076331803142435,0.5815188014044314,0.006786966451156395,0.9833333333333333,0.4,0.5,0.8622786735854273,0.28382021306929217,,,,
fade_debit_24h,debit_spread_proxy,24,p90,0.9,delayed,fed_inflation_rates,QQQ,4,0.75,0.4842606232724839,0.28654655529106654,1.1461862211642662,2.3938190467244627,0.007358211583446683,1.0,0.75,0.75,0.0878721887868381,1.803886204019174,,,,
fade_debit_24h,debit_spread_proxy,24,p90,0.9,delayed,fed_inflation_rates,SLV,10,0.4,-0.0934027639491767,-0.19412750037683874,-1.9412750037683875,0.3184055074088264,0.02035928143712573,0.9838709677419355,0.6,0.6,0.40350367789391817,0.2058823529411774,,,,
fade_debit_24h,debit_spread_proxy,24,p90,0.9,delayed,fed_inflation_rates,SPY,11,0.6363636363636364,0.43604651162791447,0.2055689808994351,2.261258789893786,1.7436109368272892,0.0033630798731471012,0.9838709677419355,0.6363636363636364,0.6363636363636364,0.3550000000000182,1.5959302325581697,,,,
fade_debit_24h,debit_spread_proxy,24,p90,0.9,delayed,fed_inflation_rates,UNG,11,0.36363636363636365,-0.5781250000000027,-0.22170811506420848,-2.4387892657062933,0.5739736653493572,0.02160664819944591,1.0,0.0,0.5454545454545454,0.9999999999999988,1.071428571428557,,,,
fade_debit_24h,debit_spread_proxy,24,p90,0.9,delayed,fed_inflation_rates,USO,4,0.5,-0.09689803439803604,-0.25984607602254856,-1.0393843040901942,0.1759836147753453,0.018136955434201907,0.9830508474576272,0.25,0.25,1.4117647058823608,0.29855590885002736,,,,
fade_debit_24h,debit_spread_proxy,24,p90,0.9,delayed,immigration_border,GLD,27,0.4074074074074074,-0.17202268431001222,-0.19098286410183732,-5.156537330749607,0.5765053303219906,0.01453595471748681,0.9830508474576272,0.37037037037037035,0.5555555555555556,0.6767485822306182,0.30526315789473213,,,,
fade_debit_24h,debit_spread_proxy,24,p90,0.9,delayed,immigration_border,QQQ,25,0.68,0.13498622589531947,0.12178893140287105,3.0447232850717763,1.4823418519495375,0.006629047279899103,1.0,0.48,0.8,0.6084656084656008,1.0222222222222146,,,,
fade_debit_24h,debit_spread_proxy,24,p90,0.9,delayed,immigration_border,SLV,24,0.375,-0.3140734510793372,-0.0908848365162264,-2.1812360763894336,0.768185972518465,0.017876056123216022,0.9830508474576272,0.375,0.625,0.9628146453089277,0.6176470588235322,,,,
fade_debit_24h,debit_spread_proxy,24,p90,0.9,delayed,immigration_border,SPY,23,0.34782608695652173,-0.04091653027823269,0.01308294964802216,0.3009078419045097,1.0468562778689903,0.0059827527183216045,1.0,0.4782608695652174,0.7391304347826086,0.5313351498637311,0.8369304556355021,,,,
fade_debit_24h,debit_spread_proxy,24,p90,0.9,delayed,immigration_border,UNG,32,0.4375,-0.548780487804877,-0.139198358990482,-4.454347487695424,0.7064262168834057,0.030532767943799943,1.0,0.28125,0.5625,0.8716216216216214,0.5837049742710128,,,,
fade_debit_24h,debit_spread_proxy,24,p90,0.9,delayed,immigration_border,USO,19,0.631578947368421,0.1333333333333523,0.10065895832459555,1.9125202081673154,1.3709601149132673,0.014319151865620272,0.9649122807017544,0.5789473684210527,0.7368421052631579,0.4705882352941141,1.0714285714285832,,,,
fade_debit_24h,debit_spread_proxy,24,p90,0.9,delayed,domestic_politics_attacks,GLD,60,0.38333333333333336,-0.15245089810307313,-0.14149236423317255,-8.489541853990353,0.6534354613400607,0.01346648509608106,0.9833333333333333,0.31666666666666665,0.65,0.5749408633944442,0.37987781596028103,,,,
fade_debit_24h,debit_spread_proxy,24,p90,0.9,delayed,domestic_politics_attacks,QQQ,67,0.5373134328358209,0.034146341463384335,0.05517840346163366,3.6969530319294552,1.2071604267109695,0.009316126150557547,1.0,0.47761194029850745,0.6417910447761194,0.5370018975331833,0.7071005917159733,,,,
fade_debit_24h,debit_spread_proxy,24,p90,0.9,delayed,domestic_politics_attacks,SLV,62,0.4838709677419355,-0.03554502369668045,0.033303462463610094,2.0648146727438257,1.0993109598478157,0.017108352901710755,0.9830508474576272,0.3225806451612903,0.6612903225806451,0.7720469255663507,0.6209831254585472,,,,
fade_debit_24h,debit_spread_proxy,24,p90,0.9,delayed,domestic_politics_attacks,SPY,66,0.5151515151515151,0.07357859531773465,0.14616353074358332,9.646793029076498,1.5630240719068735,0.0072428291671465805,1.0,0.45454545454545453,0.7878787878787878,0.6054219707685244,0.7142675982882261,,,,
fade_debit_24h,debit_spread_proxy,24,p90,0.9,delayed,domestic_politics_attacks,UNG,81,0.3950617283950617,-0.6021505376344083,-0.20339443011427494,-16.47494883925627,0.6111392971198089,0.01866666666666661,1.0,0.25925925925925924,0.5679012345679012,0.8490566037735817,0.7352941176470591,,,,
fade_debit_24h,debit_spread_proxy,24,p90,0.9,delayed,domestic_politics_attacks,USO,43,0.4418604651162791,-0.04367816091953962,-0.10223744075898938,-4.396209952636544,0.7134895327620835,0.014733969986357454,0.9649122807017544,0.4883720930232558,0.627906976744186,0.5185185185185228,0.5775401069518693,,,,
fade_debit_24h,debit_spread_proxy,24,p90,0.9,delayed,other,GLD,591,0.38747884940778343,-0.17202268431001222,-0.1255407313618418,-74.1945722348485,0.6917138407792265,0.011721869111118055,0.9830508474576272,0.3333333333333333,0.5888324873096447,0.7299270072992828,0.3250000000000011,,,,
fade_debit_24h,debit_spread_proxy,24,p90,0.9,delayed,other,QQQ,648,0.6419753086419753,0.21693121693120165,0.2219462361726092,143.82116103985075,2.039803108481049,0.006709833330450277,1.0,0.47530864197530864,0.7129629629629629,0.6084656084656008,0.8958547116110593,,,,
fade_debit_24h,debit_spread_proxy,24,p90,0.9,delayed,other,SLV,621,0.4927536231884058,-0.012711864406780146,0.03464728388733883,21.515963294037412,1.0999818547412856,0.015625,0.9830508474576272,0.3752012882447665,0.6280193236714976,0.7380073800737986,0.6199999999999903,,,,
fade_debit_24h,debit_spread_proxy,24,p90,0.9,delayed,other,SPY,611,0.5531914893617021,0.32903225806450787,0.19442601923101274,118.79429775014879,1.8381517852663483,0.0059827527183216045,1.0,0.4877250409165303,0.7152209492635024,0.5096525096524788,0.9414316702819752,,,,
fade_debit_24h,debit_spread_proxy,24,p90,0.9,delayed,other,UNG,805,0.48695652173913045,-0.15384615384614964,-0.02856228160875813,-22.992636695050294,0.9299226266271339,0.02376811594202899,1.0,0.3142857142857143,0.5577639751552795,0.8490566037735817,0.8888888888888882,,,,
fade_debit_24h,debit_spread_proxy,24,p90,0.9,delayed,other,USO,435,0.5839080459770115,0.25892857142856657,0.06697105329724592,29.13240818430198,1.2179056975088,0.015108451757666508,0.9672131147540983,0.5103448275862069,0.6827586206896552,0.48198198198197917,0.7929515418502194,,,,
fade_debit_72h,debit_spread_proxy,72,all,0.0,immediate,tariffs_trade,GLD,95,0.47368421052631576,-0.1269946808510658,0.0004148469734721114,0.03941046247985058,1.0008950294858534,0.0014781774331578124,0.5692307692307692,,,,,0.1368421052631579,0.2,5.074074074074091,6.487804878048446
fade_debit_72h,debit_spread_proxy,72,all,0.0,immediate,tariffs_trade,QQQ,95,0.43157894736842106,-0.7037037037037427,-0.1028835375269486,-9.773936065060118,0.8035036794804552,0.0020180194871376456,0.6307692307692307,,,,,0.1368421052631579,0.18947368421052632,6.642857142855142,4.2703081232492925
fade_debit_72h,debit_spread_proxy,72,all,0.0,immediate,tariffs_trade,SLV,93,0.5376344086021505,0.6923076923076811,0.09741654925451963,9.059739080670326,1.233485180347852,0.0024227740763174133,0.4838709677419355,,,,,0.13978494623655913,0.23655913978494625,5.523809523809298,6.44444444444426
fade_debit_72h,debit_spread_proxy,72,all,0.0,immediate,tariffs_trade,SPY,95,0.4631578947368421,-0.48886283704571126,-0.07226570788395807,-6.865242248976017,0.8561931526855793,0.0016038874420376548,0.6721311475409836,,,,,0.15789473684210525,0.24210526315789474,5.406976744186032,4.095238095239126
fade_debit_72h,debit_spread_proxy,72,all,0.0,immediate,tariffs_trade,UNG,91,0.5494505494505495,1.0,0.10964411670256204,9.977614619933146,1.2569716114821803,0.004773269689737347,0.5901639344262295,,,,,0.13186813186813187,0.2087912087912088,4.666666666666673,5.647058823529419
fade_debit_72h,debit_spread_proxy,72,all,0.0,immediate,tariffs_trade,USO,90,0.4888888888888889,-0.16615667074663307,-0.041172543924965235,-3.705528953246871,0.9131386918023563,0.0031529816916597286,0.6229508196721312,,,,,0.1,0.2,4.729166666666542,6.533251231527037
fade_debit_72h,debit_spread_proxy,72,all,0.0,immediate,war_geopolitics,GLD,152,0.5131578947368421,0.4622177185871223,0.014782716061819233,2.2469728413965235,1.0309381943547873,0.001364467701693295,0.49230769230769234,,,,,0.09210526315789473,0.17763157894736842,6.656666666666588,7.2471014492753625
fade_debit_72h,debit_spread_proxy,72,all,0.0,immediate,war_geopolitics,QQQ,153,0.5098039215686274,0.048611111111068896,0.005457309659156551,0.8349683778509522,1.0115220308753419,0.0015692497575596764,0.5538461538461539,,,,,0.0718954248366013,0.13725490196078433,6.627118644067875,5.515068493150718
fade_debit_72h,debit_spread_proxy,72,all,0.0,immediate,war_geopolitics,SLV,148,0.5135135135135135,0.20847784200384978,0.023869415106913427,3.5326734358231873,1.0528274609400747,0.0029949425953523234,0.5668734491315137,,,,,0.10135135135135136,0.1891891891891892,5.617346938775604,6.276836158192291
fade_debit_72h,debit_spread_proxy,72,all,0.0,immediate,war_geopolitics,SPY,153,0.477124183006536,-0.42400000000002364,-0.0423657937967259,-6.481966450899063,0.9146585514934491,0.0013456013383278398,0.5806451612903226,,,,,0.058823529411764705,0.12418300653594772,6.171428571428662,5.776315789473736
fade_debit_72h,debit_spread_proxy,72,all,0.0,immediate,war_geopolitics,UNG,144,0.5208333333333334,0.41666666666667473,0.08298565467770058,11.949934273588884,1.2028009204737593,0.004250127571564288,0.5397225725094578,,,,,0.125,0.19444444444444445,5.345238095238125,6.450000000000116
fade_debit_72h,debit_spread_proxy,72,all,0.0,immediate,war_geopolitics,USO,147,0.4965986394557823,-0.08695652173917878,-0.016766380476299726,-2.4646579300160596,0.9635140928313846,0.00347222222222221,0.6307692307692307,,,,,0.14965986394557823,0.21768707482993196,5.148648648648687,4.92647058823534
fade_debit_72h,debit_spread_proxy,72,all,0.0,immediate,oil_gas_energy,GLD,23,0.6086956521739131,1.0,0.21739130434782608,5.0,1.5555555555555556,0.0010498815831236907,0.38461538461538464,,,,,0.13043478260869565,0.17391304347826086,3.65217391304343,8.347826086956385
fade_debit_72h,debit_spread_proxy,72,all,0.0,immediate,oil_gas_energy,QQQ,23,0.5217391304347826,0.46536144578313826,0.04225282038709584,0.9718148689032042,1.0965852814492754,0.0010894991508316743,0.43548387096774194,,,,,0.13043478260869565,0.17391304347826086,8.185258964143358,5.799999999998712
fade_debit_72h,debit_spread_proxy,72,all,0.0,immediate,oil_gas_energy,SLV,24,0.375,-1.0,-0.21874999999999814,-5.249999999999956,0.6250000000000032,0.0015431483169972005,0.4587641866330391,,,,,0.16666666666666666,0.25,5.750000000000089,9.49999999999849
fade_debit_72h,debit_spread_proxy,72,all,0.0,immediate,oil_gas_energy,SPY,24,0.4583333333333333,-0.5655737704917971,-0.04754885848500945,-1.1411726036402268,0.9059303664566839,0.0013682420137902662,0.6299007444168734,,,,,0.08333333333333333,0.16666666666666666,6.938814134972202,6.086512168444096
fade_debit_72h,debit_spread_proxy,72,all,0.0,immediate,oil_gas_energy,UNG,23,0.5217391304347826,1.0,0.09239130434782825,2.1250000000000497,1.2151898734177276,0.005123825789923098,0.7538461538461538,,,,,0.17391304347826086,0.21739130434782608,4.399999999999915,7.599999999999907
fade_debit_72h,debit_spread_proxy,72,all,0.0,immediate,oil_gas_energy,USO,24,0.7083333333333334,1.0,0.40625000000000183,9.750000000000044,2.392857142857149,0.003890474203133154,0.7,,,,,0.20833333333333334,0.3333333333333333,3.1712962962963873,5.870065789473786
fade_debit_72h,debit_spread_proxy,72,all,0.0,immediate,fed_inflation_rates,GLD,46,0.3695652173913043,-1.0,-0.2583364818597008,-11.883478165546236,0.569967212885287,0.001696297825338866,0.5156368221941993,,,,,0.08695652173913043,0.10869565217391304,6.032077051926206,2.3982758620689593
fade_debit_72h,debit_spread_proxy,72,all,0.0,immediate,fed_inflation_rates,QQQ,46,0.5,0.011202450032262078,-0.0017765063294860252,-0.08171929115635716,0.9962019725270626,0.001322994577975023,0.5242503259452412,,,,,0.06521739130434782,0.15217391304347827,5.239583333332999,5.2736111111110615
fade_debit_72h,debit_spread_proxy,72,all,0.0,immediate,fed_inflation_rates,SLV,44,0.38636363636363635,-1.0,-0.22129165092641045,-9.73683264076206,0.623860943215526,0.004016064257028051,0.5556116015132408,,,,,0.045454545454545456,0.11363636363636363,6.856209150326846,3.5904761904761964
fade_debit_72h,debit_spread_proxy,72,all,0.0,immediate,fed_inflation_rates,SPY,46,0.3695652173913043,-1.0,-0.1992654718755756,-9.166211706276478,0.6496928248853928,0.0011246996100329198,0.5752986940816893,,,,,0.13043478260869565,0.15217391304347827,4.821356275303547,4.572544858190049
fade_debit_72h,debit_spread_proxy,72,all,0.0,immediate,fed_inflation_rates,UNG,45,0.5777777777777777,1.0,0.19292830842538566,8.681773879142355,1.527055412561764,0.005405405405405239,0.5409836065573771,,,,,0.06666666666666667,0.13333333333333333,3.520833333333329,5.250000000000133
fade_debit_72h,debit_spread_proxy,72,all,0.0,immediate,fed_inflation_rates,USO,43,0.4883720930232558,-1.0,-0.023255813953488372,-1.0,0.9545454545454546,0.002192982456140413,0.47540983606557374,,,,,0.09302325581395349,0.13953488372093023,6.888888888888521,6.676470588235237
fade_debit_72h,debit_spread_proxy,72,all,0.0,immediate,immigration_border,GLD,83,0.4819277108433735,-1.0,-0.06664155138561764,-5.531248765006264,0.8700009767132715,0.0016239158516331287,0.5833333333333334,,,,,0.07228915662650602,0.1686746987951807,4.741007194244439,4.1428571428575145
fade_debit_72h,debit_spread_proxy,72,all,0.0,immediate,immigration_border,QQQ,84,0.5,-0.0039052069426163266,-0.0038115943626755404,-0.3201739264647454,0.9920739508177978,0.0014104259057358126,0.5353598014888337,,,,,0.08333333333333333,0.17857142857142858,4.22664215276613,5.6936652641420835
fade_debit_72h,debit_spread_proxy,72,all,0.0,immediate,immigration_border,SLV,82,0.573170731707317,0.8809523809523777,0.15722269122556018,12.892260680495934,1.4183492158655202,0.0021183060730423087,0.5125706214689265,,,,,0.14634146341463414,0.23170731707317074,4.000000000000107,7.958333333333112
fade_debit_72h,debit_spread_proxy,72,all,0.0,immediate,immigration_border,SPY,83,0.5542168674698795,1.0,0.11843728863108949,9.830294956380428,1.2811732503692523,0.0012627591286962225,0.5483870967741935,,,,,0.1566265060240964,0.26506024096385544,3.1304347826085666,5.8512396694213455
fade_debit_72h,debit_spread_proxy,72,all,0.0,immediate,immigration_border,UNG,80,0.4875,-0.14102564102564008,-0.017950193455308332,-1.4360154764246666,0.9634434702476748,0.003626656848306431,0.5169491525423728,,,,,0.1125,0.175,7.333333333333265,6.450000000000244
fade_debit_72h,debit_spread_proxy,72,all,0.0,immediate,immigration_border,USO,81,0.48148148148148145,-0.2857142857141987,-0.009786746089503919,-0.7927264332498174,0.979085399737624,0.0023041474654377225,0.5573770491803278,,,,,0.08641975308641975,0.20987654320987653,4.695652173912955,7.833333333333097
fade_debit_72h,debit_spread_proxy,72,all,0.0,immediate,domestic_politics_attacks,GLD,90,0.45555555555555555,-0.21449275362317463,-0.02822465137749632,-2.5402186239746687,0.9412557187575421,0.0008954536853697515,0.3885245901639344,,,,,0.06666666666666667,0.12222222222222222,7.340579710144036,10.335227272728044
fade_debit_72h,debit_spread_proxy,72,all,0.0,immediate,domestic_politics_attacks,QQQ,92,0.42391304347826086,-0.7161835748791577,-0.10117731501145774,-9.308312981054112,0.8068521725803411,0.001335916756015909,0.5322916666666666,,,,,0.09782608695652174,0.09782608695652174,6.644395604395728,6.45551414929531
fade_debit_72h,debit_spread_proxy,72,all,0.0,immediate,domestic_politics_attacks,SLV,90,0.4777777777777778,-0.6833333333333433,-0.05137812230835425,-4.624031007751882,0.8980742614015016,0.0020186157348418554,0.4553760593220339,,,,,0.12222222222222222,0.2,6.608142493638533,6.731457800511416
fade_debit_72h,debit_spread_proxy,72,all,0.0,immediate,domestic_politics_attacks,SPY,90,0.45555555555555555,-0.7199932852107004,-0.08029238709660748,-7.226314838694673,0.844079117003548,0.0009518127816848798,0.48346762989719366,,,,,0.07777777777777778,0.1111111111111111,7.146051811121723,5.803556543484108
fade_debit_72h,debit_spread_proxy,72,all,0.0,immediate,domestic_politics_attacks,UNG,86,0.5,0.03636363636363716,0.013817395389690205,1.1882960035133576,1.0305795449600954,0.005049523147808821,0.5250069463739928,,,,,0.18604651162790697,0.22093023255813954,4.381818181818198,5.800699300699321
fade_debit_72h,debit_spread_proxy,72,all,0.0,immediate,domestic_politics_attacks,USO,88,0.5340909090909091,0.9107142857142911,0.07584489797289112,6.674351021614418,1.1725038181117262,0.002688529823094532,0.5889178617992177,,,,,0.07954545454545454,0.125,5.029304029304002,6.46634615384637
fade_debit_72h,debit_spread_proxy,72,all,0.0,immediate,other,GLD,1344,0.5007440476190477,0.060937197131239816,0.00723140624186517,9.71900998906679,1.0152845542897628,0.0013020556895957935,0.5081967213114754,,,,,0.10863095238095238,0.15922619047619047,6.352275280898704,6.941346153846428
fade_debit_72h,debit_spread_proxy,72,all,0.0,immediate,other,QQQ,1346,0.4962852897473997,-0.10284514925367157,-0.006638679209344518,-8.935662215777722,0.9863539187321403,0.0011917360155238588,0.5084745762711864,,,,,0.08023774145616643,0.13893016344725112,7.09410319410318,6.604952830187467
fade_debit_72h,debit_spread_proxy,72,all,0.0,immediate,other,SLV,1282,0.5031201248049922,0.09999999999998757,0.012684854874424932,16.261983949012762,1.0273773329385136,0.002164446634168038,0.515625,,,,,0.11076443057722309,0.18174726989079562,6.154761904761752,6.309523809524373
fade_debit_72h,debit_spread_proxy,72,all,0.0,immediate,other,SPY,1346,0.5014858841010401,0.07034632034631208,-0.001433602600128837,-1.9296290997734147,0.9969982115352239,0.0009171842733730617,0.5083356487913309,,,,,0.09435364041604755,0.14041604754829123,6.8779898427259365,6.33333333333305
fade_debit_72h,debit_spread_proxy,72,all,0.0,immediate,other,UNG,1279,0.49257232212666147,-0.07692307692307587,-0.002047585919942357,-2.6188623916062745,0.995686498613823,0.004658385093167627,0.5901639344262295,,,,,0.11024237685691947,0.1704456606724003,5.374999999999992,5.666666666666785
fade_debit_72h,debit_spread_proxy,72,all,0.0,immediate,other,USO,1305,0.5233716475095785,0.6129032258064492,0.056786883497552496,74.10688296430601,1.1269152377494112,0.002379619260918231,0.532258064516129,,,,,0.11264367816091954,0.18160919540229886,5.62962962962955,5.849999999999925
fade_debit_72h,debit_spread_proxy,72,all,0.0,delayed,tariffs_trade,GLD,38,0.34210526315789475,-0.7419717567923558,-0.27752878684824484,-10.546093900233304,0.5017346753194223,0.005540163146018906,0.923728813559322,,,,,0.15789473684210525,0.3684210526315789,2.0107843137254786,1.5875491314821661
fade_debit_72h,debit_spread_proxy,72,all,0.0,delayed,tariffs_trade,QQQ,38,0.5526315789473685,0.7293961366026482,0.1421263292569544,5.400800511764267,1.372345734546956,0.004044493318416942,0.926857887874837,,,,,0.15789473684210525,0.42105263157894735,1.397957099080673,2.3599999999999937
fade_debit_72h,debit_spread_proxy,72,all,0.0,delayed,tariffs_trade,SLV,38,0.39473684210526316,-0.5011437908496752,-0.18317958759235312,-6.9608243285094185,0.6411657583873869,0.009629936979488662,0.950382722799344,,,,,0.15789473684210525,0.34210526315789475,1.8413043478260391,1.4394736842105278
fade_debit_72h,debit_spread_proxy,72,all,0.0,delayed,tariffs_trade,SPY,38,0.5526315789473685,0.7030075187969725,0.13202256123071193,5.016857326767053,1.3391161677991437,0.002903471100691335,0.9153846153846155,,,,,0.23684210526315788,0.2894736842105263,1.6750000000000387,3.156729131175468
fade_debit_72h,debit_spread_proxy,72,all,0.0,delayed,tariffs_trade,UNG,38,0.5,-0.011143818334734837,0.12196555717990443,4.6346911728363684,1.34775387728504,0.012648624490729843,0.9814814814814815,,,,,0.07894736842105263,0.23684210526315788,2.195652173913021,2.747826086956521
fade_debit_72h,debit_spread_proxy,72,all,0.0,delayed,tariffs_trade,USO,37,0.6486486486486487,1.0,0.2687584185121815,9.944061484950716,1.8402861579639687,0.008107352530053014,0.8852459016393442,,,,,0.13513513513513514,0.35135135135135137,1.4390243902439228,3.281818181818198
fade_debit_72h,debit_spread_proxy,72,all,0.0,delayed,war_geopolitics,GLD,105,0.4,-0.5465587044534215,-0.1111006752260198,-11.665570898732078,0.769429481936092,0.006273181006456241,0.9491525423728814,,,,,0.1619047619047619,0.34285714285714286,2.021235521235524,1.2254335260115505
fade_debit_72h,debit_spread_proxy,72,all,0.0,delayed,war_geopolitics,QQQ,105,0.45714285714285713,-0.08567415730337265,-0.0328316473404259,-3.44732297074472,0.9227188770981725,0.006477518713750019,1.0,,,,,0.26666666666666666,0.3619047619047619,1.7460317460317947,1.771349862258973
fade_debit_72h,debit_spread_proxy,72,all,0.0,delayed,war_geopolitics,SLV,104,0.4807692307692308,-0.29099821746880583,-0.05178633612585322,-5.385778957088735,0.880994727226989,0.01185673733799314,0.9745762711864407,,,,,0.19230769230769232,0.3269230769230769,1.9999999999996447,2.3655913978494643
fade_debit_72h,debit_spread_proxy,72,all,0.0,delayed,war_geopolitics,SPY,105,0.45714285714285713,-0.26925698704840195,-0.08084464887922871,-8.488688132319014,0.8309282324122619,0.004016803628512644,0.9830508474576272,,,,,0.2,0.3047619047619048,1.8458333333333774,2.1806930693069035
fade_debit_72h,debit_spread_proxy,72,all,0.0,delayed,war_geopolitics,UNG,104,0.5192307692307693,0.25454545454545524,0.024285947635894842,2.5257385541330635,1.0570685623705267,0.011361251291451824,0.9814814814814815,,,,,0.1346153846153846,0.18269230769230768,3.145445134575562,2.051724137931033
fade_debit_72h,debit_spread_proxy,72,all,0.0,delayed,war_geopolitics,USO,105,0.5238095238095238,0.6666666666666811,0.06034962191674605,6.336710301258336,1.1403236480025907,0.011256507668496063,0.9473684210526315,,,,,0.20952380952380953,0.34285714285714286,2.5714285714286023,2.4999999999999916
fade_debit_72h,debit_spread_proxy,72,all,0.0,delayed,oil_gas_energy,GLD,7,0.42857142857142855,-0.6264367816091777,-0.0602955152688852,-0.4220686068821964,0.8766627279086793,0.004746504106656557,0.8983050847457628,,,,,0.0,0.2857142857142857,2.9252873563218094,4.039215686274586
fade_debit_72h,debit_spread_proxy,72,all,0.0,delayed,oil_gas_energy,QQQ,7,0.2857142857142857,-1.0,-0.42857142857142855,-3.0,0.4,0.007267441860465018,1.0,,,,,0.14285714285714285,0.14285714285714285,3.8163265306124785,2.3599999999999937
fade_debit_72h,debit_spread_proxy,72,all,0.0,delayed,oil_gas_energy,SLV,7,0.42857142857142855,-0.8793103448275976,-0.1761709944059487,-1.2331969608416409,0.6719017260146112,0.00881325026591706,0.9491525423728814,,,,,0.14285714285714285,0.14285714285714285,3.8333333333331954,3.7619047619048698
fade_debit_72h,debit_spread_proxy,72,all,0.0,delayed,oil_gas_energy,SPY,7,0.2857142857142857,-1.0,-0.4103401360544229,-2.87238095238096,0.4104769351055506,0.003948652274667674,0.9830508474576272,,,,,0.14285714285714285,0.14285714285714285,2.7692307692308615,2.7335907335907157
fade_debit_72h,debit_spread_proxy,72,all,0.0,delayed,oil_gas_energy,UNG,7,0.7142857142857143,1.0,0.4123989218328844,2.886792452830191,2.4433962264150955,0.00742804085422466,0.9074074074074074,,,,,0.14285714285714285,0.14285714285714285,11.866666666666786,5.374999999999992
fade_debit_72h,debit_spread_proxy,72,all,0.0,delayed,oil_gas_energy,USO,7,0.14285714285714285,-1.0,-0.604904354904353,-4.234330484330471,0.19104640087086727,0.014733969986357454,0.9649122807017544,,,,,0.14285714285714285,0.14285714285714285,5.195906432748509,2.2500000000000253
fade_debit_72h,debit_spread_proxy,72,all,0.0,delayed,fed_inflation_rates,GLD,12,0.3333333333333333,-0.7211720226843068,-0.33313336669899773,-3.997600400387973,0.3985757698484898,0.006786966451156395,0.9831920903954803,,,,,0.25,0.4166666666666667,1.5104883902357673,0.947867298578193
fade_debit_72h,debit_spread_proxy,72,all,0.0,delayed,fed_inflation_rates,QQQ,12,0.8333333333333334,0.674655635877657,0.40486684840386267,4.858402180846352,3.4292010904231764,0.0031193284936480437,0.8709677419354839,,,,,0.16666666666666666,0.3333333333333333,1.3696969696968886,3.6484848484847054
fade_debit_72h,debit_spread_proxy,72,all,0.0,delayed,fed_inflation_rates,SLV,12,0.4166666666666667,-0.493680884676146,-0.38591086182608275,-4.630930341912993,0.22654910120556082,0.02035928143712573,0.9838709677419355,,,,,0.3333333333333333,0.4166666666666667,1.803547572699062,0.36007983384176334
fade_debit_72h,debit_spread_proxy,72,all,0.0,delayed,fed_inflation_rates,SPY,12,0.8333333333333334,0.6613209450335644,0.504842250528853,6.058107006346236,4.0290535031731185,0.0031856187944933056,0.9673453199365415,,,,,0.5,0.5833333333333334,0.5540710539025808,1.5959302325581697
fade_debit_72h,debit_spread_proxy,72,all,0.0,delayed,fed_inflation_rates,UNG,12,0.5833333333333334,0.9310344827586193,0.2644027378671772,3.172832854406127,1.86002434077079,0.02160664819944591,1.0,,,,,0.0,0.3333333333333333,2.1468449448744966,2.110547667342799
fade_debit_72h,debit_spread_proxy,72,all,0.0,delayed,fed_inflation_rates,USO,12,0.5,0.02766047297296976,-0.012368091027633013,-0.14841709233159617,0.9547031327084267,0.007760397720383283,0.8363636363636363,,,,,0.25,0.4166666666666667,1.4117647058823608,1.9218750000000044
fade_debit_72h,debit_spread_proxy,72,all,0.0,delayed,immigration_border,GLD,43,0.3488372093023256,-0.6883116883116933,-0.22431406857601405,-9.645504948768604,0.5893807873196769,0.006812164211716931,0.9661016949152542,,,,,0.11627906976744186,0.27906976744186046,1.8156028368794752,0.9068322981366461
fade_debit_72h,debit_spread_proxy,72,all,0.0,delayed,immigration_border,QQQ,43,0.6744186046511628,1.0,0.3459615510137858,14.876346693592788,2.3369744906565972,0.003934529430280165,0.9384615384615385,,,,,0.18604651162790697,0.3023255813953488,1.436363636363659,2.4937500000001473
fade_debit_72h,debit_spread_proxy,72,all,0.0,delayed,immigration_border,SLV,43,0.3488372093023256,-0.6540284360189588,-0.29682299102204696,-12.763388613948019,0.4630978894079035,0.00916590284142993,0.9491525423728814,,,,,0.06976744186046512,0.23255813953488372,2.4411764705882315,1.2337662337662438
fade_debit_72h,debit_spread_proxy,72,all,0.0,delayed,immigration_border,SPY,43,0.6046511627906976,0.6262425447316092,0.19419870527414954,8.35054432678843,1.5807966651562184,0.00300815771583951,0.9508196721311475,,,,,0.16279069767441862,0.2558139534883721,1.7857142857142987,2.1806930693069035
fade_debit_72h,debit_spread_proxy,72,all,0.0,delayed,immigration_border,UNG,42,0.4523809523809524,-0.39130275766220446,-0.09345751563326446,-3.925215656597107,0.7939558051382929,0.021181834478233297,1.0,,,,,0.19047619047619047,0.30952380952380953,1.8465965965965985,1.5510204081632641
fade_debit_72h,debit_spread_proxy,72,all,0.0,delayed,immigration_border,USO,43,0.5116279069767442,0.10937499999998924,0.03734928399770298,1.606019211901228,1.0857376686214066,0.007642393655371338,0.8363636363636363,,,,,0.20930232558139536,0.37209302325581395,2.263157894736783,2.1794871794871753
fade_debit_72h,debit_spread_proxy,72,all,0.0,delayed,domestic_politics_attacks,GLD,109,0.3944954128440367,-0.4578313253012081,-0.1292684452744638,-14.090260534916553,0.7351950535692549,0.005417031785230675,0.9491525423728814,,,,,0.06422018348623854,0.29357798165137616,1.6996015936254951,1.695187165775375
fade_debit_72h,debit_spread_proxy,72,all,0.0,delayed,domestic_politics_attacks,QQQ,109,0.5412844036697247,0.40842105263157846,0.10207685406940843,11.12637709356552,1.2796675012194032,0.004886117342864704,0.9836065573770492,,,,,0.1834862385321101,0.30275229357798167,1.6926315789473607,2.4086021505374795
fade_debit_72h,debit_spread_proxy,72,all,0.0,delayed,domestic_politics_attacks,SLV,109,0.3761467889908257,-0.9172413793103463,-0.279121621930707,-30.42425679044706,0.5231072564550523,0.00881325026591706,0.9491525423728814,,,,,0.08256880733944955,0.22018348623853212,2.8776978417266177,1.3478260869565137
fade_debit_72h,debit_spread_proxy,72,all,0.0,delayed,domestic_politics_attacks,SPY,108,0.5185185185185185,0.14851485148514984,0.045570263149308975,4.921588420125369,1.1155415842678273,0.0036215283643512564,0.9830508474576272,,,,,0.17592592592592593,0.2962962962962963,1.9708029197080144,2.7226277372262815
fade_debit_72h,debit_spread_proxy,72,all,0.0,delayed,domestic_politics_attacks,UNG,108,0.4722222222222222,-0.09677419354839116,0.0016970655298386562,0.18328307722257486,1.0040993416751578,0.014790398918187897,0.9814814814814815,,,,,0.19444444444444445,0.3055555555555556,2.5862068965517158,2.7874837027379353
fade_debit_72h,debit_spread_proxy,72,all,0.0,delayed,domestic_politics_attacks,USO,109,0.6238532110091743,0.6666666666666811,0.20260386876422098,22.083821695300088,1.6085227488660212,0.007642393655371338,0.847457627118644,,,,,0.21100917431192662,0.3486238532110092,2.1874999999999973,2.450980392156838
fade_debit_72h,debit_spread_proxy,72,all,0.0,delayed,other,GLD,1065,0.4262910798122066,-0.3616071428571424,-0.09541397153381162,-101.61587968350938,0.8016452725419753,0.005729064361945868,0.9491525423728814,,,,,0.11643192488262911,0.27323943661971833,1.9572649572649714,1.557046979865777
fade_debit_72h,debit_spread_proxy,72,all,0.0,delayed,other,QQQ,1065,0.5765258215962441,0.7078099399235431,0.19744932972606552,210.28353615825978,1.5953907362604418,0.004685754306391732,0.9838709677419355,,,,,0.2140845070422535,0.3502347417840376,1.5733333333333424,2.8662337662337833
fade_debit_72h,debit_spread_proxy,72,all,0.0,delayed,other,SLV,1059,0.421152030217186,-0.6493506493506527,-0.17601595865497713,-186.40090021562077,0.6511923677098879,0.00999432140829093,0.9491525423728814,,,,,0.13220018885741266,0.26534466477809254,2.2857142857143726,1.5789473684210567
fade_debit_72h,debit_spread_proxy,72,all,0.0,delayed,other,SPY,1062,0.5499058380414312,0.40601503759394514,0.10645660219898871,113.05691153532601,1.2781612492445575,0.003322016039337239,0.9661016949152542,,,,,0.2071563088512241,0.2900188323917137,1.7857142857142987,2.8483870967741494
fade_debit_72h,debit_spread_proxy,72,all,0.0,delayed,other,UNG,1050,0.4342857142857143,-0.2724014336917561,-0.052918882538627844,-55.56482666555924,0.8810153863877188,0.014233241505968719,0.9814814814814815,,,,,0.16666666666666666,0.2819047619047619,2.3333333333333464,2.292364532019707
fade_debit_72h,debit_spread_proxy,72,all,0.0,delayed,other,USO,1063,0.5371589840075258,0.1993865030674826,0.0665149965659058,70.70544134955787,1.1626510254883005,0.006882312456985562,0.8181818181818182,,,,,0.17591721542803387,0.30103480714957664,2.215686274509773,2.4999999999999916
fade_debit_72h,debit_spread_proxy,72,p80,0.8,immediate,tariffs_trade,GLD,27,0.4444444444444444,-0.06582278481012926,0.018683299270635684,0.5044490803071635,1.0445065715566566,0.0058014611087237045,0.9193548387096774,,,,,0.2222222222222222,0.37037037037037035,2.407098121085579,1.7276595744681111
fade_debit_72h,debit_spread_proxy,72,p80,0.8,immediate,tariffs_trade,QQQ,33,0.42424242424242425,-0.40064102564102505,-0.08647065842302872,-2.8535317279599477,0.8258942561211102,0.005431146444173307,0.9180327868852459,,,,,0.2727272727272727,0.36363636363636365,2.6481481481484446,2.703703703703743
fade_debit_72h,debit_spread_proxy,72,p80,0.8,immediate,tariffs_trade,SLV,20,0.55,0.6349813045284641,0.09042902476178956,1.8085804952357911,1.2137452807244795,0.007728197020740013,0.9038461538461539,,,,,0.35,0.45,1.2628458498023467,2.740112994350292
fade_debit_72h,debit_spread_proxy,72,p80,0.8,immediate,tariffs_trade,SPY,31,0.41935483870967744,-0.48886283704571126,-0.1782139157821793,-5.524631389247558,0.6477962637833511,0.005059678256356892,0.9344262295081968,,,,,0.22580645161290322,0.41935483870967744,1.8857938718662735,1.9184549356222955
fade_debit_72h,debit_spread_proxy,72,p80,0.8,immediate,tariffs_trade,UNG,22,0.7272727272727273,1.0,0.4600638849821074,10.121405469606362,3.1608921361352307,0.014079014715776939,0.9016129032258065,,,,,0.3181818181818182,0.5,1.0882352941176456,2.3283828382838356
fade_debit_72h,debit_spread_proxy,72,p80,0.8,immediate,tariffs_trade,USO,27,0.5555555555555556,0.21729490022173012,0.03497652708725336,0.9443662313558407,1.090892667559798,0.007551919446192712,0.8688524590163934,,,,,0.25925925925925924,0.37037037037037035,2.326530612244923,2.0416666666666683
fade_debit_72h,debit_spread_proxy,72,p80,0.8,immediate,war_geopolitics,GLD,37,0.5675675675675675,0.678378378378383,0.11249060232031123,4.162152285851516,1.2727493885753636,0.004817014675565945,0.9322033898305084,,,,,0.16216216216216217,0.2972972972972973,2.958637469586412,2.640000000000043
fade_debit_72h,debit_spread_proxy,72,p80,0.8,immediate,war_geopolitics,QQQ,43,0.5813953488372093,0.5037037037037215,0.11283094052543591,4.851730442593744,1.2896253687241135,0.004628181875039106,0.8983050847457628,,,,,0.13953488372093023,0.2558139534883721,2.183908045976974,2.5123456790122995
fade_debit_72h,debit_spread_proxy,72,p80,0.8,immediate,war_geopolitics,SLV,35,0.5428571428571428,0.15028901734103609,0.0832374183349187,2.9133096417221545,1.22357832946316,0.010200927357032374,0.9076923076923077,,,,,0.14285714285714285,0.2571428571428571,3.4062499999999676,2.827586206896561
fade_debit_72h,debit_spread_proxy,72,p80,0.8,immediate,war_geopolitics,SPY,44,0.5681818181818182,0.582710048994057,0.13468542630059482,5.9261587572261725,1.358792394482948,0.003605986991941368,0.8923076923076924,,,,,0.11363636363636363,0.25,2.4560185185184387,2.238411055137046
fade_debit_72h,debit_spread_proxy,72,p80,0.8,immediate,war_geopolitics,UNG,35,0.5428571428571428,0.500000000000003,0.09922402458474384,3.4728408604660346,1.254611007759854,0.013793103448275668,0.8769230769230769,,,,,0.2571428571428571,0.4,1.636363636363629,2.6666666666666625
fade_debit_72h,debit_spread_proxy,72,p80,0.8,immediate,war_geopolitics,USO,49,0.5510204081632653,0.0449999999999946,0.041012214181327784,2.0095984948850614,1.105119822400814,0.00788981010965506,0.8923076923076924,,,,,0.16326530612244897,0.2857142857142857,3.0555555555555385,2.3181818181818534
fade_debit_72h,debit_spread_proxy,72,p80,0.8,immediate,oil_gas_energy,GLD,6,0.6666666666666666,1.0,0.3333333333333333,2.0,2.0,0.004042243370921572,0.8810844892812106,,,,,0.0,0.16666666666666666,2.9089065043905302,3.2537659984142753
fade_debit_72h,debit_spread_proxy,72,p80,0.8,immediate,oil_gas_energy,QQQ,9,0.5555555555555556,0.46536144578313826,0.10797942987813382,0.9718148689032043,1.317407275730482,0.004974818818326954,0.9016393442622951,,,,,0.1111111111111111,0.2222222222222222,3.018789144050135,1.689393939393889
fade_debit_72h,debit_spread_proxy,72,p80,0.8,immediate,oil_gas_energy,SLV,4,0.75,1.0,0.5,2.0,3.0,0.005569800946634951,0.9099087353324642,,,,,0.5,0.5,1.319875776397516,12.948841698841555
fade_debit_72h,debit_spread_proxy,72,p80,0.8,immediate,oil_gas_energy,SPY,8,0.5,0.4294136981798866,0.10735342454497165,0.8588273963597732,1.2742851894133318,0.0046308450198046525,0.9173045379989064,,,,,0.125,0.25,3.4660841919613765,2.28526037418102
fade_debit_72h,debit_spread_proxy,72,p80,0.8,immediate,oil_gas_energy,UNG,8,0.625,1.0,0.35937500000000033,2.8750000000000027,2.352941176470591,0.009236081950877217,0.8699101004759386,,,,,0.375,0.5,1.2946428571428559,6.071428571428595
fade_debit_72h,debit_spread_proxy,72,p80,0.8,immediate,oil_gas_energy,USO,7,0.5714285714285714,1.0,0.14285714285714285,1.0,1.3333333333333333,0.008194322505121532,0.9538461538461539,,,,,0.14285714285714285,0.42857142857142855,2.5925925925926414,3.35000000000008
fade_debit_72h,debit_spread_proxy,72,p80,0.8,immediate,fed_inflation_rates,GLD,13,0.38461538461538464,-0.9829545454545447,-0.22913951990039,-2.97881375870507,0.5978589362651595,0.005980392156862746,0.9016393442622951,,,,,0.23076923076923078,0.23076923076923078,2.7956521739130324,1.37068965517243
fade_debit_72h,debit_spread_proxy,72,p80,0.8,immediate,fed_inflation_rates,QQQ,9,0.2222222222222222,-1.0,-0.5796697130030459,-5.217027417027413,0.1983592017738379,0.004896440287910586,0.8225806451612904,,,,,0.0,0.1111111111111111,3.2099999999999986,0.9809523809523981
fade_debit_72h,debit_spread_proxy,72,p80,0.8,immediate,fed_inflation_rates,SLV,13,0.23076923076923078,-1.0,-0.5182178954432355,-6.736832640762062,0.24188193779014608,0.011627906976744207,0.9384615384615385,,,,,0.0,0.07692307692307693,6.595317725752488,0.75
fade_debit_72h,debit_spread_proxy,72,p80,0.8,immediate,fed_inflation_rates,SPY,6,0.0,-1.0,-0.8831168831168883,-5.29870129870133,0.0,0.004330474195076706,0.8846153846153846,,,,,0.16666666666666666,0.16666666666666666,2.8660895796445858,1.1010467460125035
fade_debit_72h,debit_spread_proxy,72,p80,0.8,immediate,fed_inflation_rates,UNG,12,0.6666666666666666,0.9473684210526283,0.37394411955815415,4.48732943469785,2.495776478232617,0.016046927940557454,0.9106292966684294,,,,,0.16666666666666666,0.4166666666666667,1.1666666666666625,3.0163690476190412
fade_debit_72h,debit_spread_proxy,72,p80,0.8,immediate,fed_inflation_rates,USO,8,0.25,-1.0,-0.5,-4.0,0.3333333333333333,0.008727453189659173,0.9051702395964691,,,,,0.0,0.0,7.558501170960193,1.1888839285714232
fade_debit_72h,debit_spread_proxy,72,p80,0.8,immediate,immigration_border,GLD,22,0.5909090909090909,0.535624724234415,0.10709536060533241,2.356097933317313,1.2617886592574792,0.004751866769390489,0.8884615384615384,,,,,0.18181818181818182,0.36363636363636365,1.20080289672542,3.981250513262733
fade_debit_72h,debit_spread_proxy,72,p80,0.8,immediate,immigration_border,QQQ,18,0.4444444444444444,-0.936417502278942,-0.16694467806779148,-3.0050042052202466,0.6956290463850596,0.0057445520914694015,0.9092400218698742,,,,,0.05555555555555555,0.2222222222222222,2.248887790410243,2.9322958571895756
fade_debit_72h,debit_spread_proxy,72,p80,0.8,immediate,immigration_border,SLV,9,0.6666666666666666,1.0,0.2480158730158734,2.2321428571428608,1.7440476190476204,0.01642512077294689,0.9193548387096774,,,,,0.3333333333333333,0.6666666666666666,0.8758389261744953,4.218543046357604
fade_debit_72h,debit_spread_proxy,72,p80,0.8,immediate,immigration_border,SPY,20,0.4,-0.8895027624309406,-0.16837953410251724,-3.367590682050345,0.6930109275497454,0.004141892860746843,0.8897022332506204,,,,,0.1,0.3,2.8951405152223346,2.0794611479890444
fade_debit_72h,debit_spread_proxy,72,p80,0.8,immediate,immigration_border,UNG,17,0.5294117647058824,1.0,0.10105580693815999,1.7179487179487198,1.2359154929577467,0.010466222645099887,0.8688524590163934,,,,,0.11764705882352941,0.17647058823529413,4.400000000000299,2.1132075471698086
fade_debit_72h,debit_spread_proxy,72,p80,0.8,immediate,immigration_border,USO,21,0.38095238095238093,-0.460317460317451,-0.11715241754933141,-2.4602007685359597,0.7564291627489587,0.010953058321479414,0.921875,,,,,0.09523809523809523,0.2857142857142857,1.073170731707355,1.5181818181818276
fade_debit_72h,debit_spread_proxy,72,p80,0.8,immediate,domestic_politics_attacks,GLD,13,0.23076923076923078,-1.0,-0.33881955148923243,-4.404654169360022,0.40515058926233244,0.005026809651474506,0.8923076923076924,,,,,0.07692307692307693,0.15384615384615385,1.8484438430311299,1.7572815533980586
fade_debit_72h,debit_spread_proxy,72,p80,0.8,immediate,domestic_politics_attacks,QQQ,16,0.25,-0.6704816404386492,-0.3229807499337943,-5.167691998940708,0.43631483261677906,0.003236507830291724,0.875,,,,,0.1875,0.1875,2.5995583364004777,2.9736842105263355
fade_debit_72h,debit_spread_proxy,72,p80,0.8,immediate,domestic_politics_attacks,SLV,16,0.5625,0.6046511627907017,0.10683139534883804,1.7093023255814086,1.2629695885509862,0.010881077029408937,0.90882996172772,,,,,0.3125,0.375,3.0224812030075134,5.070967741935453
fade_debit_72h,debit_spread_proxy,72,p80,0.8,immediate,domestic_politics_attacks,SPY,14,0.35714285714285715,-0.7199932852107004,-0.22151762280960718,-3.1012467193345006,0.6049161435672582,0.0038180467129924622,0.8724358974358974,,,,,0.14285714285714285,0.21428571428571427,2.4873071528751285,2.8182250573555363
fade_debit_72h,debit_spread_proxy,72,p80,0.8,immediate,domestic_politics_attacks,UNG,20,0.5,0.0707070707070711,0.06984848484848358,1.3969696969696714,1.1884966607605252,0.01396169028667571,0.9205548549810845,,,,,0.35,0.35,2.3074074074074016,2.9409722222222148
fade_debit_72h,debit_spread_proxy,72,p80,0.8,immediate,domestic_politics_attacks,USO,20,0.5,-0.333612040133795,-0.04228977544195038,-0.8457955088390077,0.9135409035409016,0.007132237663938168,0.8629726205997392,,,,,0.1,0.15,3.935535781900805,2.1125603864734583
fade_debit_72h,debit_spread_proxy,72,p80,0.8,immediate,other,GLD,281,0.49466192170818507,-0.003875968992266593,0.007503934362627625,2.1086055558983627,1.0170189778399346,0.004433942225998244,0.8923076923076924,,,,,0.16370106761565836,0.28825622775800713,2.428571428571448,2.2689075630252207
fade_debit_72h,debit_spread_proxy,72,p80,0.8,immediate,other,QQQ,288,0.4895833333333333,-0.14793216137027837,-0.01833977083456835,-5.281854000355684,0.9607654442405722,0.004901917995941085,0.9016393442622951,,,,,0.1701388888888889,0.2777777777777778,2.431807907282627,2.588131934944518
fade_debit_72h,debit_spread_proxy,72,p80,0.8,immediate,other,SLV,250,0.504,0.0788461538461445,0.012779632607255825,3.194908151813956,1.0301179655273542,0.009003554022137372,0.9016393442622951,,,,,0.156,0.264,2.49698795180723,2.586956521739128
fade_debit_72h,debit_spread_proxy,72,p80,0.8,immediate,other,SPY,298,0.5302013422818792,0.2544557416267954,0.03618225290180513,10.782311364737929,1.084624815156956,0.003909682852737961,0.9076923076923077,,,,,0.18456375838926176,0.27181208053691275,2.149019501917797,2.765128205128232
fade_debit_72h,debit_spread_proxy,72,p80,0.8,immediate,other,UNG,336,0.49107142857142855,-0.03434684684685244,0.004232083133558019,1.4219799328754945,1.0095226014152432,0.012840394714099923,0.8983050847457628,,,,,0.18154761904761904,0.28273809523809523,2.474999999999987,2.7029411764705937
fade_debit_72h,debit_spread_proxy,72,p80,0.8,immediate,other,USO,303,0.5379537953795379,0.592592592592594,0.08971483771720448,27.18359582831296,1.2202192023176677,0.0077821011673152585,0.8983050847457628,,,,,0.2079207920792079,0.3234323432343234,2.085106382978737,2.51612903225805
fade_debit_72h,debit_spread_proxy,72,p80,0.8,delayed,tariffs_trade,GLD,28,0.2857142857142857,-0.7419717567923558,-0.3480747821511894,-9.746093900233303,0.39710975194331677,0.008824486428636868,0.9830508474576272,,,,,0.21428571428571427,0.42857142857142855,1.8551347517730734,1.1246986406771073
fade_debit_72h,debit_spread_proxy,72,p80,0.8,delayed,tariffs_trade,QQQ,30,0.5333333333333333,0.6101037627083015,0.12384690844457583,3.7154072533372746,1.3229440898990736,0.005753447373057163,1.0,,,,,0.16666666666666666,0.43333333333333335,1.3504432289702053,2.276297335203354
fade_debit_72h,debit_spread_proxy,72,p80,0.8,delayed,tariffs_trade,SLV,32,0.375,-0.5011437908496752,-0.2175257602659193,-6.960824328509418,0.5755191019197882,0.01191344574965264,0.9745762711864407,,,,,0.1875,0.34375,1.7766546662974019,1.269522305566523
fade_debit_72h,debit_spread_proxy,72,p80,0.8,delayed,tariffs_trade,SPY,28,0.5714285714285714,0.7030075187969725,0.1791734759559662,5.016857326767053,1.5122420362509224,0.00395842438640337,0.9830508474576272,,,,,0.32142857142857145,0.35714285714285715,1.3046661031276663,2.8764551829010463
fade_debit_72h,debit_spread_proxy,72,p80,0.8,delayed,tariffs_trade,UNG,29,0.41379310344827586,-0.2724014336917561,-0.012596856109090743,-0.36530882716363156,0.9677502803084718,0.018413597733710985,1.0,,,,,0.10344827586206896,0.3103448275862069,1.5600000000000023,1.5510204081632641
fade_debit_72h,debit_spread_proxy,72,p80,0.8,delayed,tariffs_trade,USO,23,0.6086956521739131,0.6022988505747126,0.1784052497482585,4.103320744209945,1.5065325527800415,0.013385826771653564,0.9649122807017544,,,,,0.13043478260869565,0.34782608695652173,1.395705521472398,2.1794871794871753
fade_debit_72h,debit_spread_proxy,72,p80,0.8,delayed,war_geopolitics,GLD,87,0.3448275862068966,-0.6264367816091777,-0.2092843629129985,-18.20773957343087,0.5966075664159853,0.008940114380875164,0.9830508474576272,,,,,0.19540229885057472,0.41379310344827586,1.523622047244084,0.8571428571428571
fade_debit_72h,debit_spread_proxy,72,p80,0.8,delayed,war_geopolitics,QQQ,90,0.4666666666666667,-0.07438016528925127,0.0021073703402793636,0.18966333062514273,1.005326489269021,0.007251817875847999,1.0,,,,,0.28888888888888886,0.4,1.2176079734219374,1.5987654320988016
fade_debit_72h,debit_spread_proxy,72,p80,0.8,delayed,war_geopolitics,SLV,83,0.40963855421686746,-0.6078431372549088,-0.18629761486761204,-15.4627020340118,0.6158968684861381,0.014462809917355157,0.9830508474576272,,,,,0.2289156626506024,0.39759036144578314,1.6521739130434299,1.7450980392156943
fade_debit_72h,debit_spread_proxy,72,p80,0.8,delayed,war_geopolitics,SPY,90,0.4666666666666667,-0.2464221053178075,-0.06098542369243349,-5.488688132319014,0.8668039930821145,0.005909110854334654,0.9923076923076923,,,,,0.23333333333333334,0.34444444444444444,1.5741332058635886,1.8838709677418994
fade_debit_72h,debit_spread_proxy,72,p80,0.8,delayed,war_geopolitics,UNG,85,0.47058823529411764,-0.4468085106383008,-0.07616778171608163,-6.474261445866938,0.835084138862684,0.016178736517719616,1.0,,,,,0.16470588235294117,0.2235294117647059,2.3749999999999916,1.0454545454545443
fade_debit_72h,debit_spread_proxy,72,p80,0.8,delayed,war_geopolitics,USO,63,0.5238095238095238,0.6408450704225354,0.07787208048395237,4.905941070489,1.185911443735222,0.02463799438080838,1.0,,,,,0.30158730158730157,0.49206349206349204,1.0185185185185148,1.5473568281938317
fade_debit_72h,debit_spread_proxy,72,p80,0.8,delayed,oil_gas_energy,GLD,6,0.3333333333333333,-0.7110343034410981,-0.23701143448036607,-1.4220686068821964,0.5844418186057861,0.005003796606286914,0.9067796610169492,,,,,0.0,0.3333333333333333,2.5539073287069325,4.039215686274586
fade_debit_72h,debit_spread_proxy,72,p80,0.8,delayed,oil_gas_energy,QQQ,6,0.3333333333333333,-1.0,-0.3333333333333333,-2.0,0.5,0.007267441860465018,1.0,,,,,0.16666666666666666,0.16666666666666666,2.9764965986395673,2.3599999999999937
fade_debit_72h,debit_spread_proxy,72,p80,0.8,delayed,oil_gas_energy,SLV,5,0.4,-0.8793103448275976,-0.24663939216832817,-1.2331969608416409,0.5529661016949089,0.00881325026591706,0.9491525423728814,,,,,0.2,0.2,3.3728813559322277,3.7619047619048698
fade_debit_72h,debit_spread_proxy,72,p80,0.8,delayed,oil_gas_energy,SPY,6,0.3333333333333333,-0.93619047619048,-0.3120634920634933,-1.87238095238096,0.5164781111657638,0.003948652274667674,0.9830508474576272,,,,,0.16666666666666666,0.16666666666666666,2.6163227016886523,2.7335907335907157
fade_debit_72h,debit_spread_proxy,72,p80,0.8,delayed,oil_gas_energy,UNG,4,0.5,-0.05660377358490454,-0.02830188679245227,-0.11320754716980908,0.9433962264150955,0.012331449706823594,0.9444444444444444,,,,,0.25,0.25,2.7351190476190377,1.2232704402515728
fade_debit_72h,debit_spread_proxy,72,p80,0.8,delayed,oil_gas_energy,USO,5,0.2,-0.6574074074074027,-0.44686609686609413,-2.2343304843304708,0.30918299933935384,0.02463799438080838,1.0,,,,,0.2,0.2,1.2884615384615339,1.5473568281938317
fade_debit_72h,debit_spread_proxy,72,p80,0.8,delayed,fed_inflation_rates,GLD,10,0.4,-0.323444749957032,-0.19976004003879727,-1.9976004003879726,0.5701209593159221,0.006786966451156395,0.9833333333333333,,,,,0.3,0.5,0.999061884538329,0.8072669826224298
fade_debit_72h,debit_spread_proxy,72,p80,0.8,delayed,fed_inflation_rates,QQQ,10,0.8,0.3459786218348121,0.2858402180846352,2.858402180846352,2.429201090423176,0.003178452045930036,0.8816377171215881,,,,,0.2,0.2,1.3696969696968886,3.1628500191790327
fade_debit_72h,debit_spread_proxy,72,p80,0.8,delayed,fed_inflation_rates,SLV,11,0.45454545454545453,-0.3333333333333333,-0.3300845765375449,-3.630930341912994,0.2719737388562165,0.02035928143712573,0.9838709677419355,,,,,0.36363636363636365,0.45454545454545453,1.1951710261569415,0.30080482897384403
fade_debit_72h,debit_spread_proxy,72,p80,0.8,delayed,fed_inflation_rates,SPY,11,0.8181818181818182,0.6262425447316092,0.4598279096678397,5.058107006346237,3.5290535031731185,0.0033630798731471012,0.9838709677419355,,,,,0.5454545454545454,0.6363636363636364,0.48587570621470194,1.5959302325581697
fade_debit_72h,debit_spread_proxy,72,p80,0.8,delayed,fed_inflation_rates,UNG,11,0.6363636363636364,1.0,0.3793484413096479,4.172832854406127,2.5516796153246797,0.02160664819944591,1.0,,,,,0.0,0.36363636363636365,1.707482993197278,2.1034482758620663
fade_debit_72h,debit_spread_proxy,72,p80,0.8,delayed,fed_inflation_rates,USO,7,0.5714285714285714,0.10937499999998924,0.02616597929097551,0.18316185503682858,1.1599718347639263,0.01111532146014893,0.9491525423728814,,,,,0.42857142857142855,0.5714285714285714,0.5180180180180144,1.9218750000000044
fade_debit_72h,debit_spread_proxy,72,p80,0.8,delayed,immigration_border,GLD,35,0.37142857142857144,-0.5787401574802986,-0.16130014139338866,-5.645504948768603,0.6772179494391926,0.008490411407965803,0.9830508474576272,,,,,0.14285714285714285,0.34285714285714286,1.6996015936254951,0.49860724233982623
fade_debit_72h,debit_spread_proxy,72,p80,0.8,delayed,immigration_border,QQQ,31,0.6774193548387096,0.8270509977827024,0.3362423088613141,10.423511574700738,2.320381875267406,0.0055414620103990675,1.0,,,,,0.22580645161290322,0.3870967741935484,1.0478723404254886,1.771349862258973
fade_debit_72h,debit_spread_proxy,72,p80,0.8,delayed,immigration_border,SLV,31,0.3548387096774194,-0.6493506493506527,-0.29028008811597,-8.99868273159507,0.4378485274802786,0.014190219303389373,0.9830508474576272,,,,,0.0967741935483871,0.3225806451612903,1.666666666666643,0.8909952606635085
fade_debit_72h,debit_spread_proxy,72,p80,0.8,delayed,immigration_border,SPY,30,0.6333333333333333,0.6023654584123226,0.24501814422628101,7.35054432678843,1.8773897249043239,0.004697844976330745,0.9830508474576272,,,,,0.23333333333333334,0.3333333333333333,1.3058953722333575,1.5206291321836596
fade_debit_72h,debit_spread_proxy,72,p80,0.8,delayed,immigration_border,UNG,35,0.42857142857142855,-0.5102040816326529,-0.14072044733134592,-4.925215656597107,0.693139823709833,0.0277945619335348,1.0,,,,,0.22857142857142856,0.37142857142857144,1.564102564102572,1.1132075471698124
fade_debit_72h,debit_spread_proxy,72,p80,0.8,delayed,immigration_border,USO,22,0.5909090909090909,0.780879155017085,0.2245160247833885,4.939352545234547,1.7337363942483617,0.013944590488825459,0.9649122807017544,,,,,0.36363636363636365,0.5909090909090909,0.7587529008172613,1.6984126984126842
fade_debit_72h,debit_spread_proxy,72,p80,0.8,delayed,domestic_politics_attacks,GLD,87,0.367816091954023,-0.5465587044534215,-0.16481552814650277,-14.33895094874574,0.6646026412009917,0.00786418400876232,0.9830508474576272,,,,,0.06896551724137931,0.3563218390804598,1.167630057803481,1.118279569892487
fade_debit_72h,debit_spread_proxy,72,p80,0.8,delayed,domestic_politics_attacks,QQQ,85,0.5411764705882353,0.40842105263157846,0.10614563745853889,9.022379183975806,1.3089548052912052,0.005966993998908876,1.0,,,,,0.2,0.3411764705882353,1.4516129032258123,1.771349862258973
fade_debit_72h,debit_spread_proxy,72,p80,0.8,delayed,domestic_politics_attacks,SLV,76,0.2894736842105263,-1.0,-0.453962892991712,-34.50117986737011,0.3071614567302476,0.015053879310344853,0.9830508474576272,,,,,0.10526315789473684,0.3026315789473684,2.4317685112335017,1.1519607843137294
fade_debit_72h,debit_spread_proxy,72,p80,0.8,delayed,domestic_politics_attacks,SPY,84,0.5595238095238095,0.18564356435642043,0.12246879461834598,10.287378747941062,1.3644126202233717,0.005030432826819142,0.9836065573770492,,,,,0.21428571428571427,0.34523809523809523,1.349890109890148,2.0256918290486263
fade_debit_72h,debit_spread_proxy,72,p80,0.8,delayed,domestic_politics_attacks,UNG,88,0.4772727272727273,-0.06562847608454003,0.015719125877528772,1.383283077222532,1.0400831151398646,0.01649272960339765,1.0,,,,,0.22727272727272727,0.36363636363636365,1.8783783783783785,1.443055555555551
fade_debit_72h,debit_spread_proxy,72,p80,0.8,delayed,domestic_politics_attacks,USO,56,0.5535714285714286,0.10459976105136656,0.04072427213568714,2.28055923959848,1.1065697283273004,0.011647254575707255,0.9649122807017544,,,,,0.30357142857142855,0.4642857142857143,1.1631054131054124,1.3085106382978797
fade_debit_72h,debit_spread_proxy,72,p80,0.8,delayed,other,GLD,838,0.40572792362768495,-0.38380084663293434,-0.12344295979773146,-103.44520031049896,0.7416560071379171,0.007011035306693447,0.9830508474576272,,,,,0.13723150357995226,0.3305489260143198,1.5861507128309664,1.0873786407766746
fade_debit_72h,debit_spread_proxy,72,p80,0.8,delayed,other,QQQ,811,0.5906288532675709,0.7078099399235431,0.23146352753775518,187.71692083311945,1.7676226983891796,0.0055414620103990675,1.0,,,,,0.2564734895191122,0.3995067817509248,1.3696969696968886,2.2890365448505006
fade_debit_72h,debit_spread_proxy,72,p80,0.8,delayed,other,SLV,747,0.3627844712182062,-0.6540284360189588,-0.2886318463253851,-215.60798920506264,0.45776709551584516,0.013427401001365413,0.9830508474576272,,,,,0.16198125836680052,0.33467202141900937,1.7707006369426757,0.9661016949152608
fade_debit_72h,debit_spread_proxy,72,p80,0.8,delayed,other,SPY,806,0.5843672456575683,0.5784883720930358,0.17518977053277596,141.20295504941743,1.5320307537642226,0.004530969174306287,0.9830508474576272,,,,,0.26054590570719605,0.3511166253101737,1.5263157894736168,2.3826086956521872
fade_debit_72h,debit_spread_proxy,72,p80,0.8,delayed,other,UNG,874,0.41762013729977115,-0.27905785970301733,-0.07478813119629207,-65.36482666555928,0.8305696386938248,0.020197241496335117,1.0,,,,,0.19107551487414187,0.3295194508009153,1.564102564102572,1.4017857142857095
fade_debit_72h,debit_spread_proxy,72,p80,0.8,delayed,other,USO,550,0.5781818181818181,0.4095528455284561,0.12598200889406572,69.29010489173615,1.3616445678589981,0.012737999463663163,0.9649122807017544,,,,,0.28545454545454546,0.44,1.2291666666666339,1.6769230769230725
fade_debit_72h,debit_spread_proxy,72,p90,0.9,immediate,tariffs_trade,GLD,16,0.375,-0.09640873283059753,-0.0742058774349306,-1.1872940389588895,0.8310143166888445,0.006881369468392018,0.9588572990705304,,,,,0.3125,0.4375,2.6282290893263776,1.3084290504387548
fade_debit_72h,debit_spread_proxy,72,p90,0.9,immediate,tariffs_trade,QQQ,20,0.5,0.25173892362523526,0.06761008549817331,1.3522017099634662,1.163279033680579,0.008673437274719364,0.9516129032258065,,,,,0.35,0.5,0.9197172796244155,2.3152584311753914
fade_debit_72h,debit_spread_proxy,72,p90,0.9,immediate,tariffs_trade,SLV,11,0.5454545454545454,0.8216867469879526,0.12366405756061959,1.3603046331668154,1.304906551033291,0.011247637051039705,0.9661016949152542,,,,,0.36363636363636365,0.45454545454545453,1.43478260869562,2.294964028776981
fade_debit_72h,debit_spread_proxy,72,p90,0.9,immediate,tariffs_trade,SPY,20,0.5,-0.06940805111335366,-5.1311951648189136e-05,-0.0010262390329637827,0.9998664776426144,0.00791281217736911,0.9676662320730117,,,,,0.3,0.55,0.7425117233294296,1.7372195665561958
fade_debit_72h,debit_spread_proxy,72,p90,0.9,immediate,tariffs_trade,UNG,12,0.6666666666666666,0.9821428571428544,0.42298658059527644,5.0758389671433175,2.8912167079855413,0.022207368561250718,0.9441361916771753,,,,,0.5,0.6666666666666666,0.4991638795986584,1.9771923620933487
fade_debit_72h,debit_spread_proxy,72,p90,0.9,immediate,tariffs_trade,USO,11,0.6363636363636364,0.2702702702702734,0.1450928986066054,1.5960218846726595,1.496354645684076,0.013533834586466176,0.9375,,,,,0.45454545454545453,0.6363636363636364,0.7552083333333397,1.278169014084504
fade_debit_72h,debit_spread_proxy,72,p90,0.9,immediate,war_geopolitics,GLD,23,0.43478260869565216,-0.7834549878345648,-0.15400141496259928,-3.5420325441397837,0.7116968971583277,0.006146426798420812,0.9538461538461539,,,,,0.21739130434782608,0.2608695652173913,2.958637469586412,2.144989339019191
fade_debit_72h,debit_spread_proxy,72,p90,0.9,immediate,war_geopolitics,QQQ,21,0.5714285714285714,0.5906810035842281,0.13464029019143614,2.827446094020159,1.3564573841966057,0.005603403548822161,0.9508196721311475,,,,,0.19047619047619047,0.2857142857142857,2.1385542168675293,2.138339920948627
fade_debit_72h,debit_spread_proxy,72,p90,0.9,immediate,war_geopolitics,SLV,18,0.5555555555555556,0.08585879438480418,0.11056848436917731,1.9902327186451916,1.3896840164205124,0.0166747327537925,0.9692307692307692,,,,,0.2222222222222222,0.3333333333333333,2.568217054263563,2.264712643678151
fade_debit_72h,debit_spread_proxy,72,p90,0.9,immediate,war_geopolitics,SPY,20,0.55,0.23259811616953882,0.06529832247669369,1.3059664495338739,1.1782974573239846,0.004485759522274979,0.9594130089899524,,,,,0.15,0.25,2.288115218115212,1.619663990943713
fade_debit_72h,debit_spread_proxy,72,p90,0.9,immediate,war_geopolitics,UNG,16,0.375,-0.5853658536585347,-0.17748691990508347,-2.8397907184813356,0.659488971085541,0.020144052829609127,0.944640605296343,,,,,0.1875,0.3125,1.7328159645232777,2.6169154228855662
fade_debit_72h,debit_spread_proxy,72,p90,0.9,immediate,war_geopolitics,USO,23,0.5652173913043478,0.0449999999999946,-0.014607874162248817,-0.3359811057317228,0.9642830896609518,0.013040293040293083,0.967741935483871,,,,,0.21739130434782608,0.34782608695652173,1.7500000000000178,1.7800000000000011
fade_debit_72h,debit_spread_proxy,72,p90,0.9,immediate,oil_gas_energy,GLD,1,1.0,1.0,1.0,1.0,inf,0.004862921981816926,0.9375,,,,,0.0,0.0,2.806763285024165,5.314009661835766
fade_debit_72h,debit_spread_proxy,72,p90,0.9,immediate,oil_gas_energy,QQQ,5,0.2,-1.0,-0.5192733898557185,-2.5963669492785924,0.1519930528565894,0.010103950103950154,0.9661016949152542,,,,,0.0,0.0,3.018789144050135,0.9457202505219221
fade_debit_72h,debit_spread_proxy,72,p90,0.9,immediate,oil_gas_energy,SLV,2,1.0,1.0,1.0,2.0,inf,0.012457684549797454,0.9614182692307692,,,,,0.5,0.5,1.319875776397516,17.587462082912317
fade_debit_72h,debit_spread_proxy,72,p90,0.9,immediate,oil_gas_energy,SPY,5,0.2,-1.0,-0.42622950819671884,-2.1311475409835943,0.3193717277486924,0.005454361805999897,0.9692307692307692,,,,,0.0,0.2,4.052469135802457,1.6323185011709735
fade_debit_72h,debit_spread_proxy,72,p90,0.9,immediate,oil_gas_energy,UNG,3,1.0,1.0,1.0,3.0,inf,0.008970976253298346,0.9830508474576272,,,,,0.6666666666666666,0.6666666666666666,0.0,9.529411764705793
fade_debit_72h,debit_spread_proxy,72,p90,0.9,immediate,oil_gas_energy,USO,4,0.25,-1.0,-0.5,-2.0,0.3333333333333333,0.011862776606151315,0.9684485006518906,,,,,0.0,0.25,9.705994455994457,2.07995495495495
fade_debit_72h,debit_spread_proxy,72,p90,0.9,immediate,fed_inflation_rates,GLD,7,0.2857142857142857,-0.9829545454545447,-0.4255448226721529,-2.97881375870507,0.32413128598233504,0.007403368217948403,0.9230769230769231,,,,,0.2857142857142857,0.2857142857142857,2.7956521739130324,0.8096590909091016
fade_debit_72h,debit_spread_proxy,72,p90,0.9,immediate,fed_inflation_rates,QQQ,2,0.0,-1.0,-1.0,-2.0,0.0,0.010001036962420384,0.9682219419924338,,,,,0.0,0.0,2.0883620689655205,1.1460529169377491
fade_debit_72h,debit_spread_proxy,72,p90,0.9,immediate,fed_inflation_rates,SLV,8,0.125,-1.0,-0.7171040800952576,-5.736832640762061,0.025385446778083954,0.017704546813518518,0.9765508684863524,,,,,0.0,0.125,6.5249315901489915,0.6819378772152369
fade_debit_72h,debit_spread_proxy,72,p90,0.9,immediate,fed_inflation_rates,SPY,2,0.0,-1.0,-1.0,-2.0,0.0,0.00713128893844811,0.9682219419924338,,,,,0.0,0.0,2.6832223718436934,1.1010467460125035
fade_debit_72h,debit_spread_proxy,72,p90,0.9,immediate,fed_inflation_rates,UNG,7,0.42857142857142855,0.0,-0.015037593984963325,-0.10526315789474328,0.9649122807017522,0.019028871391076008,0.9538461538461539,,,,,0.14285714285714285,0.2857142857142857,1.7586206896551768,1.8604651162790609
fade_debit_72h,debit_spread_proxy,72,p90,0.9,immediate,fed_inflation_rates,USO,4,0.25,-1.0,-0.5,-2.0,0.3333333333333333,0.010032054532433277,0.9282471626733921,,,,,0.0,0.0,9.79612244897957,0.7002545968882619
fade_debit_72h,debit_spread_proxy,72,p90,0.9,immediate,immigration_border,GLD,11,0.6363636363636364,0.6876574307304785,0.1793187195980874,1.9725059155789615,1.4931264788947405,0.005477564943584312,0.9508196721311475,,,,,0.2727272727272727,0.45454545454545453,1.187499999999969,2.428571428571622
fade_debit_72h,debit_spread_proxy,72,p90,0.9,immediate,immigration_border,QQQ,10,0.4,-0.936417502278942,-0.30050042052202464,-3.0050042052202466,0.48832136389187253,0.006059838179529098,0.9756742464304601,,,,,0.0,0.2,2.2808445388063396,1.0646250477538772
fade_debit_72h,debit_spread_proxy,72,p90,0.9,immediate,immigration_border,SLV,6,0.6666666666666666,1.0,0.3333333333333333,2.0,2.0,0.017236105265163615,0.952116935483871,,,,,0.3333333333333333,0.6666666666666666,0.9180519134183681,4.120899430155545
fade_debit_72h,debit_spread_proxy,72,p90,0.9,immediate,immigration_border,SPY,8,0.25,-0.8895027624309406,-0.4209488352562932,-3.3675906820503454,0.322381079177405,0.008044937860125834,0.9842431761786601,,,,,0.125,0.375,1.7120147853665069,1.4405815493268548
fade_debit_72h,debit_spread_proxy,72,p90,0.9,immediate,immigration_border,UNG,6,0.5,0.3589743589743599,0.11965811965811997,0.7179487179487198,1.3146067415730347,0.014167000542323616,0.9589512711864407,,,,,0.0,0.16666666666666666,3.326329331046322,3.4732704402515644
fade_debit_72h,debit_spread_proxy,72,p90,0.9,immediate,immigration_border,USO,13,0.38461538461538464,-0.5081967213114738,-0.11631217835779525,-1.5120583186513383,0.7671562866121626,0.011716919231370193,0.9333333333333333,,,,,0.07692307692307693,0.38461538461538464,1.045454545454556,1.5181818181818276
fade_debit_72h,debit_spread_proxy,72,p90,0.9,immediate,domestic_politics_attacks,GLD,6,0.16666666666666666,-0.6344537815126025,-0.3909717733247118,-2.3458306399482707,0.298879443585782,0.005614120736793293,0.9423182066703116,,,,,0.0,0.0,1.8317849467256373,0.5478345184227696
fade_debit_72h,debit_spread_proxy,72,p90,0.9,immediate,domestic_politics_attacks,QQQ,6,0.3333333333333333,-0.7032520325203284,-0.23441734417344282,-1.4065040650406568,0.5871121718377077,0.00683767095099197,0.9307692307692308,,,,,0.0,0.0,2.422129361153827,1.6572371051579504
fade_debit_72h,debit_spread_proxy,72,p90,0.9,immediate,domestic_politics_attacks,SLV,8,0.75,1.0,0.40116279069767546,3.2093023255814037,2.604651162790702,0.013168947072152215,0.9527295285359803,,,,,0.375,0.375,3.186507936507925,4.837634408602122
fade_debit_72h,debit_spread_proxy,72,p90,0.9,immediate,domestic_politics_attacks,SPY,6,0.3333333333333333,-0.7199932852107004,-0.281940366593412,-1.691642199560472,0.5082416268406406,0.00455415316052904,0.9384615384615385,,,,,0.0,0.0,2.5710237887656895,1.630443120509335
fade_debit_72h,debit_spread_proxy,72,p90,0.9,immediate,domestic_politics_attacks,UNG,13,0.46153846153846156,0.0,0.028205128205126773,0.36666666666664804,1.0691823899371034,0.015978695073235683,0.9538461538461539,,,,,0.3076923076923077,0.3076923076923077,2.314814814814811,2.437499999999994
fade_debit_72h,debit_spread_proxy,72,p90,0.9,immediate,domestic_politics_attacks,USO,7,0.5714285714285714,0.8214285714285823,0.11734693877551175,0.8214285714285823,1.2738095238095275,0.007485630263333709,0.9491525423728814,,,,,0.0,0.14285714285714285,4.5968992248062355,2.3555555555555885
fade_debit_72h,debit_spread_proxy,72,p90,0.9,immediate,other,GLD,134,0.5597014925373134,0.49942935969195335,0.12274711743084253,16.4481137357329,1.332479216204915,0.006511812508632642,0.953485576923077,,,,,0.21641791044776118,0.373134328358209,1.6199133464147426,1.7890262110152957
fade_debit_72h,debit_spread_proxy,72,p90,0.9,immediate,other,QQQ,147,0.5510204081632653,0.539999999999992,0.09596792076722403,14.107284352781933,1.2394914871532041,0.006963649085396373,0.9538461538461539,,,,,0.17687074829931973,0.32653061224489793,1.9123414071510905,2.2432432432432146
fade_debit_72h,debit_spread_proxy,72,p90,0.9,immediate,other,SLV,127,0.4881889763779528,-0.046875000000001735,-0.03755803577025271,-4.769870542822095,0.9117233845572027,0.013739946380697088,0.953125,,,,,0.16535433070866143,0.29133858267716534,2.2444444444444436,1.6122448979591755
fade_debit_72h,debit_spread_proxy,72,p90,0.9,immediate,other,SPY,160,0.55625,0.32244690406728704,0.078298719959335,12.527795193493601,1.1972460529074187,0.005449814496596428,0.9538461538461539,,,,,0.2,0.325,1.933411336453441,2.3886154703315117
fade_debit_72h,debit_spread_proxy,72,p90,0.9,immediate,other,UNG,166,0.4819277108433735,-0.05725806451612781,-0.01203330787412791,-1.9975291071052332,0.9729745866721854,0.0163837417419615,0.9523689516129032,,,,,0.19879518072289157,0.3493975903614458,1.6734449760765542,2.2426573426573504
fade_debit_72h,debit_spread_proxy,72,p90,0.9,immediate,other,USO,150,0.5933333333333334,0.8091346153846217,0.18959789876454716,28.439684814682074,1.5377032326244948,0.011677188377586245,0.9523689516129032,,,,,0.26666666666666666,0.4266666666666667,1.355643640824114,2.108134111235974
fade_debit_72h,debit_spread_proxy,72,p90,0.9,delayed,tariffs_trade,GLD,19,0.15789473684210525,-0.7956318252730185,-0.5655838894859633,-10.746093900233303,0.11668332552169346,0.011721869111118055,0.9833333333333333,,,,,0.15789473684210525,0.42105263157894735,1.8946666666666716,0.49860724233982623
fade_debit_72h,debit_spread_proxy,72,p90,0.9,delayed,tariffs_trade,QQQ,22,0.5,0.180567176667463,0.07277825177507187,1.6011215390515812,1.1857646555080756,0.00823570080424052,1.0,,,,,0.18181818181818182,0.5454545454545454,0.9572541222822188,1.955369211408304
fade_debit_72h,debit_spread_proxy,72,p90,0.9,delayed,tariffs_trade,SLV,25,0.32,-0.8793103448275976,-0.3584329731403767,-8.960824328509418,0.3776530904658942,0.014423076923076872,0.9830508474576272,,,,,0.12,0.32,2.011185682326621,1.0724637681159483
fade_debit_72h,debit_spread_proxy,72,p90,0.9,delayed,tariffs_trade,SPY,20,0.5,0.12623313603156494,0.08054211445865542,1.6108422891731085,1.2066793562960576,0.007765026206366987,1.0,,,,,0.4,0.45,1.1606019826415723,2.3584271659585294
fade_debit_72h,debit_spread_proxy,72,p90,0.9,delayed,tariffs_trade,UNG,27,0.4074074074074074,-0.2724014336917561,-0.013529956561615993,-0.3653088271636318,0.964627578070794,0.02300000000000002,1.0,,,,,0.1111111111111111,0.3333333333333333,1.5000000000000089,1.375000000000001
fade_debit_72h,debit_spread_proxy,72,p90,0.9,delayed,tariffs_trade,USO,17,0.5882352941176471,0.40243902439024515,0.12372474965940855,2.1033207442099453,1.3447612594100322,0.014097142124823714,0.9649122807017544,,,,,0.17647058823529413,0.4117647058823529,1.395705521472398,1.4444444444444489
fade_debit_72h,debit_spread_proxy,72,p90,0.9,delayed,war_geopolitics,GLD,67,0.373134328358209,-0.5787401574802986,-0.16592161148007342,-11.11674796916492,0.6635931981078014,0.013698630136986356,0.9830508474576272,,,,,0.23880597014925373,0.5223880597014925,0.837662337662343,0.8056680161943268
fade_debit_72h,debit_spread_proxy,72,p90,0.9,delayed,war_geopolitics,QQQ,76,0.5,0.143511671741353,0.06554590331448225,4.981488651900651,1.1842835440788675,0.008865450864503965,1.0,,,,,0.3157894736842105,0.4342105263157895,1.2176079734219374,1.584489099028104
fade_debit_72h,debit_spread_proxy,72,p90,0.9,delayed,war_geopolitics,SLV,69,0.4057971014492754,-0.6078431372549088,-0.16423575726671108,-11.332267251403065,0.6592479947698686,0.017108352901710755,0.9830508474576272,,,,,0.2608695652173913,0.463768115942029,1.2698412698412858,1.5270270270270314
fade_debit_72h,debit_spread_proxy,72,p90,0.9,delayed,war_geopolitics,SPY,71,0.5211267605633803,0.4047619047619005,0.08001075033767036,5.680763273974595,1.2087932310580911,0.0059827527183216045,1.0,,,,,0.2676056338028169,0.4084507042253521,1.3371428571428754,1.4453280318091493
fade_debit_72h,debit_spread_proxy,72,p90,0.9,delayed,war_geopolitics,UNG,83,0.46987951807228917,-0.4468085106383008,-0.07800314995020405,-6.4742614458669365,0.8307735109394826,0.019538188277087087,1.0,,,,,0.1686746987951807,0.2289156626506024,2.3749999999999916,0.9411764705882464
fade_debit_72h,debit_spread_proxy,72,p90,0.9,delayed,war_geopolitics,USO,58,0.5172413793103449,0.6408450704225354,0.06734381156015519,3.9059410704890007,1.1601544367058987,0.02463799438080838,1.0,,,,,0.3103448275862069,0.5172413793103449,0.8964603283173715,1.5473568281938317
fade_debit_72h,debit_spread_proxy,72,p90,0.9,delayed,oil_gas_energy,GLD,3,0.3333333333333333,-0.6264367816091777,-0.14068953562739872,-0.42206860688219616,0.7032009532876495,0.006273181006456241,0.9491525423728814,,,,,0.0,0.3333333333333333,2.182527301092056,0.07956318252730007
fade_debit_72h,debit_spread_proxy,72,p90,0.9,delayed,oil_gas_energy,QQQ,5,0.2,-1.0,-0.6,-3.0,0.25,0.007267441860465018,1.0,,,,,0.2,0.2,2.136666666666656,2.3599999999999937
fade_debit_72h,debit_spread_proxy,72,p90,0.9,delayed,oil_gas_energy,SLV,4,0.5,-0.17694330800702163,-0.05829924021041022,-0.23319696084164088,0.8673978065802451,0.011120325633641237,0.9661016949152543,,,,,0.25,0.25,4.945061367621297,4.481070653484463
fade_debit_72h,debit_spread_proxy,72,p90,0.9,delayed,oil_gas_energy,SPY,5,0.2,-1.0,-0.574476190476192,-2.87238095238096,0.2582390555828819,0.003948652274667674,0.9830508474576272,,,,,0.2,0.2,2.463414634146443,2.7335907335907157
fade_debit_72h,debit_spread_proxy,72,p90,0.9,delayed,oil_gas_energy,UNG,4,0.5,-0.05660377358490454,-0.02830188679245227,-0.11320754716980908,0.9433962264150955,0.012331449706823594,0.9444444444444444,,,,,0.25,0.25,2.7351190476190377,1.2232704402515728
fade_debit_72h,debit_spread_proxy,72,p90,0.9,delayed,oil_gas_energy,USO,5,0.2,-0.6574074074074027,-0.44686609686609413,-2.2343304843304708,0.30918299933935384,0.02463799438080838,1.0,,,,,0.2,0.2,1.2884615384615339,1.5473568281938317
fade_debit_72h,debit_spread_proxy,72,p90,0.9,delayed,fed_inflation_rates,GLD,10,0.4,-0.323444749957032,-0.19976004003879727,-1.9976004003879726,0.5701209593159221,0.006786966451156395,0.9833333333333333,,,,,0.3,0.5,0.999061884538329,0.8072669826224298
fade_debit_72h,debit_spread_proxy,72,p90,0.9,delayed,fed_inflation_rates,QQQ,4,0.75,0.674655635877657,0.3373278179388285,1.349311271755314,2.349311271755314,0.007358211583446683,1.0,,,,,0.5,0.5,0.603326810176133,1.815016341005475
fade_debit_72h,debit_spread_proxy,72,p90,0.9,delayed,fed_inflation_rates,SLV,10,0.4,-0.493680884676146,-0.38483216462608105,-3.8483216462608105,0.2283853018425428,0.02035928143712573,0.9838709677419355,,,,,0.4,0.5,0.9423722429362904,0.2901082968398616
fade_debit_72h,debit_spread_proxy,72,p90,0.9,delayed,fed_inflation_rates,SPY,11,0.8181818181818182,0.6262425447316092,0.4598279096678397,5.058107006346237,3.5290535031731185,0.0033630798731471012,0.9838709677419355,,,,,0.5454545454545454,0.6363636363636364,0.48587570621470194,1.5959302325581697
fade_debit_72h,debit_spread_proxy,72,p90,0.9,delayed,fed_inflation_rates,UNG,11,0.6363636363636364,1.0,0.3793484413096479,4.172832854406127,2.5516796153246797,0.02160664819944591,1.0,,,,,0.0,0.36363636363636365,1.707482993197278,2.1034482758620663
fade_debit_72h,debit_spread_proxy,72,p90,0.9,delayed,fed_inflation_rates,USO,4,0.25,-0.07248157248156958,-0.036240786240784806,-0.14496314496313922,0.8733905579399185,0.018136955434201907,0.9830508474576272,,,,,0.0,0.25,1.4117647058823608,1.0774774774774765
fade_debit_72h,debit_spread_proxy,72,p90,0.9,delayed,immigration_border,GLD,27,0.2962962962962963,-0.6883116883116933,-0.3087287366273892,-8.335675888939509,0.4597858018207891,0.01453595471748681,0.9830508474576272,,,,,0.14814814814814814,0.4074074074074074,1.523622047244084,0.313852813852813
fade_debit_72h,debit_spread_proxy,72,p90,0.9,delayed,immigration_border,QQQ,25,0.64,0.8270509977827024,0.290152584200149,7.2538146050037255,2.0521442237160623,0.006629047279899103,1.0,,,,,0.28,0.48,1.0300000000000011,1.3376288659793678
fade_debit_72h,debit_spread_proxy,72,p90,0.9,delayed,immigration_border,SLV,24,0.4166666666666667,-0.6285968933027808,-0.24994511381646126,-5.99868273159507,0.5004251936801144,0.017876056123216022,0.9830508474576272,,,,,0.125,0.4166666666666667,1.658620689655178,0.8909952606635085
fade_debit_72h,debit_spread_proxy,72,p90,0.9,delayed,immigration_border,SPY,23,0.6086956521739131,0.5784883720930358,0.1883079961323105,4.331083911043142,1.6195062404536444,0.0059827527183216045,1.0,,,,,0.30434782608695654,0.43478260869565216,1.2125813449023894,1.0455531453362088
fade_debit_72h,debit_spread_proxy,72,p90,0.9,delayed,immigration_border,UNG,32,0.40625,-0.5102040816326529,-0.1851629892686596,-5.925215656597107,0.6063073254768585,0.030532767943799943,1.0,,,,,0.1875,0.34375,1.635792778649925,0.94735647832993
fade_debit_72h,debit_spread_proxy,72,p90,0.9,delayed,immigration_border,USO,19,0.5263157894736842,0.6022988505747126,0.14894618659129255,2.8299775452345584,1.4203906282914724,0.014319151865620272,0.9649122807017544,,,,,0.3684210526315789,0.5263157894736842,0.6684491978609609,1.4444444444444489
fade_debit_72h,debit_spread_proxy,72,p90,0.9,delayed,domestic_politics_attacks,GLD,60,0.31666666666666665,-0.621239177489181,-0.26379001561993254,-15.827400937195954,0.49337042548100724,0.01346648509608106,0.9833333333333333,,,,,0.08333333333333333,0.4,1.2857110611048652,0.9068322981366461
fade_debit_72h,debit_spread_proxy,72,p90,0.9,delayed,domestic_politics_attacks,QQQ,67,0.4626865671641791,-0.08567415730337265,-0.03319961287727612,-2.2243740627775,0.9151096532899867,0.009316126150557547,1.0,,,,,0.22388059701492538,0.34328358208955223,1.4193548387096597,1.3356164383561688
fade_debit_72h,debit_spread_proxy,72,p90,0.9,delayed,domestic_politics_attacks,SLV,62,0.3387096774193548,-0.8920361247947547,-0.36481978913215585,-22.618826926193663,0.3872644569377782,0.017108352901710755,0.9830508474576272,,,,,0.12903225806451613,0.3387096774193548,1.984759507829967,1.10954222326381
fade_debit_72h,debit_spread_proxy,72,p90,0.9,delayed,domestic_politics_attacks,SPY,66,0.5454545454545454,0.14851485148514984,0.09014591520560919,5.949630403570207,1.2758573763022858,0.0072428291671465805,1.0,,,,,0.2727272727272727,0.4393939393939394,1.2237623762376475,1.4453280318091493
fade_debit_72h,debit_spread_proxy,72,p90,0.9,delayed,domestic_politics_attacks,UNG,81,0.4567901234567901,-0.09677419354839116,-0.01995946818243787,-1.6167169227774676,0.9502707292010772,0.01866666666666661,1.0,,,,,0.20987654320987653,0.35802469135802467,2.3913043478260856,1.3333333333333333
fade_debit_72h,debit_spread_proxy,72,p90,0.9,delayed,domestic_politics_attacks,USO,43,0.5581395348837209,0.09629629629629333,0.017450066525851404,0.7503528606116103,1.0470126271203588,0.014733969986357454,0.9649122807017544,,,,,0.32558139534883723,0.46511627906976744,1.0185185185185148,0.9310344827586214
fade_debit_72h,debit_spread_proxy,72,p90,0.9,delayed,other,GLD,589,0.33446519524617996,-0.5787401574802986,-0.24978098320523795,-147.12099910788515,0.522812086797409,0.011721869111118055,0.9830508474576272,,,,,0.14431239388794567,0.37860780984719866,1.4442105263157923,0.7836257309941801
fade_debit_72h,debit_spread_proxy,72,p90,0.9,delayed,other,QQQ,648,0.558641975308642,0.6103646833013364,0.19522206756366564,126.50389978125534,1.6307764668546842,0.006709833330450277,1.0,,,,,0.2916666666666667,0.4506172839506173,1.0952380952381184,1.783333333333341
fade_debit_72h,debit_spread_proxy,72,p90,0.9,delayed,other,SLV,621,0.40418679549114334,-0.6493506493506527,-0.24501714136720698,-152.15564478903553,0.5181024515576561,0.015625,0.9830508474576272,,,,,0.17391304347826086,0.3719806763285024,1.7213114754098446,1.0
fade_debit_72h,debit_spread_proxy,72,p90,0.9,delayed,other,SPY,611,0.5662847790507365,0.4605911330049054,0.15749240290010688,96.22785817196531,1.482179380980253,0.0059827527183216045,1.0,,,,,0.3158756137479542,0.43044189852700493,1.2125813449023894,1.7174796747967485
fade_debit_72h,debit_spread_proxy,72,p90,0.9,delayed,other,UNG,805,0.4012422360248447,-0.4468085106383008,-0.1019616302855218,-82.07911237984504,0.7723224683002561,0.02376811594202899,1.0,,,,,0.16770186335403728,0.31801242236024846,1.564102564102572,1.3333333333333333
fade_debit_72h,debit_spread_proxy,72,p90,0.9,delayed,other,USO,433,0.6027713625866051,0.6022988505747126,0.18445607350911195,79.86947982944547,1.5922461264292296,0.015035500487261544,0.9672131147540983,,,,,0.3233256351039261,0.49191685912240185,1.0185185185185148,1.5473568281938317
follow_debit_24h,debit_spread_proxy,24,all,0.0,immediate,tariffs_trade,GLD,95,0.5578947368421052,0.36116910229644134,0.06958489944293982,6.610565447079282,1.1678005208623636,0.0014781774331578124,0.5692307692307692,0.17894736842105263,0.28421052631578947,4.25333333333333,3.8022388059701386,,,,
follow_debit_24h,debit_spread_proxy,24,all,0.0,immediate,tariffs_trade,QQQ,95,0.5578947368421052,0.8571428571432748,0.1303545122948471,12.383678668010475,1.3325391774729312,0.0020180194871376456,0.6307692307692307,0.22105263157894736,0.30526315789473685,4.072164948454017,2.171874999999921,,,,
follow_debit_24h,debit_spread_proxy,24,all,0.0,immediate,tariffs_trade,SLV,93,0.44086021505376344,-0.571428571428557,-0.1107232958202062,-10.297266511279176,0.7831994386338497,0.0024227740763174133,0.4838709677419355,0.20430107526881722,0.3010752688172043,3.333333333333136,3.268656716417899,,,,
follow_debit_24h,debit_spread_proxy,24,all,0.0,immediate,tariffs_trade,SPY,95,0.49473684210526314,-0.05555555555566082,0.019451466318587556,1.8478893002658179,1.0435118934807392,0.0016038874420376548,0.6721311475409836,0.21052631578947367,0.3157894736842105,3.2845528455283772,2.6918604651162337,,,,
follow_debit_24h,debit_spread_proxy,24,all,0.0,immediate,tariffs_trade,UNG,91,0.5274725274725275,0.12499999999997224,0.02721100793874639,2.4762017224259214,1.0621538429549622,0.004773269689737347,0.5901639344262295,0.2087912087912088,0.2857142857142857,2.769230769230786,2.884615384615387,,,,
follow_debit_24h,debit_spread_proxy,24,all,0.0,immediate,tariffs_trade,USO,90,0.5111111111111111,0.03385273028130467,0.0011749802675092525,0.10574822407583273,1.0025921597312843,0.0031529816916597286,0.6229508196721312,0.16666666666666666,0.28888888888888886,2.434098639455821,3.17152961980544,,,,
follow_debit_24h,debit_spread_proxy,24,all,0.0,immediate,war_geopolitics,GLD,157,0.4140127388535032,-0.6612903225806807,-0.12853835910260583,-20.180522379109114,0.7491128375335544,0.0013443504492096636,0.49230769230769234,0.15286624203821655,0.28662420382165604,4.000000000000406,4.461538461538342,,,,
follow_debit_24h,debit_spread_proxy,24,all,0.0,immediate,war_geopolitics,QQQ,158,0.5,-0.05803009317551814,-0.00817637015135944,-1.2918664839147915,0.9815853843562767,0.0015332087609912226,0.5083356487913309,0.10759493670886076,0.21518987341772153,3.706685251420346,3.25815608507921,,,,
follow_debit_24h,debit_spread_proxy,24,all,0.0,immediate,war_geopolitics,SLV,153,0.45751633986928103,-0.5483870967741846,-0.09470285549185486,-14.489536890253795,0.8145773152303984,0.0030092592592592116,0.5692307692307692,0.1830065359477124,0.29411764705882354,2.818181818181789,3.5999999999999432,,,,
follow_debit_24h,debit_spread_proxy,24,all,0.0,immediate,war_geopolitics,SPY,158,0.5189873417721519,0.17660164043450616,0.03126006937967965,4.939090961989384,1.0718074304393408,0.0013033429239512895,0.5715006305170239,0.10759493670886076,0.17721518987341772,3.605263157896898,3.3208208831340507,,,,
follow_debit_24h,debit_spread_proxy,24,all,0.0,immediate,war_geopolitics,UNG,149,0.5302013422818792,0.2857142857142785,0.061607079809519336,9.17945489161838,1.1449601126770856,0.004129793510324609,0.5384615384615384,0.18120805369127516,0.2751677852348993,2.799999999999936,3.777777777777782,,,,
follow_debit_24h,debit_spread_proxy,24,all,0.0,immediate,war_geopolitics,USO,152,0.4934210526315789,-0.05062111801243203,-0.006211947793264029,-0.9442160645761324,0.9865616460182324,0.0035556972312932866,0.6350567465321564,0.20394736842105263,0.2894736842105263,3.21090909090911,3.194124423963149,,,,
follow_debit_24h,debit_spread_proxy,24,all,0.0,immediate,oil_gas_energy,GLD,23,0.4782608695652174,0.0,-0.029374123593598332,-0.6756048426527617,0.9341155243264195,0.0010498815831236907,0.38461538461538464,0.13043478260869565,0.2608695652173913,3.405405405405339,8.347826086956385,,,,
follow_debit_24h,debit_spread_proxy,24,all,0.0,immediate,oil_gas_energy,QQQ,23,0.5217391304347826,0.1578947368422627,-0.02083552706486342,-0.47921712249185866,0.9563747171248793,0.0010894991508316743,0.43548387096774194,0.21739130434782608,0.34782608695652173,3.079681274900371,4.212264150943364,,,,
follow_debit_24h,debit_spread_proxy,24,all,0.0,immediate,oil_gas_energy,SLV,24,0.4166666666666667,-0.7214285714285554,-0.13389779531083715,-3.2135470874600918,0.7540240873445736,0.0015431483169972005,0.4587641866330391,0.20833333333333334,0.2916666666666667,4.357142857142892,7.7857142857143415,,,,
follow_debit_24h,debit_spread_proxy,24,all,0.0,immediate,oil_gas_energy,SPY,24,0.3333333333333333,-1.0,-0.3443674175823513,-8.264818021976431,0.4712181920448318,0.0013682420137902662,0.6299007444168734,0.20833333333333334,0.375,2.4656618610751124,4.003000295803819,,,,
follow_debit_24h,debit_spread_proxy,24,all,0.0,immediate,oil_gas_energy,UNG,23,0.4782608695652174,0.0,-0.003881987577640183,-0.08928571428572421,0.9912587412587401,0.005123825789923098,0.7538461538461538,0.17391304347826086,0.21739130434782608,3.3846153846153606,4.444444444444455,,,,
follow_debit_24h,debit_spread_proxy,24,all,0.0,immediate,oil_gas_energy,USO,24,0.4583333333333333,-0.187500000000006,-0.0805981968810942,-1.9343567251462608,0.8242544995683022,0.003890474203133154,0.7,0.20833333333333334,0.375,2.421296296296333,2.414285714285665,,,,
follow_debit_24h,debit_spread_proxy,24,all,0.0,immediate,fed_inflation_rates,GLD,46,0.5869565217391305,0.28684185650820937,0.10101327480724973,4.6466106411334875,1.2622841967875933,0.001696297825338866,0.5156368221941993,0.15217391304347827,0.21739130434782608,3.4796650717700635,2.07601038190586,,,,
follow_debit_24h,debit_spread_proxy,24,all,0.0,immediate,fed_inflation_rates,QQQ,46,0.6086956521739131,1.0,0.2602701013367748,11.97242466149164,1.8804058258917022,0.001322994577975023,0.5242503259452412,0.13043478260869565,0.1956521739130435,3.5419856459330727,1.870180475799855,,,,
follow_debit_24h,debit_spread_proxy,24,all,0.0,immediate,fed_inflation_rates,SLV,44,0.6136363636363636,0.7803030303030352,0.21046537332216397,9.260476426175215,1.6100062890516948,0.004016064257028051,0.5556116015132408,0.11363636363636363,0.22727272727272727,4.041666666666705,1.843445692883886,,,,
follow_debit_24h,debit_spread_proxy,24,all,0.0,immediate,fed_inflation_rates,SPY,46,0.6304347826086957,0.8823529411764737,0.19383956131685764,8.916619820575452,1.5459065456306127,0.0011246996100329198,0.5752986940816893,0.17391304347826086,0.21739130434782608,3.4625668449196887,1.5362566629789989,,,,
follow_debit_24h,debit_spread_proxy,24,all,0.0,immediate,fed_inflation_rates,UNG,45,0.5111111111111111,0.11111111111110891,-0.007387151895344759,-0.33242183529051417,0.9836631201794949,0.005405405405405239,0.5409836065573771,0.1111111111111111,0.2,2.666666666666568,3.3999999999999857,,,,
follow_debit_24h,debit_spread_proxy,24,all,0.0,immediate,fed_inflation_rates,USO,43,0.4883720930232558,-0.8076923076923119,-0.029799453912065337,-1.2813765182188095,0.9412419938735641,0.002192982456140413,0.47540983606557374,0.09302325581395349,0.16279069767441862,5.071428571428608,4.830188679245277,,,,
follow_debit_24h,debit_spread_proxy,24,all,0.0,immediate,immigration_border,GLD,83,0.39759036144578314,-0.8285714285714054,-0.15976737015653403,-13.260691722992323,0.7038845567319242,0.0016239158516331287,0.5833333333333334,0.12048192771084337,0.25301204819277107,3.4285714285714026,3.099999999999905,,,,
follow_debit_24h,debit_spread_proxy,24,all,0.0,immediate,immigration_border,QQQ,84,0.5119047619047619,0.32457994728748873,0.051543817627800234,4.32968068073522,1.1172536131634863,0.0014104259057358126,0.5353598014888337,0.10714285714285714,0.21428571428571427,2.276341305753017,2.9682121476677352,,,,
follow_debit_24h,debit_spread_proxy,24,all,0.0,immediate,immigration_border,SLV,82,0.3048780487804878,-1.0,-0.3646252202989224,-29.899268064511638,0.42931099743069717,0.0021183060730423087,0.5125706214689265,0.17073170731707318,0.3170731707317073,2.480769230769009,5.875000000000067,,,,
follow_debit_24h,debit_spread_proxy,24,all,0.0,immediate,immigration_border,SPY,83,0.4457831325301205,-0.3760217983651139,-0.10660406062526273,-8.848137031896806,0.7908406295421259,0.0012627591286962225,0.5483870967741935,0.1927710843373494,0.3493975903614458,2.2545454545451915,3.301886792452764,,,,
follow_debit_24h,debit_spread_proxy,24,all,0.0,immediate,immigration_border,UNG,80,0.45,-0.4844827586206968,-0.09504282373930309,-7.603425899144248,0.8130201810963645,0.003626656848306431,0.5169491525423728,0.2125,0.3125,3.061538461538454,4.212121212121167,,,,
follow_debit_24h,debit_spread_proxy,24,all,0.0,immediate,immigration_border,USO,81,0.41975308641975306,-1.0,-0.18416198760169983,-14.917120995737687,0.6653539898899175,0.0023041474654377225,0.5573770491803278,0.19753086419753085,0.3333333333333333,2.090909090909138,5.142857142857114,,,,
follow_debit_24h,debit_spread_proxy,24,all,0.0,immediate,domestic_politics_attacks,GLD,93,0.4731182795698925,-0.552238805970143,-0.07091646312422084,-6.595231070552538,0.8591438198570417,0.0008862025086348035,0.3770491803278688,0.12903225806451613,0.23655913978494625,4.444444444445743,6.181818181818816,,,,
follow_debit_24h,debit_spread_proxy,24,all,0.0,immediate,domestic_politics_attacks,QQQ,95,0.5368421052631579,0.3650793650793966,0.029641226306650177,2.8159164991317667,1.0659103413500055,0.0013353084771224877,0.53125,0.17894736842105263,0.24210526315789474,3.8188976377953483,3.49374999999997,,,,
follow_debit_24h,debit_spread_proxy,24,all,0.0,immediate,domestic_politics_attacks,SLV,93,0.5053763440860215,0.2666666666666872,0.01880787658672714,1.749132522565624,1.0402025176579217,0.0020366598778003286,0.4576271186440678,0.16129032258064516,0.26881720430107525,3.3999999999999146,4.636363636363642,,,,
follow_debit_24h,debit_spread_proxy,24,all,0.0,immediate,domestic_politics_attacks,SPY,93,0.5591397849462365,0.40960451977402834,0.03391055793098344,3.1536818875814596,1.0770095900762755,0.0009284028324154647,0.47540983606557374,0.16129032258064516,0.22580645161290322,3.5666666666656437,3.6025641025637793,,,,
follow_debit_24h,debit_spread_proxy,24,all,0.0,immediate,domestic_politics_attacks,UNG,89,0.39325842696629215,-1.0,-0.17415470934645352,-15.499769131834363,0.6787964994895371,0.005029337803855949,0.5230769230769231,0.24719101123595505,0.3146067415730337,2.600000000000007,3.363636363636374,,,,
follow_debit_24h,debit_spread_proxy,24,all,0.0,immediate,domestic_politics_attacks,USO,91,0.4835164835164835,-0.1944444444444258,-0.017678778699176768,-1.608768861625086,0.962609198192492,0.0027440219521757125,0.5932203389830508,0.1978021978021978,0.26373626373626374,3.2368421052632073,3.3571428571428354,,,,
follow_debit_24h,debit_spread_proxy,24,all,0.0,immediate,other,GLD,1349,0.502594514455152,0.052631578947321185,0.0011793026862171611,1.5908793237069503,1.0025789092510253,0.001302545885139228,0.5081967213114754,0.1697553743513714,0.2446256486286138,3.7999999999999545,3.852631578947381,,,,
follow_debit_24h,debit_spread_proxy,24,all,0.0,immediate,other,QQQ,1351,0.4863064396743153,-0.11637931034482293,-0.007092353638840375,-9.581769766073347,0.9848033072540732,0.001191737288135597,0.5084745762711864,0.14433752775721687,0.22723908216136196,3.722222222223345,3.885714285714072,,,,
follow_debit_24h,debit_spread_proxy,24,all,0.0,immediate,other,SLV,1287,0.48174048174048173,-0.10791366906474202,-0.023757471616450844,-30.575865970372234,0.9497696521283306,0.0021651716671822197,0.515625,0.1655011655011655,0.2602952602952603,3.615384615384733,3.578947368421094,,,,
follow_debit_24h,debit_spread_proxy,24,all,0.0,immediate,other,SPY,1351,0.5003700962250185,0.02857142857156778,0.013670015845718832,18.46819140756614,1.030151846343398,0.0009158840461722662,0.5084745762711864,0.15025906735751296,0.20799407846039972,3.5319148936167486,3.666666666666486,,,,
follow_debit_24h,debit_spread_proxy,24,all,0.0,immediate,other,UNG,1283,0.49259547934528447,0.0,-0.007535197952991104,-9.667658973687587,0.9837391341060338,0.00465425531914887,0.5901639344262295,0.16991426344505067,0.2626656274356976,3.0681818181818374,3.1999999999999575,,,,
follow_debit_24h,debit_spread_proxy,24,all,0.0,immediate,other,USO,1310,0.49770992366412214,0.0,0.006842565888731027,8.963761314237646,1.0149515377512748,0.0023881942956319735,0.5333333333333333,0.16412213740458015,0.24961832061068703,3.2418906394810327,3.1972222222222113,,,,
follow_debit_24h,debit_spread_proxy,24,all,0.0,delayed,tariffs_trade,GLD,38,0.39473684210526316,-0.24044011544011187,-0.16389588376039552,-6.22804358289503,0.6335375862004111,0.005540163146018906,0.923728813559322,0.3684210526315789,0.631578947368421,0.8013333333333275,1.2208258527827582,,,,
follow_debit_24h,debit_spread_proxy,24,all,0.0,delayed,tariffs_trade,QQQ,38,0.34210526315789475,-0.21236171236170498,-0.20700250080285096,-7.866095030508337,0.5620227583344186,0.004044493318416942,0.926857887874837,0.34210526315789475,0.6842105263157895,0.7347916317289531,1.441795231416547,,,,
follow_debit_24h,debit_spread_proxy,24,all,0.0,delayed,tariffs_trade,SLV,38,0.42105263157894735,-0.2717091295116756,-0.07363609098702718,-2.798171457507033,0.8292286313749195,0.009629936979488662,0.950382722799344,0.42105263157894735,0.6052631578947368,0.8642857142857139,1.0724637681159483,,,,
follow_debit_24h,debit_spread_proxy,24,all,0.0,delayed,tariffs_trade,SPY,38,0.47368421052631576,-0.35584232801088134,-0.15866560329562557,-6.029292925233771,0.6499761892019705,0.002903471100691335,0.9153846153846155,0.4473684210526316,0.631578947368421,0.6927590124987123,1.6715723654110766,,,,
follow_debit_24h,debit_spread_proxy,24,all,0.0,delayed,tariffs_trade,UNG,38,0.3157894736842105,-0.7386363636363491,-0.28751796562326165,-10.925682693683942,0.4891470913900275,0.012648624490729843,0.9814814814814815,0.15789473684210525,0.34210526315789475,1.5050000000000017,2.105454545454548,,,,
follow_debit_24h,debit_spread_proxy,24,all,0.0,delayed,tariffs_trade,USO,37,0.35135135135135137,-1.0,-0.37918535154550453,-14.029858007183668,0.38480645639608657,0.008107352530053014,0.8852459016393442,0.32432432432432434,0.5945945945945946,0.830188679245277,2.400000000000013,,,,
follow_debit_24h,debit_spread_proxy,24,all,0.0,delayed,war_geopolitics,GLD,107,0.40186915887850466,-0.12000000000004245,-0.0759713843566689,-8.128938126163574,0.8200799939107702,0.006273181006456241,0.9491525423728814,0.34579439252336447,0.5046728971962616,0.9068322981366256,0.8917197452229233,,,,
follow_debit_24h,debit_spread_proxy,24,all,0.0,delayed,war_geopolitics,QQQ,107,0.4392523364485981,-0.10588235294116043,-0.02048626792295932,-2.1920306677566472,0.9392550171511372,0.0061520887728461204,1.0,0.4392523364485981,0.5981308411214953,0.7233146067415693,1.0250000000000496,,,,
follow_debit_24h,debit_spread_proxy,24,all,0.0,delayed,war_geopolitics,SLV,106,0.3867924528301887,-0.5450906026127326,-0.22605923631757008,-23.962279049662428,0.5517639743675817,0.011230201060733802,0.9588572990705304,0.4716981132075472,0.6698113207547169,0.5714285714286101,1.623655913978495,,,,
follow_debit_24h,debit_spread_proxy,24,all,0.0,delayed,war_geopolitics,SPY,107,0.5607476635514018,0.04091653027823269,0.006801571247485432,0.7277681234809412,1.0203323456367979,0.004016803628512644,0.9830508474576272,0.4205607476635514,0.5514018691588785,0.8872180451127171,1.2976190476190765,,,,
follow_debit_24h,debit_spread_proxy,24,all,0.0,delayed,war_geopolitics,UNG,106,0.5660377358490566,0.743243243243244,0.1235289786948227,13.094071741651206,1.3155797616408464,0.011009018659410008,0.9814814814814815,0.2169811320754717,0.330188679245283,2.0097402597402554,0.961538461538459,,,,
follow_debit_24h,debit_spread_proxy,24,all,0.0,delayed,war_geopolitics,USO,107,0.35514018691588783,-0.6079812206572771,-0.22311503178862374,-23.87330840138274,0.5718756216408921,0.011279127416956025,0.9508196721311475,0.38317757009345793,0.5233644859813084,0.8980392156862752,1.4848484848484562,,,,
follow_debit_24h,debit_spread_proxy,24,all,0.0,delayed,oil_gas_energy,GLD,7,0.42857142857142855,-0.8039215686274587,-0.1315677786266043,-0.92097445038623,0.7447299077733829,0.004746504106656557,0.8983050847457628,0.2857142857142857,0.5714285714285714,0.7299270072992828,2.0656934306569585,,,,
follow_debit_24h,debit_spread_proxy,24,all,0.0,delayed,oil_gas_energy,QQQ,7,0.42857142857142855,-0.10588235294116043,0.011121825779495165,0.07785278045646615,1.0351993954191474,0.007267441860465018,1.0,0.42857142857142855,0.8571428571428571,0.7645305514157925,0.8917647058823444,,,,
follow_debit_24h,debit_spread_proxy,24,all,0.0,delayed,oil_gas_energy,SLV,7,0.42857142857142855,-0.5238095238095367,0.01466103682852214,0.10262725779965498,1.0375826819001743,0.00881325026591706,0.9491525423728814,0.42857142857142855,0.5714285714285714,0.5714285714286101,1.6724137931034513,,,,
follow_debit_24h,debit_spread_proxy,24,all,0.0,delayed,oil_gas_energy,SPY,7,0.7142857142857143,0.3359073359073335,0.09654428943628061,0.6758100260539643,1.3379050130269823,0.003948652274667674,0.9830508474576272,0.5714285714285714,0.8571428571428571,0.3359073359073335,1.0617760617760488,,,,
follow_debit_24h,debit_spread_proxy,24,all,0.0,delayed,oil_gas_energy,UNG,7,0.42857142857142855,-0.15094339622641542,-0.02156334231805936,-0.1509433962264155,0.9520958083832334,0.00742804085422466,0.9074074074074074,0.14285714285714285,0.14285714285714285,6.733333333333407,1.3333333333333333,,,,
follow_debit_24h,debit_spread_proxy,24,all,0.0,delayed,oil_gas_energy,USO,7,0.42857142857142855,-0.07692307692307482,-0.026372550601626004,-0.18460785421138204,0.9319389352184415,0.014733969986357454,0.9649122807017544,0.5714285714285714,0.7142857142857143,0.42307692307691835,1.7368421052631575,,,,
follow_debit_24h,debit_spread_proxy,24,all,0.0,delayed,fed_inflation_rates,GLD,12,0.5,0.07445064851338182,0.2348027650261881,2.817633180314257,2.679042178954766,0.006786966451156395,0.9831920903954803,0.3333333333333333,0.4166666666666667,1.184591975893138,0.48131539611360163,,,,
follow_debit_24h,debit_spread_proxy,24,all,0.0,delayed,fed_inflation_rates,QQQ,12,0.25,-0.05809312638582362,-0.18450838830558972,-2.2141006596670767,0.5603834143578322,0.0031193284936480437,0.8709677419354839,0.25,0.4166666666666667,1.3696969696968886,2.647208121827411,,,,
follow_debit_24h,debit_spread_proxy,24,all,0.0,delayed,fed_inflation_rates,SLV,12,0.5833333333333334,0.0934027639491767,0.16177291698069896,1.9412750037683875,2.0180465315391993,0.02035928143712573,0.9838709677419355,0.5833333333333334,0.5833333333333334,0.40350367789391817,0.28659046557011447,,,,
follow_debit_24h,debit_spread_proxy,24,all,0.0,delayed,fed_inflation_rates,SPY,12,0.3333333333333333,-0.43604651162791447,-0.27177156582448214,-3.2612587898937857,0.48251855522724973,0.0031856187944933056,0.9673453199365415,0.5833333333333334,0.5833333333333334,0.42043785310736004,1.5959302325581697,,,,
follow_debit_24h,debit_spread_proxy,24,all,0.0,delayed,fed_inflation_rates,UNG,12,0.5833333333333334,0.5557291666666676,0.11989910547552445,1.4387892657062933,1.335717495331469,0.02160664819944591,1.0,0.0,0.5,1.007812500000002,1.1746031746031695,,,,
follow_debit_24h,debit_spread_proxy,24,all,0.0,delayed,fed_inflation_rates,USO,12,0.3333333333333333,-0.24908088235293788,-0.14717160369141,-1.7660592442969199,0.5847721563245866,0.007760397720383283,0.8363636363636363,0.3333333333333333,0.4166666666666667,1.4117647058823608,1.8942708333333345,,,,
follow_debit_24h,debit_spread_proxy,24,all,0.0,delayed,immigration_border,GLD,43,0.5348837209302325,0.17202268431001222,0.12198854838042322,5.245507580358199,1.3621830283083671,0.006812164211716931,0.9661016949152542,0.27906976744186046,0.46511627906976744,1.0478087649402363,0.8029197080291696,,,,
follow_debit_24h,debit_spread_proxy,24,all,0.0,delayed,immigration_border,QQQ,43,0.32558139534883723,-0.20779220779220828,-0.18073255919724923,-7.771500045481717,0.6028558835184606,0.003934529430280165,0.9384615384615385,0.32558139534883723,0.5581395348837209,0.9805194805194978,1.4036697247705763,,,,
follow_debit_24h,debit_spread_proxy,24,all,0.0,delayed,immigration_border,SLV,43,0.627906976744186,0.36842105263158487,0.16574158721633614,7.1268882503024535,1.5266484629936008,0.00916590284142993,0.9491525423728814,0.23255813953488372,0.37209302325581395,1.666666666666643,0.7666666666666635,,,,
follow_debit_24h,debit_spread_proxy,24,all,0.0,delayed,immigration_border,SPY,43,0.5348837209302325,0.008403361344529786,-0.0977511067993437,-4.203297592371779,0.7621388968755004,0.00300815771583951,0.9508196721311475,0.2558139534883721,0.4418604651162791,1.2746478873238398,1.5959302325581697,,,,
follow_debit_24h,debit_spread_proxy,24,all,0.0,delayed,immigration_border,UNG,42,0.5476190476190477,0.524390243902431,0.09415113065941452,3.9543474876954097,1.2515729773318363,0.021181834478233297,1.0,0.2619047619047619,0.47619047619047616,1.0538651315789516,1.153846153846154,,,,
follow_debit_24h,debit_spread_proxy,24,all,0.0,delayed,immigration_border,USO,43,0.4418604651162791,-0.1333333333333523,-0.029215586236449143,-1.2562702081673132,0.9317684451532608,0.007642393655371338,0.8363636363636363,0.3488372093023256,0.4883720930232558,1.0333333333333026,1.4848484848484562,,,,
follow_debit_24h,debit_spread_proxy,24,all,0.0,delayed,domestic_politics_attacks,GLD,109,0.5321100917431193,0.07017543859649948,-0.002479463624752638,-0.2702615350980375,0.9935664249494626,0.005417031785230675,0.9491525423728814,0.28440366972477066,0.5412844036697247,0.8026666666666719,1.0945945945945843,,,,
follow_debit_24h,debit_spread_proxy,24,all,0.0,delayed,domestic_politics_attacks,QQQ,109,0.42201834862385323,-0.103343465045594,-0.1524962598272571,-16.622092321171024,0.6428417885905148,0.004886117342864704,0.9836065573770492,0.3761467889908257,0.5596330275229358,0.7640449438201802,1.313356164383567,,,,
follow_debit_24h,debit_spread_proxy,24,all,0.0,delayed,domestic_politics_attacks,SLV,109,0.5596330275229358,0.21739130434782877,0.0468956234506724,5.111622956123291,1.1309264696013726,0.00881325026591706,0.9491525423728814,0.24770642201834864,0.47706422018348627,1.1999999999999573,1.2000000000000284,,,,
follow_debit_24h,debit_spread_proxy,24,all,0.0,delayed,domestic_politics_attacks,SPY,108,0.49074074074074076,-0.03678929765886733,-0.07276504162885127,-7.858624495915937,0.8271287648031942,0.0036215283643512564,0.9830508474576272,0.3148148148148148,0.5555555555555556,0.9762376237623976,1.1708880308880107,,,,
follow_debit_24h,debit_spread_proxy,24,all,0.0,delayed,domestic_politics_attacks,UNG,108,0.5833333333333334,0.6021505376344083,0.15486063740052122,16.724948839256292,1.4300326581325389,0.014790398918187897,0.9814814814814815,0.23148148148148148,0.46296296296296297,1.4686411149825693,1.2758620689655173,,,,
follow_debit_24h,debit_spread_proxy,24,all,0.0,delayed,domestic_politics_attacks,USO,109,0.44036697247706424,-0.2994652406417117,-0.160970912451189,-17.5458294571796,0.6608201549463658,0.007642393655371338,0.847457627118644,0.3302752293577982,0.46788990825688076,1.098039215686268,1.4848484848484562,,,,
follow_debit_24h,debit_spread_proxy,24,all,0.0,delayed,other,GLD,1067,0.5267104029990628,0.080808080808064,0.03909871635495345,41.71833035073533,1.105086071283439,0.005729064361945868,0.9491525423728814,0.2642924086223055,0.48266166822867856,1.0478087649402363,1.0285714285714564,,,,
follow_debit_24h,debit_spread_proxy,24,all,0.0,delayed,other,QQQ,1067,0.3767572633552015,-0.3626991565135875,-0.1965890201857294,-209.76048453817327,0.5788081608561756,0.004685754306391732,0.9836065573770492,0.3467666354264292,0.5463917525773195,0.9426229508196324,1.5404814004376435,,,,
follow_debit_24h,debit_spread_proxy,24,all,0.0,delayed,other,SLV,1061,0.5127238454288408,0.03554502369668045,0.006411632234739319,6.802741801058417,1.0163774213001089,0.00999432140829093,0.9491525423728814,0.27238454288407166,0.46936852026390197,1.0833333333333162,1.0,,,,
follow_debit_24h,debit_spread_proxy,24,all,0.0,delayed,other,SPY,1064,0.44454887218045114,-0.32903225806450787,-0.13533756816689957,-143.99917252958113,0.6978904238004081,0.0032852450556924984,0.9661016949152542,0.34116541353383456,0.5169172932330827,0.9929577464788,1.5155038759689559,,,,
follow_debit_24h,debit_spread_proxy,24,all,0.0,delayed,other,UNG,1052,0.5123574144486692,0.15384615384614964,0.030347880255117456,31.925970028383563,1.0756938483458593,0.014233241505968719,0.9814814814814815,0.2785171102661597,0.4667300380228137,1.1111111111111187,1.2768199233716497,,,,
follow_debit_24h,debit_spread_proxy,24,all,0.0,delayed,other,USO,1065,0.41220657276995304,-0.34374999999999795,-0.14811904666112166,-157.74678469409457,0.692732199062401,0.006882312456985562,0.8181818181818182,0.29295774647887324,0.460093896713615,1.1521739130434299,1.6984126984126842,,,,
follow_debit_24h,debit_spread_proxy,24,p80,0.8,immediate,tariffs_trade,GLD,27,0.5185185185185185,0.01874999999998268,-0.029505969604822876,-0.7966611793302176,0.9233639266044785,0.0058014611087237045,0.9193548387096774,0.2962962962962963,0.5555555555555556,0.8626760563380318,1.1388888888889372,,,,
follow_debit_24h,debit_spread_proxy,24,p80,0.8,immediate,tariffs_trade,QQQ,33,0.3939393939393939,-0.4606234618539772,-0.15213404999422528,-5.020423649809434,0.6887276723891257,0.005431146444173307,0.9180327868852459,0.36363636363636365,0.5454545454545454,0.6646525679758555,1.8239999999999934,,,,
follow_debit_24h,debit_spread_proxy,24,p80,0.8,immediate,tariffs_trade,SLV,20,0.5,0.1320214338506983,-0.05502089686767393,-1.1004179373534786,0.8790695498820836,0.007728197020740013,0.9038461538461539,0.4,0.5,0.8787878787878779,1.9581425768476235,,,,
follow_debit_24h,debit_spread_proxy,24,p80,0.8,immediate,tariffs_trade,SPY,31,0.3870967741935484,-0.35622317596567654,-0.12989944089256134,-4.026882667669401,0.7269325449536693,0.005059678256356892,0.9344262295081968,0.2903225806451613,0.5483870967741935,0.6600234466588439,1.5999999999999586,,,,
follow_debit_24h,debit_spread_proxy,24,p80,0.8,immediate,tariffs_trade,UNG,22,0.4090909090909091,-0.4621848739495824,-0.23710169883749596,-5.216237374424911,0.494782187093663,0.014079014715776939,0.9016129032258065,0.45454545454545453,0.6363636363636364,0.6397849462365611,1.6025852585258518,,,,
follow_debit_24h,debit_spread_proxy,24,p80,0.8,immediate,tariffs_trade,USO,27,0.4074074074074074,-0.5654101995565397,-0.21151956430291113,-5.711028236178601,0.5766806692141614,0.007551919446192712,0.8688524590163934,0.2962962962962963,0.48148148148148145,1.3953488372093066,1.278169014084504,,,,
follow_debit_24h,debit_spread_proxy,24,p80,0.8,immediate,war_geopolitics,GLD,38,0.39473684210526316,-0.7269371932863239,-0.2105851845131233,-8.002237011498686,0.6018024450826046,0.0047874511542161935,0.9322033898305084,0.2631578947368421,0.5526315789473685,0.9520412642669027,2.1021988089784625,,,,
follow_debit_24h,debit_spread_proxy,24,p80,0.8,immediate,war_geopolitics,QQQ,43,0.46511627906976744,-0.20689655172413193,-0.029830300798717225,-1.2827029343448406,0.9289563057600714,0.004628181875039106,0.8983050847457628,0.18604651162790697,0.4186046511627907,1.719367588932834,1.326836581709157,,,,
follow_debit_24h,debit_spread_proxy,24,p80,0.8,immediate,war_geopolitics,SLV,35,0.42857142857142855,-0.6685878962536047,-0.1895832749205078,-6.635414622217773,0.6281695474554672,0.010200927357032374,0.9076923076923077,0.2857142857142857,0.45714285714285713,1.1085271317829462,1.4277456647398923,,,,
follow_debit_24h,debit_spread_proxy,24,p80,0.8,immediate,war_geopolitics,SPY,44,0.4318181818181818,-0.29545155121122424,-0.041749127243463496,-1.836961598712394,0.9021284771256086,0.003605986991941368,0.8923076923076924,0.20454545454545456,0.36363636363636365,1.7253233492171391,1.5859805584156006,,,,
follow_debit_24h,debit_spread_proxy,24,p80,0.8,immediate,war_geopolitics,UNG,35,0.42857142857142855,-0.22727272727272985,-0.10601526531059166,-3.710534285870708,0.7656885928785032,0.013793103448275668,0.8769230769230769,0.42857142857142855,0.6285714285714286,0.7894736842105136,1.0909090909090886,,,,
follow_debit_24h,debit_spread_proxy,24,p80,0.8,immediate,war_geopolitics,USO,53,0.5471698113207547,0.3209876543209931,0.11777627318567974,6.242142478841026,1.3220558406924123,0.00823876884812691,0.8923076923076924,0.20754716981132076,0.37735849056603776,2.1818181818181426,1.2916666666666654,,,,
follow_debit_24h,debit_spread_proxy,24,p80,0.8,immediate,oil_gas_energy,GLD,6,0.6666666666666666,0.28939056112972017,0.37424129815435125,2.2454477889261075,7.736343366778322,0.004042243370921572,0.8810844892812106,0.0,0.3333333333333333,1.7609933476153559,1.0155548004681454,,,,
follow_debit_24h,debit_spread_proxy,24,p80,0.8,immediate,oil_gas_energy,QQQ,9,0.4444444444444444,-0.9848484848484992,-0.1819013177037912,-1.6371118593341207,0.671582423355466,0.004974818818326954,0.9016393442622951,0.2222222222222222,0.4444444444444444,1.7861445783132588,1.689393939393889,,,,
follow_debit_24h,debit_spread_proxy,24,p80,0.8,immediate,oil_gas_energy,SLV,4,0.25,-0.8214285714285696,-0.4479813664596256,-1.7919254658385024,0.32197414806110625,0.005569800946634951,0.9099087353324642,0.5,0.5,1.0434782608695654,6.019305019304957,,,,
follow_debit_24h,debit_spread_proxy,24,p80,0.8,immediate,oil_gas_energy,SPY,8,0.5,-0.21194379391100154,-0.07936209526674252,-0.6348967621339402,0.8412758094665149,0.0046308450198046525,0.9173045379989064,0.125,0.375,1.7142584722676255,2.127480005302479,,,,
follow_debit_24h,debit_spread_proxy,24,p80,0.8,immediate,oil_gas_energy,UNG,8,0.375,-0.6071428571428608,-0.2611607142857155,-2.089285714285724,0.5042372881355918,0.009236081950877217,0.8699101004759386,0.375,0.5,1.2946428571428559,3.0347222222222316,,,,
follow_debit_24h,debit_spread_proxy,24,p80,0.8,immediate,oil_gas_energy,USO,7,0.5714285714285714,0.11111111111111696,0.14597505668934402,1.021825396825408,1.4890788224121625,0.008194322505121532,0.9538461538461539,0.14285714285714285,0.42857142857142855,2.5925925925926414,1.962962962962996,,,,
follow_debit_24h,debit_spread_proxy,24,p80,0.8,immediate,fed_inflation_rates,GLD,13,0.6153846153846154,0.07039337474120765,0.10847992625317207,1.410239041291237,1.3375815425908595,0.005980392156862746,0.9016393442622951,0.23076923076923078,0.3076923076923077,1.7158469945355577,0.8096590909091016,,,,
follow_debit_24h,debit_spread_proxy,24,p80,0.8,immediate,fed_inflation_rates,QQQ,9,0.7777777777777778,1.0,0.565229045314706,5.087061407832354,13.499157707170962,0.004896440287910586,0.8225806451612904,0.2222222222222222,0.3333333333333333,2.283333333333303,0.7959866220735746,,,,
follow_debit_24h,debit_spread_proxy,24,p80,0.8,immediate,fed_inflation_rates,SLV,13,0.8461538461538461,1.0,0.5927761893279138,7.706090461262878,6.863329698786986,0.011627906976744207,0.9384615384615385,0.15384615384615385,0.23076923076923078,2.3600000000000136,0.75,,,,
follow_debit_24h,debit_spread_proxy,24,p80,0.8,immediate,fed_inflation_rates,SPY,6,0.6666666666666666,0.6178601875532778,0.3097734821111056,1.8586408926666338,2.349697614674701,0.004330474195076706,0.8846153846153846,0.3333333333333333,0.5,1.0721030887271241,0.9705791743684677,,,,
follow_debit_24h,debit_spread_proxy,24,p80,0.8,immediate,fed_inflation_rates,UNG,12,0.3333333333333333,-0.765331664580722,-0.33477853918425543,-4.017342470211065,0.44242931487591464,0.016046927940557454,0.9106292966684294,0.3333333333333333,0.5,0.8677248677248666,2.186274509803919,,,,
follow_debit_24h,debit_spread_proxy,24,p80,0.8,immediate,fed_inflation_rates,USO,8,0.75,1.0,0.5,4.0,3.0,0.008727453189659173,0.9051702395964691,0.0,0.0,3.7123000761615508,1.1888839285714232,,,,
follow_debit_24h,debit_spread_proxy,24,p80,0.8,immediate,immigration_border,GLD,22,0.22727272727272727,-1.0,-0.47095182615650955,-10.36094017544321,0.28656952956703613,0.004751866769390489,0.8884615384615384,0.2727272727272727,0.5,1.0141812865496667,1.9778336896052546,,,,
follow_debit_24h,debit_spread_proxy,24,p80,0.8,immediate,immigration_border,QQQ,18,0.3333333333333333,-0.5039563008586974,-0.24418206679911425,-4.395277202384056,0.5342347189811603,0.0057445520914694015,0.9092400218698742,0.1111111111111111,0.3333333333333333,1.2059018567639161,1.5563832895121226,,,,
follow_debit_24h,debit_spread_proxy,24,p80,0.8,immediate,immigration_border,SLV,9,0.4444444444444444,-0.23214285714286076,-0.13495908730642517,-1.2146317857578266,0.7129983966141846,0.01642512077294689,0.9193548387096774,0.3333333333333333,0.7777777777777778,0.7419354838709522,3.193548387096757,,,,
follow_debit_24h,debit_spread_proxy,24,p80,0.8,immediate,immigration_border,SPY,20,0.35,-0.688010899182557,-0.26271891875474085,-5.254378375094817,0.5245250999513579,0.004141892860746843,0.8897022332506204,0.1,0.45,1.3318526626616634,1.242366329322821,,,,
follow_debit_24h,debit_spread_proxy,24,p80,0.8,immediate,immigration_border,UNG,17,0.4117647058823529,-0.4000000000000057,-0.06393613148177171,-1.086914235190119,0.8525011098712524,0.010466222645099887,0.8688524590163934,0.35294117647058826,0.4117647058823529,1.5897435897435899,1.0,,,,
follow_debit_24h,debit_spread_proxy,24,p80,0.8,immediate,immigration_border,USO,21,0.42857142857142855,-0.31521739130433857,-0.21626437571650664,-4.541551890046639,0.5432943557403281,0.010953058321479414,0.921875,0.3333333333333333,0.47619047619047616,1.0317460317460483,1.3818181818181854,,,,
follow_debit_24h,debit_spread_proxy,24,p80,0.8,immediate,domestic_politics_attacks,GLD,13,0.7692307692307693,0.6386554621848676,0.31484099115747555,4.0929328850471824,2.3643109616823943,0.005026809651474506,0.8923076923076924,0.23076923076923078,0.5384615384615384,0.7861975642760505,1.0393258426966578,,,,
follow_debit_24h,debit_spread_proxy,24,p80,0.8,immediate,domestic_politics_attacks,QQQ,16,0.5625,0.16120752553680334,-0.04423977956524235,-0.7078364730438776,0.8958795381587084,0.003236507830291724,0.875,0.375,0.5,1.0409231232587575,1.5650119617224032,,,,
follow_debit_24h,debit_spread_proxy,24,p80,0.8,immediate,domestic_politics_attacks,SLV,17,0.35294117647058826,-1.0,-0.23802237046748012,-4.046380297947162,0.5831926302121963,0.011031797534068799,0.8983050847457628,0.35294117647058826,0.5294117647058824,0.8235294117647096,1.6451612903225736,,,,
follow_debit_24h,debit_spread_proxy,24,p80,0.8,immediate,domestic_politics_attacks,SPY,15,0.7333333333333333,0.6795366795366676,0.3222105307401152,4.833157961101728,2.208289490275432,0.003813590517558696,0.8615384615384616,0.26666666666666666,0.3333333333333333,1.5331125827814647,1.1524390243902451,,,,
follow_debit_24h,debit_spread_proxy,24,p80,0.8,immediate,domestic_politics_attacks,UNG,20,0.4,-0.5104166666666636,-0.15217473649538812,-3.0434947299077626,0.6999131246701589,0.01396169028667571,0.9205548549810845,0.35,0.45,1.207729468599043,2.218749999999997,,,,
follow_debit_24h,debit_spread_proxy,24,p80,0.8,immediate,domestic_politics_attacks,USO,22,0.5454545454545454,0.9856115107913698,0.16225440086859477,3.569596819109085,1.4248697493894817,0.007132237663938168,0.8629726205997392,0.2727272727272727,0.36363636363636365,2.5425824175824685,1.5399515738498804,,,,
follow_debit_24h,debit_spread_proxy,24,p80,0.8,immediate,other,GLD,283,0.508833922261484,0.05405405405406568,0.003095515610015625,0.8760309176344219,1.0076463108194214,0.00443024933031122,0.8923076923076924,0.2579505300353357,0.42402826855123676,1.3619631901840348,1.3267716535433278,,,,
follow_debit_24h,debit_spread_proxy,24,p80,0.8,immediate,other,QQQ,290,0.46206896551724136,-0.28347646564292917,-0.02958024215015315,-8.578270223544413,0.9343504143036009,0.004819259347930149,0.9008196721311476,0.25517241379310346,0.3931034482758621,1.4415171513026805,1.3827528107747358,,,,
follow_debit_24h,debit_spread_proxy,24,p80,0.8,immediate,other,SLV,253,0.5098814229249012,0.06358381502890126,0.038752948712528545,9.804496024269723,1.0973327164162354,0.008976063829787329,0.9016393442622951,0.2450592885375494,0.3715415019762846,1.5909090909091055,1.1996047430830021,,,,
follow_debit_24h,debit_spread_proxy,24,p80,0.8,immediate,other,SPY,298,0.4395973154362416,-0.3551912849899068,-0.07451521437290819,-22.20553388312664,0.8391743621162299,0.003909682852737961,0.9076923076923077,0.28187919463087246,0.38926174496644295,1.3117150902023131,1.3080701754385873,,,,
follow_debit_24h,debit_spread_proxy,24,p80,0.8,immediate,other,UNG,336,0.49107142857142855,-0.02127659574468037,-0.0075918860473704036,-2.5508737119164557,0.9826346638654772,0.012840394714099923,0.8983050847457628,0.26785714285714285,0.41964285714285715,1.3508771929824461,1.4409722222222185,,,,
follow_debit_24h,debit_spread_proxy,24,p80,0.8,immediate,other,USO,307,0.49185667752442996,-0.006072874493927358,0.007181040794682608,2.2045795239675607,1.017229524337131,0.0077821011673152585,0.8983050847457628,0.28338762214983715,0.43322475570032576,1.3333333333333282,1.4571428571428657,,,,
follow_debit_24h,debit_spread_proxy,24,p80,0.8,delayed,tariffs_trade,GLD,28,0.42857142857142855,-0.056218684975553386,-0.07957298510339385,-2.228043582895028,0.7770850881940352,0.008824486428636868,0.9830508474576272,0.5,0.75,0.49035284165685633,0.8965534039702912,,,,
follow_debit_24h,debit_spread_proxy,24,p80,0.8,delayed,tariffs_trade,QQQ,30,0.3333333333333333,-0.16667637295439824,-0.19553650101694456,-5.866095030508337,0.5473711060856832,0.005753447373057163,1.0,0.4,0.7333333333333333,0.6760168302945376,1.3107902735562282,,,,
follow_debit_24h,debit_spread_proxy,24,p80,0.8,delayed,tariffs_trade,SLV,32,0.4375,-0.07282608695652415,-0.024942858047094812,-0.798171457507034,0.9355558907339615,0.01191344574965264,0.9745762711864407,0.46875,0.59375,0.7074664592650173,0.8398550724637606,,,,
follow_debit_24h,debit_spread_proxy,24,p80,0.8,delayed,tariffs_trade,SPY,28,0.42857142857142855,-0.5109554108588659,-0.2579308574846821,-7.222064009571099,0.45392386757126485,0.00395842438640337,0.9830508474576272,0.6071428571428571,0.8214285714285714,0.3359073359073335,1.450122244160431,,,,
follow_debit_24h,debit_spread_proxy,24,p80,0.8,delayed,tariffs_trade,UNG,29,0.3448275862068966,-0.46153846153846223,-0.2043338859891015,-5.925682693683943,0.588126432403916,0.018413597733710985,1.0,0.20689655172413793,0.4482758620689655,1.0921052631578978,1.2758620689655173,,,,
follow_debit_24h,debit_spread_proxy,24,p80,0.8,delayed,tariffs_trade,USO,23,0.4782608695652174,-0.2994652406417117,-0.1636170148050856,-3.763191340516969,0.6517369449736001,0.013385826771653564,0.9649122807017544,0.391304347826087,0.6086956521739131,0.5181818181818276,1.2453987730061349,,,,
follow_debit_24h,debit_spread_proxy,24,p80,0.8,delayed,war_geopolitics,GLD,88,0.42045454545454547,-0.09265235930176091,-0.022828842342767396,-2.008938126163531,0.9392351268602094,0.008053155781986898,0.9830508474576272,0.4090909090909091,0.5909090909090909,0.7299270072992828,0.7695498676081126,,,,
follow_debit_24h,debit_spread_proxy,24,p80,0.8,delayed,war_geopolitics,QQQ,90,0.4222222222222222,-0.10588235294116043,-0.04679677619917424,-4.2117098579256815,0.8552948968304718,0.007251817875847999,1.0,0.5,0.6888888888888889,0.509064487826274,0.9063829787233936,,,,
follow_debit_24h,debit_spread_proxy,24,p80,0.8,delayed,war_geopolitics,SLV,84,0.34523809523809523,-0.603448275862061,-0.3095566100016485,-26.002755240138477,0.42745649216528503,0.014326514610372265,0.9830508474576272,0.5238095238095238,0.7261904761904762,0.47552447552448274,1.3897949673811776,,,,
follow_debit_24h,debit_spread_proxy,24,p80,0.8,delayed,war_geopolitics,SPY,90,0.5555555555555556,0.024624931805779265,-0.03246924307243415,-2.9222318765190733,0.9007515886004841,0.005909110854334654,0.9923076923076923,0.5,0.6444444444444445,0.5001093294460723,1.025888030888029,,,,
follow_debit_24h,debit_spread_proxy,24,p80,0.8,delayed,war_geopolitics,UNG,86,0.6162790697674418,0.848684210526313,0.22202409001920007,19.094071741651206,1.670152839975975,0.01577576333956704,1.0,0.26744186046511625,0.4069767441860465,1.3823529411764783,0.933333333333346,,,,
follow_debit_24h,debit_spread_proxy,24,p80,0.8,delayed,war_geopolitics,USO,65,0.35384615384615387,-0.2994652406417117,-0.1746517259624551,-11.352362187559581,0.6079429383809852,0.02442834824598772,1.0,0.5538461538461539,0.7384615384615385,0.4705882352941141,0.7929515418502194,,,,
follow_debit_24h,debit_spread_proxy,24,p80,0.8,delayed,oil_gas_energy,GLD,6,0.5,-0.05852644087938563,0.013170924935628289,0.07902554961376973,1.0303030303030243,0.005003796606286914,0.9067796610169492,0.3333333333333333,0.6666666666666666,0.7083978470839851,1.5884022708840124,,,,
follow_debit_24h,debit_spread_proxy,24,p80,0.8,delayed,oil_gas_energy,QQQ,6,0.3333333333333333,-0.10588235294116043,-0.15369120325725566,-0.922147219543534,0.5830717358446728,0.007267441860465018,1.0,0.5,1.0,0.44764280793624933,0.8917647058823444,,,,
follow_debit_24h,debit_spread_proxy,24,p80,0.8,delayed,oil_gas_energy,SLV,5,0.2,-0.603448275862061,-0.3461412151067317,-1.7307060755336585,0.36620565243535824,0.00881325026591706,0.9491525423728814,0.6,0.8,0.47552447552448274,1.6724137931034513,,,,
follow_debit_24h,debit_spread_proxy,24,p80,0.8,delayed,oil_gas_energy,SPY,6,0.6666666666666666,0.3359073359073335,-0.05403166232433928,-0.32418997394603566,0.8379050130269822,0.003948652274667674,0.9830508474576272,0.6666666666666666,1.0,0.3359073359073335,1.0617760617760488,,,,
follow_debit_24h,debit_spread_proxy,24,p80,0.8,delayed,oil_gas_energy,UNG,4,0.5,0.4245283018867923,0.21226415094339612,0.8490566037735845,1.7377049180327864,0.012331449706823594,0.9444444444444444,0.25,0.25,1.9732142857142785,1.1333333333333395,,,,
follow_debit_24h,debit_spread_proxy,24,p80,0.8,delayed,oil_gas_energy,USO,5,0.2,-0.6354625550660795,-0.43692157084227645,-2.1846078542113823,0.19458065680384884,0.02463799438080838,1.0,0.8,1.0,0.0770925110132145,1.4444444444444489,,,,
follow_debit_24h,debit_spread_proxy,24,p80,0.8,delayed,fed_inflation_rates,GLD,10,0.4,-0.05603005089125053,0.12076331803142434,1.2076331803142435,1.7196348554593437,0.006786966451156395,0.9833333333333333,0.4,0.5,0.8622786735854273,0.28382021306929217,,,,
follow_debit_24h,debit_spread_proxy,24,p80,0.8,delayed,fed_inflation_rates,QQQ,10,0.3,-0.03636363636367019,-0.021410065966707737,-0.21410065966707736,0.9294894798130039,0.003178452045930036,0.8816377171215881,0.3,0.3,1.3696969696968886,1.973678710062702,,,,
follow_debit_24h,debit_spread_proxy,24,p80,0.8,delayed,fed_inflation_rates,SLV,11,0.5454545454545454,0.03554502369668045,0.08557045488803522,0.9412750037683874,1.4936249377088686,0.02035928143712573,0.9838709677419355,0.6363636363636364,0.6363636363636364,0.3571428571428523,0.2058823529411774,,,,
follow_debit_24h,debit_spread_proxy,24,p80,0.8,delayed,fed_inflation_rates,SPY,11,0.36363636363636365,-0.43604651162791447,-0.2055689808994351,-2.261258789893786,0.5735224406309477,0.0033630798731471012,0.9838709677419355,0.6363636363636364,0.6363636363636364,0.3550000000000182,1.5959302325581697,,,,
follow_debit_24h,debit_spread_proxy,24,p80,0.8,delayed,fed_inflation_rates,UNG,11,0.6363636363636364,0.5781250000000027,0.22170811506420848,2.4387892657062933,1.742240211301917,0.02160664819944591,1.0,0.0,0.5454545454545454,0.9999999999999988,1.071428571428557,,,,
follow_debit_24h,debit_spread_proxy,24,p80,0.8,delayed,fed_inflation_rates,USO,7,0.2857142857142857,-0.1544117647058778,0.0011620434414572056,0.00813430409020044,1.006490674835582,0.01111532146014893,0.9491525423728814,0.5714285714285714,0.5714285714285714,0.48198198198197917,1.8666666666666643,,,,
follow_debit_24h,debit_spread_proxy,24,p80,0.8,delayed,immigration_border,GLD,35,0.5142857142857142,0.16397515527950202,0.09272878801023425,3.2455075803581988,1.282635127314365,0.008490411407965803,0.9830508474576272,0.3142857142857143,0.5142857142857142,0.9548872180450901,0.49860724233982623,,,,
follow_debit_24h,debit_spread_proxy,24,p80,0.8,delayed,immigration_border,QQQ,31,0.2903225806451613,-0.17499999999999288,-0.1761983073385806,-5.462147527495999,0.5654084813746113,0.0055414620103990675,1.0,0.3870967741935484,0.6451612903225806,0.844444444444447,1.0250000000000496,,,,
follow_debit_24h,debit_spread_proxy,24,p80,0.8,delayed,immigration_border,SLV,31,0.6451612903225806,0.35172413793103413,0.1895770403323391,5.876888250302512,1.6887623566133536,0.014190219303389373,0.9830508474576272,0.2903225806451613,0.4838709677419355,1.6521739130434299,0.6206896551724146,,,,
follow_debit_24h,debit_spread_proxy,24,p80,0.8,delayed,immigration_border,SPY,30,0.5666666666666667,0.02465994581138124,-0.10677658641239264,-3.2032975923717792,0.6998191926662906,0.004697844976330745,0.9830508474576272,0.36666666666666664,0.6,0.7093275488069354,0.9691935483870893,,,,
follow_debit_24h,debit_spread_proxy,24,p80,0.8,delayed,immigration_border,UNG,35,0.5428571428571428,0.548780487804877,0.09869564250558356,3.4543474876954248,1.2716004270777586,0.0277945619335348,1.0,0.3142857142857143,0.5714285714285714,0.743243243243244,0.6896551724137946,,,,
follow_debit_24h,debit_spread_proxy,24,p80,0.8,delayed,immigration_border,USO,22,0.3181818181818182,-0.27919690603513914,-0.1934668276439688,-4.256270208167313,0.5477761316378909,0.013944590488825459,0.9649122807017544,0.6363636363636364,0.7727272727272727,0.4468325791855162,1.0897435897435854,,,,
follow_debit_24h,debit_spread_proxy,24,p80,0.8,delayed,domestic_politics_attacks,GLD,87,0.5402298850574713,0.07017543859649948,0.010220215571920028,0.8891587547570424,1.0286751527475755,0.00786418400876232,0.9830508474576272,0.3218390804597701,0.6206896551724138,0.6868686868686874,0.8029197080291696,,,,
follow_debit_24h,debit_spread_proxy,24,p80,0.8,delayed,domestic_politics_attacks,QQQ,85,0.4470588235294118,-0.07502679528402892,-0.09284132491084063,-7.891512617421453,0.7445517106060122,0.005966993998908876,1.0,0.4235294117647059,0.611764705882353,0.7253886010363354,1.0166130760986067,,,,
follow_debit_24h,debit_spread_proxy,24,p80,0.8,delayed,domestic_politics_attacks,SLV,76,0.5921052631578947,0.24690703428773453,0.06059249407276335,4.605029549530014,1.193032637088235,0.015053879310344853,0.9830508474576272,0.34210526315789475,0.6578947368421053,0.7452172822699114,0.7666666666666635,,,,
follow_debit_24h,debit_spread_proxy,24,p80,0.8,delayed,domestic_politics_attacks,SPY,84,0.4880952380952381,-0.03678929765886733,-0.09640914387690007,-8.098368085659606,0.7625767230723404,0.005030432826819142,0.9836065573770492,0.39285714285714285,0.6666666666666666,0.8893219724438209,0.7879735835940198,,,,
follow_debit_24h,debit_spread_proxy,24,p80,0.8,delayed,domestic_politics_attacks,UNG,88,0.5909090909090909,0.6021505376344083,0.16732896408245782,14.724948839256289,1.4926004573096836,0.01649272960339765,1.0,0.2727272727272727,0.5568181818181818,0.8982125124131048,0.8330769230769253,,,,
follow_debit_24h,debit_spread_proxy,24,p80,0.8,delayed,domestic_politics_attacks,USO,56,0.4642857142857143,-0.1057291666666739,-0.08528550334532585,-4.775988187338248,0.7708399385436568,0.011647254575707255,0.9649122807017544,0.48214285714285715,0.6071428571428571,0.5185185185185228,0.7384072580645071,,,,
follow_debit_24h,debit_spread_proxy,24,p80,0.8,delayed,other,GLD,840,0.5214285714285715,0.06741573033708116,0.0289830912114309,24.345796617601955,1.0828110834125833,0.007011035306693447,0.9830508474576272,0.31785714285714284,0.5547619047619048,0.8297872340425833,0.7572815533980585,,,,
follow_debit_24h,debit_spread_proxy,24,p80,0.8,delayed,other,QQQ,811,0.3649815043156597,-0.20779220779220828,-0.1999887611369697,-162.19088528208243,0.5409108008539605,0.0055414620103990675,1.0,0.41800246609124536,0.623921085080148,0.7420289855072207,1.0250000000000496,,,,
follow_debit_24h,debit_spread_proxy,24,p80,0.8,delayed,other,SLV,749,0.5100133511348465,0.03554502369668045,-0.02017874931984809,-15.113883240566217,0.946175967956286,0.013427401001365413,0.9830508474576272,0.34979973297730305,0.6021361815754339,0.7397260273972454,0.7297297297297363,,,,
follow_debit_24h,debit_spread_proxy,24,p80,0.8,delayed,other,SPY,806,0.4218362282878412,-0.32903225806450787,-0.19206804215983098,-154.80684198082378,0.5714601745589393,0.004530969174306287,0.9830508474576272,0.43424317617866004,0.6327543424317618,0.6859213250517531,1.0617760617760488,,,,
follow_debit_24h,debit_spread_proxy,24,p80,0.8,delayed,other,UNG,874,0.5034324942791762,0.10470085470085205,0.016009881802116974,13.992636695050235,1.0406631558543291,0.020197241496335117,1.0,0.32608695652173914,0.5526315789473685,0.8490566037735817,0.961538461538459,,,,
follow_debit_24h,debit_spread_proxy,24,p80,0.8,delayed,other,USO,552,0.4257246376811594,-0.25892857142856657,-0.06983302983842815,-38.54783247081234,0.8194596549189808,0.012737999463663163,0.9649122807017544,0.45108695652173914,0.6123188405797102,0.5795278637770882,0.855844155844157,,,,
follow_debit_24h,debit_spread_proxy,24,p90,0.9,immediate,tariffs_trade,GLD,16,0.4375,-0.2786717752234937,-0.05386775453260169,-0.861884072521627,0.8652333495113614,0.006881369468392018,0.9588572990705304,0.375,0.625,0.5661357766572495,1.1330512060939517,,,,
follow_debit_24h,debit_spread_proxy,24,p90,0.9,immediate,tariffs_trade,QQQ,20,0.25,-0.8210445468509995,-0.3289692424202362,-6.5793848484047235,0.4318018673236207,0.008673437274719364,0.9516129032258065,0.5,0.75,0.4906733656733582,1.698488579844502,,,,
follow_debit_24h,debit_spread_proxy,24,p90,0.9,immediate,tariffs_trade,SLV,11,0.45454545454545453,-0.09959349593496117,-0.08494103006298168,-0.9343513306927984,0.8167792528095429,0.011247637051039705,0.9661016949152542,0.36363636363636365,0.45454545454545453,1.1481481481481584,1.5783132530120507,,,,
follow_debit_24h,debit_spread_proxy,24,p90,0.9,immediate,tariffs_trade,SPY,20,0.4,-0.3938902602451082,-0.12623740221646101,-2.52474804432922,0.7370635324717876,0.00791281217736911,0.9676662320730117,0.4,0.65,0.6320625918924772,1.4588643914225259,,,,
follow_debit_24h,debit_spread_proxy,24,p90,0.9,immediate,tariffs_trade,UNG,12,0.3333333333333333,-0.5934065934065971,-0.3405097106184092,-4.08611652742091,0.3566284211518278,0.022207368561250718,0.9441361916771753,0.75,0.8333333333333334,0.20116707616707638,1.6025852585258518,,,,
follow_debit_24h,debit_spread_proxy,24,p90,0.9,immediate,tariffs_trade,USO,11,0.36363636363636365,-0.5654101995565397,-0.30136787160956857,-3.3150465877052544,0.4065758603563736,0.013533834586466176,0.9375,0.5454545454545454,0.7272727272727273,0.4932432432432446,1.278169014084504,,,,
follow_debit_24h,debit_spread_proxy,24,p90,0.9,immediate,war_geopolitics,GLD,23,0.391304347826087,-0.7288135593220413,-0.21135961863402764,-4.861271228582636,0.6098800847139517,0.006146426798420812,0.9538461538461539,0.30434782608695654,0.5217391304347826,0.9264705882352782,1.2157894736841899,,,,
follow_debit_24h,debit_spread_proxy,24,p90,0.9,immediate,war_geopolitics,QQQ,21,0.38095238095238093,-0.23942652329749253,-0.13384535566214661,-2.810752468905079,0.6848538595817858,0.005603403548822161,0.9508196721311475,0.2857142857142857,0.5238095238095238,0.7976011994003123,0.9935965848452505,,,,
follow_debit_24h,debit_spread_proxy,24,p90,0.9,immediate,war_geopolitics,SLV,18,0.4444444444444444,-0.5530439481268015,-0.15141715708200973,-2.725508827476175,0.700693771186033,0.0166747327537925,0.9692307692307692,0.3333333333333333,0.4444444444444444,1.1059877038225097,1.5962257735464154,,,,
follow_debit_24h,debit_spread_proxy,24,p90,0.9,immediate,war_geopolitics,SPY,20,0.4,-0.21394638970605837,-0.08810989315341758,-1.7621978630683517,0.792919726551316,0.004485759522274979,0.9594130089899524,0.3,0.45,1.3599058769512704,1.386663162012844,,,,
follow_debit_24h,debit_spread_proxy,24,p90,0.9,immediate,war_geopolitics,UNG,16,0.375,-0.11363636363636492,-0.09203094188652639,-1.4724950701844222,0.7546894901164344,0.020144052829609127,0.944640605296343,0.4375,0.6875,0.5631578947368399,0.7504690431519714,,,,
follow_debit_24h,debit_spread_proxy,24,p90,0.9,immediate,war_geopolitics,USO,26,0.5,0.11482479784366251,0.04987762687791744,1.2968182988258534,1.1313344736658506,0.01148503161390746,0.9666574048346763,0.2692307692307692,0.5,0.9438205051412566,1.0463828314295665,,,,
follow_debit_24h,debit_spread_proxy,24,p90,0.9,immediate,oil_gas_energy,GLD,1,1.0,0.05314009661836425,0.05314009661836425,0.05314009661836425,inf,0.004862921981816926,0.9375,0.0,1.0,0.951690821256055,0.5797101449275327,,,,
follow_debit_24h,debit_spread_proxy,24,p90,0.9,immediate,oil_gas_energy,QQQ,5,0.8,0.864197530864181,0.46954732510287567,2.3477366255143783,3.3477366255143783,0.010103950103950154,0.9661016949152542,0.0,0.2,1.868475991649293,0.9457202505219221,,,,
follow_debit_24h,debit_spread_proxy,24,p90,0.9,immediate,oil_gas_energy,SLV,2,0.5,-0.07453416149068165,-0.07453416149068165,-0.1490683229813633,0.8509316770186367,0.012457684549797454,0.9614182692307692,0.5,0.5,1.0434782608695654,10.701213346815134,,,,
follow_debit_24h,debit_spread_proxy,24,p90,0.9,immediate,oil_gas_energy,SPY,5,0.6,0.5761124121779969,0.07302064757321196,0.3651032378660598,1.1825516189330298,0.005454361805999897,0.9692307692307692,0.0,0.4,2.302752293577906,1.6323185011709735,,,,
follow_debit_24h,debit_spread_proxy,24,p90,0.9,immediate,oil_gas_energy,UNG,3,0.0,-1.0,-1.0,-3.0,0.0,0.008970976253298346,0.9830508474576272,0.6666666666666666,0.6666666666666666,0.0,5.8823529411764115,,,,
follow_debit_24h,debit_spread_proxy,24,p90,0.9,immediate,oil_gas_energy,USO,4,0.75,1.0,0.7276785714285727,2.910714285714291,33.60000000000205,0.011862776606151315,0.9684485006518906,0.0,0.25,4.618468468468465,1.3690476190476089,,,,
follow_debit_24h,debit_spread_proxy,24,p90,0.9,immediate,fed_inflation_rates,GLD,7,0.7142857142857143,1.0,0.2957704821058868,2.0703933747412075,2.035196687370604,0.007403368217948403,0.9230769230769231,0.2857142857142857,0.2857142857142857,2.7956521739130324,0.8096590909091016,,,,
follow_debit_24h,debit_spread_proxy,24,p90,0.9,immediate,fed_inflation_rates,QQQ,2,0.5,-0.09081273042723782,-0.09081273042723782,-0.18162546085447565,0.27764959568733877,0.010001036962420384,0.9682219419924338,0.5,1.0,0.49819453480807196,1.1460529169377491,,,,
follow_debit_24h,debit_spread_proxy,24,p90,0.9,immediate,fed_inflation_rates,SLV,8,1.0,1.0,0.8093652037617565,6.474921630094052,inf,0.017704546813518518,0.9765508684863524,0.125,0.25,1.859069767441866,0.6330873025025929,,,,
follow_debit_24h,debit_spread_proxy,24,p90,0.9,immediate,fed_inflation_rates,SPY,2,0.5,0.19381319995651283,0.19381319995651283,0.38762639991302567,2.0279700115340655,0.00713128893844811,0.9682219419924338,0.5,0.5,0.757247346542773,1.1010467460125035,,,,
follow_debit_24h,debit_spread_proxy,24,p90,0.9,immediate,fed_inflation_rates,UNG,7,0.42857142857142855,-0.6744186046511625,-0.06783697286862198,-0.4748588100803538,0.8619747367794628,0.019028871391076008,0.9538461538461539,0.2857142857142857,0.42857142857142855,1.2413793103448354,1.4418604651162723,,,,
follow_debit_24h,debit_spread_proxy,24,p90,0.9,immediate,fed_inflation_rates,USO,4,0.75,1.0,0.5,2.0,3.0,0.010032054532433277,0.9282471626733921,0.0,0.0,6.1585011709601964,0.7002545968882619,,,,
follow_debit_24h,debit_spread_proxy,24,p90,0.9,immediate,immigration_border,GLD,11,0.18181818181818182,-1.0,-0.5192354114629585,-5.711589526092544,0.1690244190351532,0.005477564943584312,0.9508196721311475,0.36363636363636365,0.5454545454545454,0.9450292397660788,2.1209068010075462,,,,
follow_debit_24h,debit_spread_proxy,24,p90,0.9,immediate,immigration_border,QQQ,10,0.5,-0.06834045894773341,0.06126353993333389,0.6126353993333389,1.178675191525984,0.006059838179529098,0.9756742464304601,0.0,0.2,1.330521472392626,0.8324609037848164,,,,
follow_debit_24h,debit_spread_proxy,24,p90,0.9,immediate,immigration_border,SLV,6,0.5,-0.4018404907975461,-0.163748154769161,-0.982488928614966,0.672503690461678,0.017236105265163615,0.952116935483871,0.3333333333333333,0.8333333333333334,0.7020070694348467,2.478515324195287,,,,
follow_debit_24h,debit_spread_proxy,24,p90,0.9,immediate,immigration_border,SPY,8,0.125,-0.688010899182557,-0.5063500919179129,-4.050800735343303,0.19798840865022363,0.008044937860125834,0.9842431761786601,0.125,0.5,1.2758207171870097,1.1580096373133195,,,,
follow_debit_24h,debit_spread_proxy,24,p90,0.9,immediate,immigration_border,UNG,6,0.3333333333333333,-1.0,-0.4529914529914533,-2.71794871794872,0.32051282051282004,0.014167000542323616,0.9589512711864407,0.16666666666666666,0.3333333333333333,1.6439283986453765,2.2292452830188645,,,,
follow_debit_24h,debit_spread_proxy,24,p90,0.9,immediate,immigration_border,USO,13,0.3076923076923077,-0.34098360655737864,-0.33923400941632476,-4.4100421224122215,0.36642321834753844,0.011716919231370193,0.9333333333333333,0.3076923076923077,0.46153846153846156,1.0317460317460483,1.3818181818181854,,,,
follow_debit_24h,debit_spread_proxy,24,p90,0.9,immediate,domestic_politics_attacks,GLD,6,1.0,0.712426513230459,0.6745205442641833,4.0471232655851,inf,0.005614120736793293,0.9423182066703116,0.3333333333333333,0.6666666666666666,0.7166281939027241,0.4503986209868728,,,,
follow_debit_24h,debit_spread_proxy,24,p90,0.9,immediate,domestic_politics_attacks,QQQ,6,0.8333333333333334,0.6844262295082014,0.4106172345876493,2.463703407525896,3.463703407525896,0.00683767095099197,0.9307692307692308,0.0,0.16666666666666666,1.4730039608088696,0.7987127296732303,,,,
follow_debit_24h,debit_spread_proxy,24,p90,0.9,immediate,domestic_politics_attacks,SLV,8,0.25,-1.0,-0.5,-4.0,0.3333333333333333,0.013168947072152215,0.9527295285359803,0.5,0.5,1.1047803617570917,2.1336917562723894,,,,
follow_debit_24h,debit_spread_proxy,24,p90,0.9,immediate,domestic_politics_attacks,SPY,6,0.8333333333333334,0.8397683397683338,0.5304746563024684,3.1828479378148105,4.1828479378148105,0.00455415316052904,0.9384615384615385,0.16666666666666666,0.16666666666666666,1.6657498397778299,0.8233995584988969,,,,
follow_debit_24h,debit_spread_proxy,24,p90,0.9,immediate,domestic_politics_attacks,UNG,13,0.46153846153846156,-0.33333333333333137,-0.0709448160535108,-0.9222826086956404,0.846818113434634,0.015978695073235683,0.9538461538461539,0.3076923076923077,0.46153846153846156,1.3043478260869672,1.7499999999999982,,,,
follow_debit_24h,debit_spread_proxy,24,p90,0.9,immediate,domestic_politics_attacks,USO,8,0.625,0.9856115107913698,0.3401528776978424,2.7212230215827393,2.209432454036773,0.009195516120761416,0.9514993481095176,0.25,0.5,2.05704008221998,1.0542372881355924,,,,
follow_debit_24h,debit_spread_proxy,24,p90,0.9,immediate,other,GLD,135,0.5037037037037037,0.04128440366973924,-0.039132165117080356,-5.282842290805848,0.9048718657545352,0.006470630526997034,0.953125,0.32592592592592595,0.5111111111111111,0.9636363636362941,1.2000000000000206,,,,
follow_debit_24h,debit_spread_proxy,24,p90,0.9,immediate,other,QQQ,147,0.41496598639455784,-0.46956521739130824,-0.10878617328458672,-15.991567472834248,0.7700560137501972,0.006963649085396373,0.9538461538461539,0.2585034013605442,0.4557823129251701,1.104868913857712,1.1572327044025148,,,,
follow_debit_24h,debit_spread_proxy,24,p90,0.9,immediate,other,SLV,130,0.5769230769230769,0.3929002413515701,0.16089999376705494,20.916999189717142,1.5077794286197892,0.013237741185197494,0.951216287678477,0.26153846153846155,0.38461538461538464,1.4229249011857616,0.9257105943152479,,,,
follow_debit_24h,debit_spread_proxy,24,p90,0.9,immediate,other,SPY,160,0.4125,-0.47467369477911914,-0.11582791145534026,-18.53246583285444,0.7600760081840235,0.005449814496596428,0.9538461538461539,0.28125,0.41875,1.1589536516853287,1.1279478092783448,,,,
follow_debit_24h,debit_spread_proxy,24,p90,0.9,immediate,other,UNG,166,0.4759036144578313,-0.048303622771706745,-0.023843860230041022,-3.95808079818681,0.9440723170849208,0.0163837417419615,0.9523689516129032,0.2891566265060241,0.46987951807228917,1.0701970443349715,1.2163742690058497,,,,
follow_debit_24h,debit_spread_proxy,24,p90,0.9,immediate,other,USO,153,0.4444444444444444,-0.24074074074074042,-0.09149626787006593,-13.998928984120086,0.7971665878456328,0.01160365058670143,0.953125,0.3202614379084967,0.5163398692810458,0.9661016949152491,1.3421052631579242,,,,
follow_debit_24h,debit_spread_proxy,24,p90,0.9,delayed,tariffs_trade,GLD,19,0.5789473684210527,0.31335149863761497,0.20331036724875665,3.8628969777263764,2.1525121688540403,0.011721869111118055,0.9833333333333333,0.42105263157894735,0.6842105263157895,0.5510204081632539,0.3499999999999943,,,,
follow_debit_24h,debit_spread_proxy,24,p90,0.9,delayed,tariffs_trade,QQQ,22,0.2727272727272727,-0.16667637295439824,-0.25727429202035346,-5.660034424447776,0.36830355573718293,0.00823570080424052,1.0,0.5,0.9545454545454546,0.501506857046097,1.1790442418101987,,,,
follow_debit_24h,debit_spread_proxy,24,p90,0.9,delayed,tariffs_trade,SLV,25,0.48,-0.028985507246381437,0.07416009822145708,1.8540024555364272,1.239742430346645,0.014423076923076872,0.9830508474576272,0.44,0.6,0.7122302158273393,0.7297297297297363,,,,
follow_debit_24h,debit_spread_proxy,24,p90,0.9,delayed,tariffs_trade,SPY,20,0.4,-0.5899581589958125,-0.34138526659057755,-6.827705331811551,0.30282774921948785,0.007765026206366987,1.0,0.7,0.95,0.32904153406244796,1.3863319386331874,,,,
follow_debit_24h,debit_spread_proxy,24,p90,0.9,delayed,tariffs_trade,UNG,27,0.37037037037037035,-0.3921568627451003,-0.154654914580888,-4.175682693683976,0.6695705925432668,0.02300000000000002,1.0,0.2222222222222222,0.48148148148148145,1.0909090909090895,1.2500000000000044,,,,
follow_debit_24h,debit_spread_proxy,24,p90,0.9,delayed,tariffs_trade,USO,17,0.47058823529411764,-0.2994652406417117,-0.13000317498668265,-2.210053974773605,0.7168630322685989,0.014097142124823714,0.9649122807017544,0.47058823529411764,0.7647058823529411,0.5181818181818276,1.2453987730061349,,,,
follow_debit_24h,debit_spread_proxy,24,p90,0.9,delayed,war_geopolitics,GLD,68,0.38235294117647056,-0.10160427807486484,-0.09064288001074933,-6.163715840730954,0.7648838777504209,0.013279257486919271,0.9830508474576272,0.4411764705882353,0.6617647058823529,0.5988097684865726,0.34978522336769896,,,,
follow_debit_24h,debit_spread_proxy,24,p90,0.9,delayed,war_geopolitics,QQQ,76,0.40789473684210525,-0.10588235294116043,-0.07735449813451,-5.87894185822276,0.7683156903997873,0.008865450864503965,1.0,0.5657894736842105,0.7763157894736842,0.4187327823691415,0.9063829787233936,,,,
follow_debit_24h,debit_spread_proxy,24,p90,0.9,delayed,war_geopolitics,SLV,69,0.391304347826087,-0.603448275862061,-0.2484148495237424,-17.140624617138226,0.5122882046619434,0.017108352901710755,0.9830508474576272,0.5652173913043478,0.7246376811594203,0.47552447552448274,1.0952380952380996,,,,
follow_debit_24h,debit_spread_proxy,24,p90,0.9,delayed,war_geopolitics,SPY,71,0.5774647887323944,0.04091653027823269,-0.008737029219759777,-0.6203290746029442,0.9728766213198883,0.0059827527183216045,1.0,0.5492957746478874,0.6619718309859155,0.44105691056912416,0.9900000000000091,,,,
follow_debit_24h,debit_spread_proxy,24,p90,0.9,delayed,war_geopolitics,UNG,84,0.6071428571428571,0.848684210526313,0.21242942549584748,17.844071741651188,1.6262810528944032,0.017858462397403352,1.0,0.27380952380952384,0.4166666666666667,1.3093582887700563,0.8897435897435981,,,,
follow_debit_24h,debit_spread_proxy,24,p90,0.9,delayed,war_geopolitics,USO,60,0.35,-0.2994652406417117,-0.17253936979265969,-10.352362187559581,0.6011556093048454,0.02463799438080838,1.0,0.5833333333333334,0.7833333333333333,0.44230769230768363,0.7929515418502194,,,,
follow_debit_24h,debit_spread_proxy,24,p90,0.9,delayed,oil_gas_energy,GLD,3,0.6666666666666666,1.0,0.3333333333333333,1.0,2.0,0.006273181006456241,0.9491525423728814,0.0,0.3333333333333333,2.028735632183882,0.07956318252730007,,,,
follow_debit_24h,debit_spread_proxy,24,p90,0.9,delayed,oil_gas_energy,QQQ,5,0.4,-0.10588235294116043,0.015570556091293231,0.07785278045646615,1.0642474401825222,0.007267441860465018,1.0,0.6,1.0,0.13075506445670615,0.8917647058823444,,,,
follow_debit_24h,debit_spread_proxy,24,p90,0.9,delayed,oil_gas_energy,SLV,4,0.25,-0.603448275862061,-0.3017241379310305,-1.206896551724122,0.4531250000000033,0.011120325633641237,0.9661016949152543,0.75,0.75,0.3929346515553389,1.6724137931034513,,,,
follow_debit_24h,debit_spread_proxy,24,p90,0.9,delayed,oil_gas_energy,SPY,5,0.8,0.3359073359073335,0.13516200521079286,0.6758100260539643,1.6758100260539643,0.003948652274667674,0.9830508474576272,0.6,1.0,0.3359073359073335,1.0617760617760488,,,,
follow_debit_24h,debit_spread_proxy,24,p90,0.9,delayed,oil_gas_energy,UNG,4,0.5,0.4245283018867923,0.21226415094339612,0.8490566037735845,1.7377049180327864,0.012331449706823594,0.9444444444444444,0.25,0.25,1.9732142857142785,1.1333333333333395,,,,
follow_debit_24h,debit_spread_proxy,24,p90,0.9,delayed,oil_gas_energy,USO,5,0.2,-0.6354625550660795,-0.43692157084227645,-2.1846078542113823,0.19458065680384884,0.02463799438080838,1.0,0.8,1.0,0.0770925110132145,1.4444444444444489,,,,
follow_debit_24h,debit_spread_proxy,24,p90,0.9,delayed,fed_inflation_rates,GLD,10,0.4,-0.05603005089125053,0.12076331803142434,1.2076331803142435,1.7196348554593437,0.006786966451156395,0.9833333333333333,0.4,0.5,0.8622786735854273,0.28382021306929217,,,,
follow_debit_24h,debit_spread_proxy,24,p90,0.9,delayed,fed_inflation_rates,QQQ,4,0.25,-0.4842606232724839,-0.28654655529106654,-1.1461862211642662,0.4177425195811401,0.007358211583446683,1.0,0.75,0.75,0.0878721887868381,1.803886204019174,,,,
follow_debit_24h,debit_spread_proxy,24,p90,0.9,delayed,fed_inflation_rates,SLV,10,0.6,0.0934027639491767,0.19412750037683874,1.9412750037683875,3.140649193344573,0.02035928143712573,0.9838709677419355,0.6,0.6,0.40350367789391817,0.2058823529411774,,,,
follow_debit_24h,debit_spread_proxy,24,p90,0.9,delayed,fed_inflation_rates,SPY,11,0.36363636363636365,-0.43604651162791447,-0.2055689808994351,-2.261258789893786,0.5735224406309477,0.0033630798731471012,0.9838709677419355,0.6363636363636364,0.6363636363636364,0.3550000000000182,1.5959302325581697,,,,
follow_debit_24h,debit_spread_proxy,24,p90,0.9,delayed,fed_inflation_rates,UNG,11,0.6363636363636364,0.5781250000000027,0.22170811506420848,2.4387892657062933,1.742240211301917,0.02160664819944591,1.0,0.0,0.5454545454545454,0.9999999999999988,1.071428571428557,,,,
follow_debit_24h,debit_spread_proxy,24,p90,0.9,delayed,fed_inflation_rates,USO,4,0.5,0.09689803439803604,0.25984607602254856,1.0393843040901942,5.682347196223728,0.018136955434201907,0.9830508474576272,0.25,0.25,1.4117647058823608,0.29855590885002736,,,,
follow_debit_24h,debit_spread_proxy,24,p90,0.9,delayed,immigration_border,GLD,27,0.5555555555555556,0.17202268431001222,0.19098286410183732,5.156537330749607,1.7345893392546405,0.01453595471748681,0.9830508474576272,0.37037037037037035,0.5555555555555556,0.6767485822306182,0.30526315789473213,,,,
follow_debit_24h,debit_spread_proxy,24,p90,0.9,delayed,immigration_border,QQQ,25,0.32,-0.13498622589531947,-0.12178893140287105,-3.0447232850717763,0.6746082212310379,0.006629047279899103,1.0,0.48,0.8,0.6084656084656008,1.0222222222222146,,,,
follow_debit_24h,debit_spread_proxy,24,p90,0.9,delayed,immigration_border,SLV,24,0.625,0.3140734510793372,0.0908848365162264,2.1812360763894336,1.301768107951181,0.017876056123216022,0.9830508474576272,0.375,0.625,0.9628146453089277,0.6176470588235322,,,,
follow_debit_24h,debit_spread_proxy,24,p90,0.9,delayed,immigration_border,SPY,23,0.6086956521739131,0.04091653027823269,-0.01308294964802216,-0.3009078419045097,0.9552409639608103,0.0059827527183216045,1.0,0.4782608695652174,0.7391304347826086,0.5313351498637311,0.8369304556355021,,,,
follow_debit_24h,debit_spread_proxy,24,p90,0.9,delayed,immigration_border,UNG,32,0.5625,0.548780487804877,0.139198358990482,4.454347487695424,1.4155760022777413,0.030532767943799943,1.0,0.28125,0.5625,0.8716216216216214,0.5837049742710128,,,,
follow_debit_24h,debit_spread_proxy,24,p90,0.9,delayed,immigration_border,USO,19,0.3684210526315789,-0.1333333333333523,-0.10065895832459555,-1.9125202081673154,0.7294158226209696,0.014319151865620272,0.9649122807017544,0.5789473684210527,0.7368421052631579,0.4705882352941141,1.0714285714285832,,,,
follow_debit_24h,debit_spread_proxy,24,p90,0.9,delayed,domestic_politics_attacks,GLD,60,0.6166666666666667,0.15245089810307313,0.14149236423317255,8.489541853990353,1.5303730194703655,0.01346648509608106,0.9833333333333333,0.31666666666666665,0.65,0.5749408633944442,0.37987781596028103,,,,
follow_debit_24h,debit_spread_proxy,24,p90,0.9,delayed,domestic_politics_attacks,QQQ,67,0.4626865671641791,-0.034146341463384335,-0.05517840346163366,-3.6969530319294552,0.8283903099148148,0.009316126150557547,1.0,0.47761194029850745,0.6417910447761194,0.5370018975331833,0.7071005917159733,,,,
follow_debit_24h,debit_spread_proxy,24,p90,0.9,delayed,domestic_politics_attacks,SLV,62,0.5161290322580645,0.03554502369668045,-0.033303462463610094,-2.0648146727438257,0.9096607206922017,0.017108352901710755,0.9830508474576272,0.3225806451612903,0.6612903225806451,0.7720469255663507,0.6209831254585472,,,,
follow_debit_24h,debit_spread_proxy,24,p90,0.9,delayed,domestic_politics_attacks,SPY,66,0.4696969696969697,-0.07357859531773465,-0.14616353074358332,-9.646793029076498,0.6397854121210111,0.0072428291671465805,1.0,0.45454545454545453,0.7878787878787878,0.6054219707685244,0.7142675982882261,,,,
follow_debit_24h,debit_spread_proxy,24,p90,0.9,delayed,domestic_politics_attacks,UNG,81,0.6049382716049383,0.6021505376344083,0.20339443011427494,16.47494883925627,1.6362881665650086,0.01866666666666661,1.0,0.25925925925925924,0.5679012345679012,0.8490566037735817,0.7352941176470591,,,,
follow_debit_24h,debit_spread_proxy,24,p90,0.9,delayed,domestic_politics_attacks,USO,43,0.5581395348837209,0.04367816091953962,0.10223744075898938,4.396209952636544,1.4015622571627198,0.014733969986357454,0.9649122807017544,0.4883720930232558,0.627906976744186,0.5185185185185228,0.5775401069518693,,,,
follow_debit_24h,debit_spread_proxy,24,p90,0.9,delayed,other,GLD,591,0.583756345177665,0.17202268431001222,0.1255407313618418,74.1945722348485,1.4456845317327818,0.011721869111118055,0.9830508474576272,0.3333333333333333,0.5888324873096447,0.7299270072992828,0.3250000000000011,,,,
follow_debit_24h,debit_spread_proxy,24,p90,0.9,delayed,other,QQQ,648,0.35802469135802467,-0.21693121693120165,-0.2219462361726092,-143.82116103985075,0.4902433944934301,0.006709833330450277,1.0,0.47530864197530864,0.7129629629629629,0.6084656084656008,0.8958547116110593,,,,
follow_debit_24h,debit_spread_proxy,24,p90,0.9,delayed,other,SLV,621,0.5056360708534622,0.012711864406780146,-0.03464728388733883,-21.515963294037412,0.9091059054198659,0.015625,0.9830508474576272,0.3752012882447665,0.6280193236714976,0.7380073800737986,0.6199999999999903,,,,
follow_debit_24h,debit_spread_proxy,24,p90,0.9,delayed,other,SPY,611,0.41734860883797054,-0.32903225806450787,-0.19442601923101274,-118.79429775014879,0.5440247143981638,0.0059827527183216045,1.0,0.4877250409165303,0.7152209492635024,0.5096525096524788,0.9414316702819752,,,,
follow_debit_24h,debit_spread_proxy,24,p90,0.9,delayed,other,UNG,805,0.5093167701863354,0.15384615384614964,0.02856228160875813,22.992636695050294,1.075358283975775,0.02376811594202899,1.0,0.3142857142857143,0.5577639751552795,0.8490566037735817,0.8888888888888882,,,,
follow_debit_24h,debit_spread_proxy,24,p90,0.9,delayed,other,USO,435,0.4160919540229885,-0.25892857142856657,-0.06697105329724592,-29.13240818430198,0.8210816338617009,0.015108451757666508,0.9672131147540983,0.5103448275862069,0.6827586206896552,0.48198198198197917,0.7929515418502194,,,,
long_straddle_24h,long_vol_proxy,24,all,0.0,immediate,tariffs_trade,GLD,95,0.8315789473684211,3.3181818181818796,2.695267036180543,256.0503684371516,27.675601825236296,0.0014781774331578124,0.5692307692307692,0.17894736842105263,0.28421052631578947,4.25333333333333,3.8022388059701386,,,,
long_straddle_24h,long_vol_proxy,24,all,0.0,immediate,tariffs_trade,QQQ,95,0.8421052631578947,3.3949275362318767,2.7963635104348112,265.65453349130706,33.64850966698445,0.0020180194871376456,0.6307692307692307,0.22105263157894736,0.30526315789473685,4.072164948454017,2.171874999999921,,,,
long_straddle_24h,long_vol_proxy,24,all,0.0,immediate,tariffs_trade,SLV,93,0.7956989247311828,3.0000000000007105,2.699895265225136,251.09025966593762,31.236250523471224,0.0024227740763174133,0.4838709677419355,0.20430107526881722,0.3010752688172043,3.333333333333136,3.268656716417899,,,,
long_straddle_24h,long_vol_proxy,24,all,0.0,immediate,tariffs_trade,SPY,95,0.8315789473684211,3.600000000004547,2.8669100306965425,272.3564529161715,34.15393392147434,0.0016038874420376548,0.6721311475409836,0.21052631578947367,0.3157894736842105,3.2845528455283772,2.6918604651162337,,,,
long_straddle_24h,long_vol_proxy,24,all,0.0,immediate,tariffs_trade,UNG,91,0.8131868131868132,2.739130434782599,2.661854188357172,242.22873114050265,28.388936127930712,0.004773269689737347,0.5901639344262295,0.2087912087912088,0.2857142857142857,2.769230769230786,2.884615384615387,,,,
long_straddle_24h,long_vol_proxy,24,all,0.0,immediate,tariffs_trade,USO,90,0.8333333333333334,2.794865403788647,2.6201602620894455,235.8144235880501,29.39964735835087,0.0031529816916597286,0.6229508196721312,0.16666666666666666,0.28888888888888886,2.434098639455821,3.17152961980544,,,,
long_straddle_24h,long_vol_proxy,24,all,0.0,immediate,war_geopolitics,GLD,157,0.8152866242038217,3.749999999999921,2.817690204999442,442.3773621849124,28.12768884065187,0.0013443504492096636,0.49230769230769234,0.15286624203821655,0.28662420382165604,4.000000000000406,4.461538461538342,,,,
long_straddle_24h,long_vol_proxy,24,all,0.0,immediate,war_geopolitics,QQQ,158,0.7911392405063291,2.514150943396322,2.531941666923324,400.04678337388515,22.073896456367233,0.0015332087609912226,0.5083356487913309,0.10759493670886076,0.21518987341772153,3.706685251420346,3.25815608507921,,,,
long_straddle_24h,long_vol_proxy,24,all,0.0,immediate,war_geopolitics,SLV,153,0.8300653594771242,3.8965517241379395,2.842283373718943,434.86935617899826,39.81730802326971,0.0030092592592592116,0.5692307692307692,0.1830065359477124,0.29411764705882354,2.818181818181789,3.5999999999999432,,,,
long_straddle_24h,long_vol_proxy,24,all,0.0,immediate,war_geopolitics,SPY,158,0.8227848101265823,3.0226235230935523,2.7246239039741167,430.49057682791044,28.780737036285842,0.0013033429239512895,0.5715006305170239,0.10759493670886076,0.17721518987341772,3.605263157896898,3.3208208831340507,,,,
long_straddle_24h,long_vol_proxy,24,all,0.0,immediate,war_geopolitics,UNG,149,0.8523489932885906,3.6190476190475946,2.930912105628606,436.7059037386623,34.15276037057706,0.004129793510324609,0.5384615384615384,0.18120805369127516,0.2751677852348993,2.799999999999936,3.777777777777782,,,,
long_straddle_24h,long_vol_proxy,24,all,0.0,immediate,war_geopolitics,USO,152,0.8486842105263158,2.9166666666665586,2.727691400003531,414.6090928005367,34.385969303747345,0.0035556972312932866,0.6350567465321564,0.20394736842105263,0.2894736842105263,3.21090909090911,3.194124423963149,,,,
long_straddle_24h,long_vol_proxy,24,all,0.0,immediate,oil_gas_energy,GLD,23,0.782608695652174,5.0,3.268594948389399,75.17768381295618,24.7390749314316,0.0010498815831236907,0.38461538461538464,0.13043478260869565,0.2608695652173913,3.405405405405339,8.347826086956385,,,,
long_straddle_24h,long_vol_proxy,24,all,0.0,immediate,oil_gas_energy,QQQ,23,0.8260869565217391,4.376884422110522,2.897670319988765,66.64641735974159,45.15073043996564,0.0010894991508316743,0.43548387096774194,0.21739130434782608,0.34782608695652173,3.079681274900371,4.212264150943364,,,,
long_straddle_24h,long_vol_proxy,24,all,0.0,immediate,oil_gas_energy,SLV,24,0.7916666666666666,5.0,3.342625588672235,80.22301412813364,74.96624234414362,0.0015431483169972005,0.4587641866330391,0.20833333333333334,0.2916666666666667,4.357142857142892,7.7857142857143415,,,,
long_straddle_24h,long_vol_proxy,24,all,0.0,immediate,oil_gas_energy,SPY,24,0.875,3.0436963267663635,2.775922024608731,66.62212859060955,67.2922911441167,0.0013682420137902662,0.6299007444168734,0.20833333333333334,0.375,2.4656618610751124,4.003000295803819,,,,
long_straddle_24h,long_vol_proxy,24,all,0.0,immediate,oil_gas_energy,UNG,23,0.8695652173913043,3.8235294117646594,3.0243255484438696,69.559487614209,27.143163130172557,0.005123825789923098,0.7538461538461538,0.17391304347826086,0.21739130434782608,3.3846153846153606,4.444444444444455,,,,
long_straddle_24h,long_vol_proxy,24,all,0.0,immediate,oil_gas_energy,USO,24,0.75,1.535040983606531,1.9783447382467798,47.480273717922714,13.108611618902854,0.003890474203133154,0.7,0.20833333333333334,0.375,2.421296296296333,2.414285714285665,,,,
long_straddle_24h,long_vol_proxy,24,all,0.0,immediate,fed_inflation_rates,GLD,46,0.8043478260869565,2.1917771883288304,2.421282741510368,111.37900610947693,19.809214765350514,0.001696297825338866,0.5156368221941993,0.15217391304347827,0.21739130434782608,3.4796650717700635,2.07601038190586,,,,
long_straddle_24h,long_vol_proxy,24,all,0.0,immediate,fed_inflation_rates,QQQ,46,0.8260869565217391,2.7087268215344587,2.573737336464491,118.39191747736658,18.33394514379949,0.001322994577975023,0.5242503259452412,0.13043478260869565,0.1956521739130435,3.5419856459330727,1.870180475799855,,,,
long_straddle_24h,long_vol_proxy,24,all,0.0,immediate,fed_inflation_rates,SLV,44,0.8181818181818182,3.874999999999667,2.9160121350694777,128.304533943057,30.309206547104306,0.004016064257028051,0.5556116015132408,0.11363636363636363,0.22727272727272727,4.041666666666705,1.843445692883886,,,,
long_straddle_24h,long_vol_proxy,24,all,0.0,immediate,fed_inflation_rates,SPY,46,0.8260869565217391,2.784426229508149,2.397544072917351,110.28702735419814,25.97341229001476,0.0011246996100329198,0.5752986940816893,0.17391304347826086,0.21739130434782608,3.4625668449196887,1.5362566629789989,,,,
long_straddle_24h,long_vol_proxy,24,all,0.0,immediate,fed_inflation_rates,UNG,45,0.7333333333333333,1.6315789473684035,1.9764983238226146,88.94242457201766,20.182915264715326,0.005405405405405239,0.5409836065573771,0.1111111111111111,0.2,2.666666666666568,3.3999999999999857,,,,
long_straddle_24h,long_vol_proxy,24,all,0.0,immediate,fed_inflation_rates,USO,43,0.9302325581395349,5.0,3.58144525340595,154.00214589645586,232.23726465905455,0.002192982456140413,0.47540983606557374,0.09302325581395349,0.16279069767441862,5.071428571428608,4.830188679245277,,,,
long_straddle_24h,long_vol_proxy,24,all,0.0,immediate,immigration_border,GLD,83,0.8554216867469879,3.399999999998787,2.7208551843906315,225.8309803044224,34.72446657574811,0.0016239158516331287,0.5833333333333334,0.12048192771084337,0.25301204819277107,3.4285714285714026,3.099999999999905,,,,
long_straddle_24h,long_vol_proxy,24,all,0.0,immediate,immigration_border,QQQ,84,0.8690476190476191,3.2125052366987683,2.9331776122861037,246.38691943203273,43.34349383602166,0.0014104259057358126,0.5353598014888337,0.10714285714285714,0.21428571428571427,2.276341305753017,2.9682121476677352,,,,
long_straddle_24h,long_vol_proxy,24,all,0.0,immediate,immigration_border,SLV,82,0.8414634146341463,3.126984126984127,2.8563041519912318,234.216940463281,33.913135089833155,0.0021183060730423087,0.5125706214689265,0.17073170731707318,0.3170731707317073,2.480769230769009,5.875000000000067,,,,
long_straddle_24h,long_vol_proxy,24,all,0.0,immediate,immigration_border,SPY,83,0.8674698795180723,3.1181818181821335,2.781666402390932,230.87831139844738,32.8827298002992,0.0012627591286962225,0.5483870967741935,0.1927710843373494,0.3493975903614458,2.2545454545451915,3.301886792452764,,,,
long_straddle_24h,long_vol_proxy,24,all,0.0,immediate,immigration_border,UNG,80,0.875,3.583333333333407,2.9781501479055223,238.25201183244178,38.970954645179916,0.003626656848306431,0.5169491525423728,0.2125,0.3125,3.061538461538454,4.212121212121167,,,,
long_straddle_24h,long_vol_proxy,24,all,0.0,immediate,immigration_border,USO,81,0.8518518518518519,5.0,3.1588254797669233,255.8648638611208,38.819191115775304,0.0023041474654377225,0.5573770491803278,0.19753086419753085,0.3333333333333333,2.090909090909138,5.142857142857114,,,,
long_straddle_24h,long_vol_proxy,24,all,0.0,immediate,domestic_politics_attacks,GLD,93,0.8387096774193549,5.0,3.2205913615798716,299.51499662692805,51.33580829321694,0.0008862025086348035,0.3770491803278688,0.12903225806451613,0.23655913978494625,4.444444444445743,6.181818181818816,,,,
long_straddle_24h,long_vol_proxy,24,all,0.0,immediate,domestic_politics_attacks,QQQ,95,0.8526315789473684,4.115384615384952,3.110507135926531,295.49817791302047,44.86065494751106,0.0013353084771224877,0.53125,0.17894736842105263,0.24210526315789474,3.8188976377953483,3.49374999999997,,,,
long_straddle_24h,long_vol_proxy,24,all,0.0,immediate,domestic_politics_attacks,SLV,93,0.9032258064516129,5.0,3.436907940580495,319.63243847398604,76.47760067126904,0.0020366598778003286,0.4576271186440678,0.16129032258064516,0.26881720430107525,3.3999999999999146,4.636363636363642,,,,
long_straddle_24h,long_vol_proxy,24,all,0.0,immediate,domestic_politics_attacks,SPY,93,0.8279569892473119,4.076923076923884,2.933286706762869,272.7956637289468,35.345441501068734,0.0009284028324154647,0.47540983606557374,0.16129032258064516,0.22580645161290322,3.5666666666656437,3.6025641025637793,,,,
long_straddle_24h,long_vol_proxy,24,all,0.0,immediate,domestic_politics_attacks,UNG,89,0.8539325842696629,3.6428571428571264,2.76888090147206,246.43040023101332,31.845508954984297,0.005029337803855949,0.5230769230769231,0.24719101123595505,0.3146067415730337,2.600000000000007,3.363636363636374,,,,
long_straddle_24h,long_vol_proxy,24,all,0.0,immediate,domestic_politics_attacks,USO,91,0.8131868131868132,2.7499999999998814,2.6886102550731277,244.66353321165462,38.31228248971702,0.0027440219521757125,0.5932203389830508,0.1978021978021978,0.26373626373626374,3.2368421052632073,3.3571428571428354,,,,
long_straddle_24h,long_vol_proxy,24,all,0.0,immediate,other,GLD,1349,0.8450704225352113,4.681818181817477,3.1159388907781773,4203.401563659761,37.986232159447475,0.001302545885139228,0.5081967213114754,0.1697553743513714,0.2446256486286138,3.7999999999999545,3.852631578947381,,,,
long_straddle_24h,long_vol_proxy,24,all,0.0,immediate,other,QQQ,1351,0.851221317542561,3.8345323741003092,2.9766421164566723,4021.443499332964,41.396943869662586,0.001191737288135597,0.5084745762711864,0.14433752775721687,0.22723908216136196,3.722222222223345,3.885714285714072,,,,
long_straddle_24h,long_vol_proxy,24,all,0.0,immediate,other,SLV,1287,0.8562548562548562,4.625000000000111,3.113186400144301,4006.6708969857154,41.00675606250305,0.0021651716671822197,0.515625,0.1655011655011655,0.2602952602952603,3.615384615384733,3.578947368421094,,,,
long_straddle_24h,long_vol_proxy,24,all,0.0,immediate,other,SPY,1351,0.840858623242043,3.4285714285713924,2.889830817529494,3904.161434482346,37.31119318215245,0.0009158840461722662,0.5084745762711864,0.15025906735751296,0.20799407846039972,3.5319148936167486,3.666666666666486,,,,
long_straddle_24h,long_vol_proxy,24,all,0.0,immediate,other,UNG,1283,0.8355416991426344,3.285714285714387,2.8293585752149615,3630.0670520007957,36.04025994378301,0.00465425531914887,0.5901639344262295,0.16991426344505067,0.2626656274356976,3.0681818181818374,3.1999999999999575,,,,
long_straddle_24h,long_vol_proxy,24,all,0.0,immediate,other,USO,1310,0.8526717557251908,3.9226190476191825,2.924206785439028,3830.7108889251267,38.558132688253,0.0023881942956319735,0.5333333333333333,0.16412213740458015,0.24961832061068703,3.2418906394810327,3.1972222222222113,,,,
long_straddle_24h,long_vol_proxy,24,all,0.0,delayed,tariffs_trade,GLD,38,0.5,0.00033794854989149803,0.797328896496054,30.29849806685005,3.9594265580325776,0.005540163146018906,0.923728813559322,0.3684210526315789,0.631578947368421,0.8013333333333275,1.2208258527827582,,,,
long_straddle_24h,long_vol_proxy,24,all,0.0,delayed,tariffs_trade,QQQ,38,0.5789473684210527,0.3766718229414219,1.4197141447563297,53.94913750074053,6.424211824658656,0.004044493318416942,0.926857887874837,0.34210526315789475,0.6842105263157895,0.7347916317289531,1.441795231416547,,,,
long_straddle_24h,long_vol_proxy,24,all,0.0,delayed,tariffs_trade,SLV,38,0.5526315789473685,0.3748615725359923,0.6607125859627176,25.10707826658327,4.127748761768764,0.009629936979488662,0.950382722799344,0.42105263157894735,0.6052631578947368,0.8642857142857139,1.0724637681159483,,,,
long_straddle_24h,long_vol_proxy,24,all,0.0,delayed,tariffs_trade,SPY,38,0.5526315789473685,0.9759259259258758,1.6118595446270185,61.250662695826705,7.394575762260768,0.002903471100691335,0.9153846153846155,0.4473684210526316,0.631578947368421,0.6927590124987123,1.6715723654110766,,,,
long_straddle_24h,long_vol_proxy,24,all,0.0,delayed,tariffs_trade,UNG,38,0.6578947368421053,0.8976190476190408,1.522370752074905,57.85008857884639,10.40437362276888,0.012648624490729843,0.9814814814814815,0.15789473684210525,0.34210526315789475,1.5050000000000017,2.105454545454548,,,,
long_straddle_24h,long_vol_proxy,24,all,0.0,delayed,tariffs_trade,USO,37,0.7297297297297297,0.6000000000000325,1.043219428085382,38.59911883915913,8.123372942033203,0.008107352530053014,0.8852459016393442,0.32432432432432434,0.5945945945945946,0.830188679245277,2.400000000000013,,,,
long_straddle_24h,long_vol_proxy,24,all,0.0,delayed,war_geopolitics,GLD,107,0.6074766355140186,0.13484848484848233,0.9629500571367166,103.03565611362868,5.160158032091314,0.006273181006456241,0.9491525423728814,0.34579439252336447,0.5046728971962616,0.9068322981366256,0.8917197452229233,,,,
long_straddle_24h,long_vol_proxy,24,all,0.0,delayed,war_geopolitics,QQQ,107,0.40186915887850466,-0.2574750830564716,0.52690544496294,56.37888261103458,2.52291180269972,0.0061520887728461204,1.0,0.4392523364485981,0.5981308411214953,0.7233146067415693,1.0250000000000496,,,,
long_straddle_24h,long_vol_proxy,24,all,0.0,delayed,war_geopolitics,SLV,106,0.5283018867924528,0.16148648648647612,0.9154421518085741,97.03686809170885,5.210911499349561,0.011230201060733802,0.9588572990705304,0.4716981132075472,0.6698113207547169,0.5714285714286101,1.623655913978495,,,,
long_straddle_24h,long_vol_proxy,24,all,0.0,delayed,war_geopolitics,SPY,107,0.4953271028037383,-0.005964214711724258,0.6427026567553883,68.76918427282655,2.982677671473916,0.004016803628512644,0.9830508474576272,0.4205607476635514,0.5514018691588785,0.8872180451127171,1.2976190476190765,,,,
long_straddle_24h,long_vol_proxy,24,all,0.0,delayed,war_geopolitics,UNG,106,0.7830188679245284,1.195652173913039,1.863173489609202,197.49638989857542,20.905502287010187,0.011009018659410008,0.9814814814814815,0.2169811320754717,0.330188679245283,2.0097402597402554,0.961538461538459,,,,
long_straddle_24h,long_vol_proxy,24,all,0.0,delayed,war_geopolitics,USO,107,0.616822429906542,0.2727272727272845,1.1998365469603942,128.38251052476218,7.635371586468074,0.011279127416956025,0.9508196721311475,0.38317757009345793,0.5233644859813084,0.8980392156862752,1.4848484848484562,,,,
long_straddle_24h,long_vol_proxy,24,all,0.0,delayed,oil_gas_energy,GLD,7,0.5714285714285714,0.9817518248175552,1.0592005213285398,7.4144036492997785,11.512587482537326,0.004746504106656557,0.8983050847457628,0.2857142857142857,0.5714285714285714,0.7299270072992828,2.0656934306569585,,,,
long_straddle_24h,long_vol_proxy,24,all,0.0,delayed,oil_gas_energy,QQQ,7,0.42857142857142855,-0.33333333333333337,0.6571969567000596,4.6003786969004175,2.841169418779518,0.007267441860465018,1.0,0.42857142857142855,0.8571428571428571,0.7645305514157925,0.8917647058823444,,,,
long_straddle_24h,long_vol_proxy,24,all,0.0,delayed,oil_gas_energy,SLV,7,0.42857142857142855,-0.1666666666666864,0.5824311365349375,4.077017955744562,3.839226912576786,0.00881325026591706,0.9491525423728814,0.42857142857142855,0.5714285714285714,0.5714285714286101,1.6724137931034513,,,,
long_straddle_24h,long_vol_proxy,24,all,0.0,delayed,oil_gas_energy,SPY,7,0.42857142857142855,-0.4838095238095169,0.8207531254068394,5.745271877847876,3.471945900400512,0.003948652274667674,0.9830508474576272,0.5714285714285714,0.8571428571428571,0.3359073359073335,1.0617760617760488,,,,
long_straddle_24h,long_vol_proxy,24,all,0.0,delayed,oil_gas_energy,UNG,7,0.8571428571428571,5.0,3.192481709664995,22.347371967654965,27.320238095238082,0.00742804085422466,0.9074074074074074,0.14285714285714285,0.14285714285714285,6.733333333333407,1.3333333333333333,,,,
long_straddle_24h,long_vol_proxy,24,all,0.0,delayed,oil_gas_energy,USO,7,0.5714285714285714,0.13742690058479434,1.2164310301337877,8.515017210936515,5.838527200874249,0.014733969986357454,0.9649122807017544,0.5714285714285714,0.7142857142857143,0.42307692307691835,1.7368421052631575,,,,
long_straddle_24h,long_vol_proxy,24,all,0.0,delayed,fed_inflation_rates,GLD,12,0.16666666666666666,-0.5118483412322166,-0.06322935173662239,-0.7587522208394687,0.8697673297158717,0.006786966451156395,0.9831920903954803,0.3333333333333333,0.4166666666666667,1.184591975893138,0.48131539611360163,,,,
long_straddle_24h,long_vol_proxy,24,all,0.0,delayed,fed_inflation_rates,QQQ,12,0.4166666666666667,-0.07623892022560436,0.9270910717739822,11.125092861287786,3.686422818775839,0.0031193284936480437,0.8709677419354839,0.25,0.4166666666666667,1.3696969696968886,2.647208121827411,,,,
long_straddle_24h,long_vol_proxy,24,all,0.0,delayed,fed_inflation_rates,SLV,12,0.16666666666666666,-0.6951219512195133,0.011841439013167856,0.14209726815801427,1.0227537677177851,0.02035928143712573,0.9838709677419355,0.5833333333333334,0.5833333333333334,0.40350367789391817,0.28659046557011447,,,,
long_straddle_24h,long_vol_proxy,24,all,0.0,delayed,fed_inflation_rates,SPY,12,0.5833333333333334,0.17538163590791456,0.8029957486409834,9.6359489836918,4.6267527672436675,0.0031856187944933056,0.9673453199365415,0.5833333333333334,0.5833333333333334,0.42043785310736004,1.5959302325581697,,,,
long_straddle_24h,long_vol_proxy,24,all,0.0,delayed,fed_inflation_rates,UNG,12,0.5833333333333334,0.441644562334214,0.6925249433143446,8.310299319772135,5.176486991825213,0.02160664819944591,1.0,0.0,0.5,1.007812500000002,1.1746031746031695,,,,
long_straddle_24h,long_vol_proxy,24,all,0.0,delayed,fed_inflation_rates,USO,12,0.4166666666666667,-0.656250000000002,0.6166471974242235,7.399766369090681,2.406906523963148,0.007760397720383283,0.8363636363636363,0.3333333333333333,0.4166666666666667,1.4117647058823608,1.8942708333333345,,,,
long_straddle_24h,long_vol_proxy,24,all,0.0,delayed,immigration_border,GLD,43,0.6046511627906976,0.1014492753623093,0.9079352955788654,39.041217709891214,5.442341225612395,0.006812164211716931,0.9661016949152542,0.27906976744186046,0.46511627906976744,1.0478087649402363,0.8029197080291696,,,,
long_straddle_24h,long_vol_proxy,24,all,0.0,delayed,immigration_border,QQQ,43,0.5116279069767442,0.056179775280976285,1.2522874140187392,53.848358802805784,5.628305328603967,0.003934529430280165,0.9384615384615385,0.32558139534883723,0.5581395348837209,0.9805194805194978,1.4036697247705763,,,,
long_straddle_24h,long_vol_proxy,24,all,0.0,delayed,immigration_border,SLV,43,0.6046511627906976,0.62745098039216,1.0962007951884558,47.136634193103596,6.35154410156842,0.00916590284142993,0.9491525423728814,0.23255813953488372,0.37209302325581395,1.666666666666643,0.7666666666666635,,,,
long_straddle_24h,long_vol_proxy,24,all,0.0,delayed,immigration_border,SPY,43,0.5348837209302325,0.20049504950493313,1.362779295050782,58.59950968718363,5.940585472111782,0.00300815771583951,0.9508196721311475,0.2558139534883721,0.4418604651162791,1.2746478873238398,1.5959302325581697,,,,
long_straddle_24h,long_vol_proxy,24,all,0.0,delayed,immigration_border,UNG,42,0.5714285714285714,0.3309503784692964,1.2425233355980374,52.18598009511757,8.896591939508205,0.021181834478233297,1.0,0.2619047619047619,0.47619047619047616,1.0538651315789516,1.153846153846154,,,,
long_straddle_24h,long_vol_proxy,24,all,0.0,delayed,immigration_border,USO,43,0.6976744186046512,1.0,1.580402794811628,67.9573201769,10.14321708858918,0.007642393655371338,0.8363636363636363,0.3488372093023256,0.4883720930232558,1.0333333333333026,1.4848484848484562,,,,
long_straddle_24h,long_vol_proxy,24,all,0.0,delayed,domestic_politics_attacks,GLD,109,0.4954128440366973,-0.022310756972113932,0.6166248833913476,67.21211228965689,3.661413851057547,0.005417031785230675,0.9491525423728814,0.28440366972477066,0.5412844036697247,0.8026666666666719,1.0945945945945843,,,,
long_straddle_24h,long_vol_proxy,24,all,0.0,delayed,domestic_politics_attacks,QQQ,109,0.5137614678899083,0.10364683301344013,1.0886761186534883,118.66569693323024,4.646497517082379,0.004886117342864704,0.9836065573770492,0.3761467889908257,0.5596330275229358,0.7640449438201802,1.313356164383567,,,,
long_straddle_24h,long_vol_proxy,24,all,0.0,delayed,domestic_politics_attacks,SLV,109,0.4954128440366973,0.0,0.8566390416214773,93.37365553674103,4.618502328034658,0.00881325026591706,0.9491525423728814,0.24770642201834864,0.47706422018348627,1.1999999999999573,1.2000000000000284,,,,
long_straddle_24h,long_vol_proxy,24,all,0.0,delayed,domestic_politics_attacks,SPY,108,0.5925925925925926,0.6266666666666272,1.2627434199703402,136.37628935679675,6.468218409772674,0.0036215283643512564,0.9830508474576272,0.3148148148148148,0.5555555555555556,0.9762376237623976,1.1708880308880107,,,,
long_straddle_24h,long_vol_proxy,24,all,0.0,delayed,domestic_politics_attacks,UNG,108,0.6388888888888888,0.6190476190476062,1.3932170473194054,150.4674411104958,12.153585930679135,0.014790398918187897,0.9814814814814815,0.23148148148148148,0.46296296296296297,1.4686411149825693,1.2758620689655173,,,,
long_straddle_24h,long_vol_proxy,24,all,0.0,delayed,domestic_politics_attacks,USO,109,0.6697247706422018,0.6052631578946945,1.3118339635815077,142.98990203038434,7.193927328093247,0.007642393655371338,0.847457627118644,0.3302752293577982,0.46788990825688076,1.098039215686268,1.4848484848484562,,,,
long_straddle_24h,long_vol_proxy,24,all,0.0,delayed,other,GLD,1067,0.5763823805060918,0.13484848484848233,1.020561773721438,1088.9394125607744,5.707956982436343,0.005729064361945868,0.9491525423728814,0.2642924086223055,0.48266166822867856,1.0478087649402363,1.0285714285714564,,,,
long_straddle_24h,long_vol_proxy,24,all,0.0,delayed,other,QQQ,1067,0.5398313027179007,0.2409090909090219,1.1375303360276439,1213.744868541496,5.32356970526451,0.004685754306391732,0.9836065573770492,0.3467666354264292,0.5463917525773195,0.9426229508196324,1.5404814004376435,,,,
long_straddle_24h,long_vol_proxy,24,all,0.0,delayed,other,SLV,1061,0.5391140433553252,0.19047619047618558,1.055130035473008,1119.4929676368615,6.010018400921885,0.00999432140829093,0.9491525423728814,0.27238454288407166,0.46936852026390197,1.0833333333333162,1.0,,,,
long_straddle_24h,long_vol_proxy,24,all,0.0,delayed,other,SPY,1064,0.5864661654135338,0.39310371328661176,1.252003501505594,1332.131725601952,6.23003168634251,0.0032852450556924984,0.9661016949152542,0.34116541353383456,0.5169172932330827,0.9929577464788,1.5155038759689559,,,,
long_straddle_24h,long_vol_proxy,24,all,0.0,delayed,other,UNG,1052,0.6188212927756654,0.5384615384615399,1.4020957200182018,1475.0046974591482,9.35607607635361,0.014233241505968719,0.9814814814814815,0.2785171102661597,0.4667300380228137,1.1111111111111187,1.2768199233716497,,,,
long_straddle_24h,long_vol_proxy,24,all,0.0,delayed,other,USO,1065,0.6694835680751173,0.57142857142861,1.475946562581778,1571.8830891495936,9.020789596082054,0.006882312456985562,0.8181818181818182,0.29295774647887324,0.460093896713615,1.1521739130434299,1.6984126984126842,,,,
long_straddle_24h,long_vol_proxy,24,p80,0.8,immediate,tariffs_trade,GLD,27,0.5925925925925926,1.4210526315789882,1.5811435543874757,42.690875968461846,7.093561235179189,0.0058014611087237045,0.9193548387096774,0.2962962962962963,0.5555555555555556,0.8626760563380318,1.1388888888889372,,,,
long_straddle_24h,long_vol_proxy,24,p80,0.8,immediate,tariffs_trade,QQQ,33,0.696969696969697,1.6052631578947354,1.8877581023772936,62.296017378450685,11.809674615486845,0.005431146444173307,0.9180327868852459,0.36363636363636365,0.5454545454545454,0.6646525679758555,1.8239999999999934,,,,
long_straddle_24h,long_vol_proxy,24,p80,0.8,immediate,tariffs_trade,SLV,20,0.75,2.022988505747141,2.3684323116187462,47.36864623237492,17.327085682756586,0.007728197020740013,0.9038461538461539,0.4,0.5,0.8787878787878779,1.9581425768476235,,,,
long_straddle_24h,long_vol_proxy,24,p80,0.8,immediate,tariffs_trade,SPY,31,0.7096774193548387,1.329842931937136,1.8311811437953582,56.76661545765611,11.259277288146528,0.005059678256356892,0.9344262295081968,0.2903225806451613,0.5483870967741935,0.6600234466588439,1.5999999999999586,,,,
long_straddle_24h,long_vol_proxy,24,p80,0.8,immediate,tariffs_trade,UNG,22,0.5,0.015476190476193308,0.8480843701405888,18.657856143092953,3.841249757767693,0.014079014715776939,0.9016129032258065,0.45454545454545453,0.6363636363636364,0.6397849462365611,1.6025852585258518,,,,
long_straddle_24h,long_vol_proxy,24,p80,0.8,immediate,tariffs_trade,USO,27,0.6666666666666666,0.5800000000000125,1.6493004234757094,44.53111143384415,8.77306490106426,0.007551919446192712,0.8688524590163934,0.2962962962962963,0.48148148148148145,1.3953488372093066,1.278169014084504,,,,
long_straddle_24h,long_vol_proxy,24,p80,0.8,immediate,war_geopolitics,GLD,38,0.6842105263157895,0.8961850976776248,1.4308608798798506,54.37271343543432,10.358565606087588,0.0047874511542161935,0.9322033898305084,0.2631578947368421,0.5526315789473685,0.9520412642669027,2.1021988089784625,,,,
long_straddle_24h,long_vol_proxy,24,p80,0.8,immediate,war_geopolitics,QQQ,43,0.6744186046511628,0.577735124760071,1.2945405300067785,55.66524279029147,7.811329822287528,0.004628181875039106,0.8983050847457628,0.18604651162790697,0.4186046511627907,1.719367588932834,1.326836581709157,,,,
long_straddle_24h,long_vol_proxy,24,p80,0.8,immediate,war_geopolitics,SLV,35,0.5714285714285714,0.21428571428572152,1.0486036682464632,36.701128388626216,7.173573734900083,0.010200927357032374,0.9076923076923077,0.2857142857142857,0.45714285714285713,1.1085271317829462,1.4277456647398923,,,,
long_straddle_24h,long_vol_proxy,24,p80,0.8,immediate,war_geopolitics,SPY,44,0.6818181818181818,0.6112288135593217,1.172589350006727,51.59393140029599,7.21708228152733,0.003605986991941368,0.8923076923076924,0.20454545454545456,0.36363636363636365,1.7253233492171391,1.5859805584156006,,,,
long_straddle_24h,long_vol_proxy,24,p80,0.8,immediate,war_geopolitics,UNG,35,0.7142857142857143,1.0882352941176503,1.582041672200332,55.371458527011626,8.86670002876522,0.013793103448275668,0.8769230769230769,0.42857142857142855,0.6285714285714286,0.7894736842105136,1.0909090909090886,,,,
long_straddle_24h,long_vol_proxy,24,p80,0.8,immediate,war_geopolitics,USO,53,0.7547169811320755,1.3032258064516218,1.7183553294375276,91.07283246018896,12.393348803798162,0.00823876884812691,0.8923076923076924,0.20754716981132076,0.37735849056603776,2.1818181818181426,1.2916666666666654,,,,
long_straddle_24h,long_vol_proxy,24,p80,0.8,immediate,oil_gas_energy,GLD,6,0.3333333333333333,-0.5705128205127954,-0.23108025331247864,-1.386481519874872,0.5509932282347494,0.004042243370921572,0.8810844892812106,0.0,0.3333333333333333,1.7609933476153559,1.0155548004681454,,,,
long_straddle_24h,long_vol_proxy,24,p80,0.8,immediate,oil_gas_energy,QQQ,9,0.6666666666666666,0.6826722338204845,0.9900309319745687,8.910278387771118,14.350433929659099,0.004974818818326954,0.9016393442622951,0.2222222222222222,0.4444444444444444,1.7861445783132588,1.689393939393889,,,,
long_straddle_24h,long_vol_proxy,24,p80,0.8,immediate,oil_gas_energy,SLV,4,0.5,2.4254658385093184,2.3734472049689437,9.493788819875775,19.75460122699385,0.005569800946634951,0.9099087353324642,0.5,0.5,1.0434782608695654,6.019305019304957,,,,
long_straddle_24h,long_vol_proxy,24,p80,0.8,immediate,oil_gas_energy,SPY,8,0.75,0.7346565613737588,0.6249217384830105,4.999373907864084,8.874309976098754,0.0046308450198046525,0.9173045379989064,0.125,0.375,1.7142584722676255,2.127480005302479,,,,
long_straddle_24h,long_vol_proxy,24,p80,0.8,immediate,oil_gas_energy,UNG,8,0.75,3.3888888888889386,2.544044701213826,20.35235760971061,13.255183076815024,0.009236081950877217,0.8699101004759386,0.375,0.5,1.2946428571428559,3.0347222222222316,,,,
long_straddle_24h,long_vol_proxy,24,p80,0.8,immediate,oil_gas_energy,USO,7,0.7142857142857143,1.295081967213103,1.4044476683235494,9.831133678264846,6.462945285386421,0.008194322505121532,0.9538461538461539,0.14285714285714285,0.42857142857142855,2.5925925925926414,1.962962962962996,,,,
long_straddle_24h,long_vol_proxy,24,p80,0.8,immediate,fed_inflation_rates,GLD,13,0.6153846153846154,0.3645320197044326,0.8725727762552677,11.34344609131848,4.506683520024604,0.005980392156862746,0.9016393442622951,0.23076923076923078,0.3076923076923077,1.7158469945355577,0.8096590909091016,,,,
long_straddle_24h,long_vol_proxy,24,p80,0.8,immediate,fed_inflation_rates,QQQ,9,0.5555555555555556,0.37419354838713415,0.3969495239544992,3.5725457155904925,2.152823117190053,0.004896440287910586,0.8225806451612904,0.2222222222222222,0.3333333333333333,2.283333333333303,0.7959866220735746,,,,
long_straddle_24h,long_vol_proxy,24,p80,0.8,immediate,fed_inflation_rates,SLV,13,0.6153846153846154,0.3581395348837182,1.699074737880242,22.087971592443147,9.287118061381703,0.011627906976744207,0.9384615384615385,0.15384615384615385,0.23076923076923078,2.3600000000000136,0.75,,,,
long_straddle_24h,long_vol_proxy,24,p80,0.8,immediate,fed_inflation_rates,SPY,6,0.5,0.08148714031066856,0.08025588146366708,0.48153528878200247,1.3471274793342487,0.004330474195076706,0.8846153846153846,0.3333333333333333,0.5,1.0721030887271241,0.9705791743684677,,,,
long_straddle_24h,long_vol_proxy,24,p80,0.8,immediate,fed_inflation_rates,UNG,12,0.5833333333333334,1.2919799498746745,1.3390216661587757,16.068259993905308,10.997806073358904,0.016046927940557454,0.9106292966684294,0.3333333333333333,0.5,0.8677248677248666,2.186274509803919,,,,
long_straddle_24h,long_vol_proxy,24,p80,0.8,immediate,fed_inflation_rates,USO,8,1.0,2.106557377049181,2.395217286792141,19.161738294337127,inf,0.008727453189659173,0.9051702395964691,0.0,0.0,3.7123000761615508,1.1888839285714232,,,,
long_straddle_24h,long_vol_proxy,24,p80,0.8,immediate,immigration_border,GLD,22,0.7727272727272727,0.833028704979912,1.7250392637048078,37.95086380150577,12.446392907476566,0.004751866769390489,0.8884615384615384,0.2727272727272727,0.5,1.0141812865496667,1.9778336896052546,,,,
long_straddle_24h,long_vol_proxy,24,p80,0.8,immediate,immigration_border,QQQ,18,0.7222222222222222,1.187545787545809,1.3719051530211412,24.69429275438054,8.011599071689831,0.0057445520914694015,0.9092400218698742,0.1111111111111111,0.3333333333333333,1.2059018567639161,1.5563832895121226,,,,
long_straddle_24h,long_vol_proxy,24,p80,0.8,immediate,immigration_border,SLV,9,0.6666666666666666,2.193548387096757,2.220192667485679,19.981734007371113,12.41587617045682,0.01642512077294689,0.9193548387096774,0.3333333333333333,0.7777777777777778,0.7419354838709522,3.193548387096757,,,,
long_straddle_24h,long_vol_proxy,24,p80,0.8,immediate,immigration_border,SPY,20,0.75,1.2323757763975194,1.4589499395661931,29.178998791323863,10.255015396276791,0.004141892860746843,0.8897022332506204,0.1,0.45,1.3318526626616634,1.242366329322821,,,,
long_straddle_24h,long_vol_proxy,24,p80,0.8,immediate,immigration_border,UNG,17,0.7058823529411765,0.9411764705882673,1.621131789189088,27.559240416214497,9.229136655685181,0.010466222645099887,0.8688524590163934,0.35294117647058826,0.4117647058823529,1.5897435897435899,1.0,,,,
long_straddle_24h,long_vol_proxy,24,p80,0.8,immediate,immigration_border,USO,21,0.5714285714285714,0.5999999999999659,1.3676515995263987,28.72068359005437,6.080392458562553,0.010953058321479414,0.921875,0.3333333333333333,0.47619047619047616,1.0317460317460483,1.3818181818181854,,,,
long_straddle_24h,long_vol_proxy,24,p80,0.8,immediate,domestic_politics_attacks,GLD,13,0.5384615384615384,0.4117647058823506,1.4852984190887013,19.308879448153117,7.6420480452053505,0.005026809651474506,0.8923076923076924,0.23076923076923078,0.5384615384615384,0.7861975642760505,1.0393258426966578,,,,
long_straddle_24h,long_vol_proxy,24,p80,0.8,immediate,domestic_politics_attacks,QQQ,16,0.6875,0.629839958699013,1.426917868176928,22.830685890830846,8.3378825213031,0.003236507830291724,0.875,0.375,0.5,1.0409231232587575,1.5650119617224032,,,,
long_straddle_24h,long_vol_proxy,24,p80,0.8,immediate,domestic_politics_attacks,SLV,17,0.8235294117647058,1.622222222222205,2.0466207584996656,34.792552894494314,22.34104700788711,0.011031797534068799,0.8983050847457628,0.35294117647058826,0.5294117647058824,0.8235294117647096,1.6451612903225736,,,,
long_straddle_24h,long_vol_proxy,24,p80,0.8,immediate,domestic_politics_attacks,SPY,15,0.6666666666666666,0.792270531401039,1.1396919776631576,17.095379664947362,8.889536642753843,0.003813590517558696,0.8615384615384616,0.26666666666666666,0.3333333333333333,1.5331125827814647,1.1524390243902451,,,,
long_straddle_24h,long_vol_proxy,24,p80,0.8,immediate,domestic_politics_attacks,UNG,20,0.75,0.6461538461538376,0.84813349131284,16.9626698262568,7.1472227074163275,0.01396169028667571,0.9205548549810845,0.35,0.45,1.207729468599043,2.218749999999997,,,,
long_straddle_24h,long_vol_proxy,24,p80,0.8,immediate,domestic_politics_attacks,USO,22,0.8181818181818182,1.836048454469531,2.1133217366548607,46.493078206406935,29.57330672349339,0.007132237663938168,0.8629726205997392,0.2727272727272727,0.36363636363636365,2.5425824175824685,1.5399515738498804,,,,
long_straddle_24h,long_vol_proxy,24,p80,0.8,immediate,other,GLD,283,0.6607773851590106,0.9032258064515795,1.5707122348335387,444.51156245789144,9.389261900812384,0.00443024933031122,0.8923076923076924,0.2579505300353357,0.42402826855123676,1.3619631901840348,1.3267716535433278,,,,
long_straddle_24h,long_vol_proxy,24,p80,0.8,immediate,other,QQQ,290,0.7103448275862069,0.9966959064327315,1.653430960494404,479.49497854337716,13.874705853824395,0.004819259347930149,0.9008196721311476,0.25517241379310346,0.3931034482758621,1.4415171513026805,1.3827528107747358,,,,
long_straddle_24h,long_vol_proxy,24,p80,0.8,immediate,other,SLV,253,0.6877470355731226,1.0999999999999788,1.7685189817569353,447.43530238450467,11.721640873882677,0.008976063829787329,0.9016393442622951,0.2450592885375494,0.3715415019762846,1.5909090909091055,1.1996047430830021,,,,
long_straddle_24h,long_vol_proxy,24,p80,0.8,immediate,other,SPY,298,0.6946308724832215,0.9377309682187984,1.5068382087844725,449.0377862177728,11.191199131881216,0.003909682852737961,0.9076923076923077,0.28187919463087246,0.38926174496644295,1.3117150902023131,1.3080701754385873,,,,
long_straddle_24h,long_vol_proxy,24,p80,0.8,immediate,other,UNG,336,0.7142857142857143,0.8273291925465791,1.3913755950470523,467.5021999358096,11.444241421673658,0.012840394714099923,0.8983050847457628,0.26785714285714285,0.41964285714285715,1.3508771929824461,1.4409722222222185,,,,
long_straddle_24h,long_vol_proxy,24,p80,0.8,immediate,other,USO,307,0.7035830618892508,0.9130434782608856,1.6050008024515303,492.7352463526198,11.07880991152652,0.0077821011673152585,0.8983050847457628,0.28338762214983715,0.43322475570032576,1.3333333333333282,1.4571428571428657,,,,
long_straddle_24h,long_vol_proxy,24,p80,0.8,delayed,tariffs_trade,GLD,28,0.32142857142857145,-0.2909395973154407,-0.0027097828452207445,-0.07587391966618084,0.9925889629107456,0.008824486428636868,0.9830508474576272,0.5,0.75,0.49035284165685633,0.8965534039702912,,,,
long_straddle_24h,long_vol_proxy,24,p80,0.8,delayed,tariffs_trade,QQQ,30,0.4666666666666667,-0.21191919191916425,0.9011137936567006,27.03341380970102,3.718022375157676,0.005753447373057163,1.0,0.4,0.7333333333333333,0.6760168302945376,1.3107902735562282,,,,
long_straddle_24h,long_vol_proxy,24,p80,0.8,delayed,tariffs_trade,SLV,32,0.46875,-0.1629084967320225,0.36078667202120496,11.545173504678559,2.4382558476238834,0.01191344574965264,0.9745762711864407,0.46875,0.59375,0.7074664592650173,0.8398550724637606,,,,
long_straddle_24h,long_vol_proxy,24,p80,0.8,delayed,tariffs_trade,SPY,28,0.42857142857142855,-0.33700030988533214,0.7484961289817676,20.957891611489494,3.3893697584043885,0.00395842438640337,0.9830508474576272,0.6071428571428571,0.8214285714285714,0.3359073359073335,1.450122244160431,,,,
long_straddle_24h,long_vol_proxy,24,p80,0.8,delayed,tariffs_trade,UNG,29,0.5517241379310345,0.10869565217390664,0.7074743188107878,20.516755245512847,4.3352970858934805,0.018413597733710985,1.0,0.20689655172413793,0.4482758620689655,1.0921052631578978,1.2758620689655173,,,,
long_straddle_24h,long_vol_proxy,24,p80,0.8,delayed,tariffs_trade,USO,23,0.6086956521739131,0.13742690058479434,0.45328536772558675,10.425563457688495,3.0235989578390514,0.013385826771653564,0.9649122807017544,0.391304347826087,0.6086956521739131,0.5181818181818276,1.2453987730061349,,,,
long_straddle_24h,long_vol_proxy,24,p80,0.8,delayed,war_geopolitics,GLD,88,0.5340909090909091,0.05900156271592938,0.2948715342319165,25.94869501240865,2.08629916328571,0.008053155781986898,0.9830508474576272,0.4090909090909091,0.5909090909090909,0.7299270072992828,0.7695498676081126,,,,
long_straddle_24h,long_vol_proxy,24,p80,0.8,delayed,war_geopolitics,QQQ,90,0.32222222222222224,-0.32606721162578817,-0.02733152158788573,-2.4598369429097158,0.9316726619603598,0.007251817875847999,1.0,0.5,0.6888888888888889,0.509064487826274,0.9063829787233936,,,,
long_straddle_24h,long_vol_proxy,24,p80,0.8,delayed,war_geopolitics,SLV,84,0.4880952380952381,0.0,0.7728353586072904,64.91817012301239,4.386386211897414,0.014326514610372265,0.9830508474576272,0.5238095238095238,0.7261904761904762,0.47552447552448274,1.3897949673811776,,,,
long_straddle_24h,long_vol_proxy,24,p80,0.8,delayed,war_geopolitics,SPY,90,0.4111111111111111,-0.2567507002800702,-0.017733637415395964,-1.5960273673856369,0.9531062979610099,0.005909110854334654,0.9923076923076923,0.5,0.6444444444444445,0.5001093294460723,1.025888030888029,,,,
long_straddle_24h,long_vol_proxy,24,p80,0.8,delayed,war_geopolitics,UNG,86,0.7325581395348837,0.657142857142859,1.2286401926190893,105.66305656524169,11.64969448399561,0.01577576333956704,1.0,0.26744186046511625,0.4069767441860465,1.3823529411764783,0.933333333333346,,,,
long_straddle_24h,long_vol_proxy,24,p80,0.8,delayed,war_geopolitics,USO,65,0.4153846153846154,-0.1274509803921553,0.22971160471602006,14.931254306541303,1.8096956180919284,0.02442834824598772,1.0,0.5538461538461539,0.7384615384615385,0.4705882352941141,0.7929515418502194,,,,
long_straddle_24h,long_vol_proxy,24,p80,0.8,delayed,oil_gas_energy,GLD,6,0.5,0.39283669672250693,0.40240060821662943,2.4144036492997767,4.423286724323181,0.005003796606286914,0.9067796610169492,0.3333333333333333,0.6666666666666666,0.7083978470839851,1.5884022708840124,,,,
long_straddle_24h,long_vol_proxy,24,p80,0.8,delayed,oil_gas_energy,QQQ,6,0.3333333333333333,-0.35519125683060654,-0.06660355051659732,-0.3996213030995839,0.8400630533187384,0.007267441860465018,1.0,0.5,1.0,0.44764280793624933,0.8917647058823444,,,,
long_straddle_24h,long_vol_proxy,24,p80,0.8,delayed,oil_gas_energy,SLV,5,0.4,-0.39655172413793904,0.44873692448210767,2.2436846224105382,2.7676635640983367,0.00881325026591706,0.9491525423728814,0.6,0.8,0.47552447552448274,1.6724137931034513,,,,
long_straddle_24h,long_vol_proxy,24,p80,0.8,delayed,oil_gas_energy,SPY,6,0.3333333333333333,-0.49800232288035134,0.12421197964131238,0.7452718778478743,1.32065876120382,0.003948652274667674,0.9830508474576272,0.6666666666666666,1.0,0.3359073359073335,1.0617760617760488,,,,
long_straddle_24h,long_vol_proxy,24,p80,0.8,delayed,oil_gas_energy,UNG,4,0.75,1.5982142857142758,1.8368429919137417,7.347371967654967,9.653571428571409,0.012331449706823594,0.9444444444444444,0.25,0.25,1.9732142857142785,1.1333333333333395,,,,
long_straddle_24h,long_vol_proxy,24,p80,0.8,delayed,oil_gas_energy,USO,5,0.4,-0.3645374449339205,-0.2969965578126969,-1.4849827890634846,0.15618143337569027,0.02463799438080838,1.0,0.8,1.0,0.0770925110132145,1.4444444444444489,,,,
long_straddle_24h,long_vol_proxy,24,p80,0.8,delayed,fed_inflation_rates,GLD,10,0.1,-0.5118483412322166,-0.5368752220839482,-5.3687522208394824,0.012394094692795784,0.006786966451156395,0.9833333333333333,0.4,0.5,0.8622786735854273,0.28382021306929217,,,,
long_straddle_24h,long_vol_proxy,24,p80,0.8,delayed,fed_inflation_rates,QQQ,10,0.3,-0.1444831722411538,0.1125092861287788,1.125092861287788,1.2716808905319505,0.003178452045930036,0.8816377171215881,0.3,0.3,1.3696969696968886,1.973678710062702,,,,
long_straddle_24h,long_vol_proxy,24,p80,0.8,delayed,fed_inflation_rates,SLV,11,0.09090909090909091,-0.7235772357723598,-0.4416275210765441,-4.857902731841985,0.2221131919791121,0.02035928143712573,0.9838709677419355,0.6363636363636364,0.6363636363636364,0.3571428571428523,0.2058823529411774,,,,
long_straddle_24h,long_vol_proxy,24,p80,0.8,delayed,fed_inflation_rates,SPY,11,0.5454545454545454,0.17532467532466756,0.4214499076083457,4.635948983691803,2.744866108554574,0.0033630798731471012,0.9838709677419355,0.6363636363636364,0.6363636363636364,0.3550000000000182,1.5959302325581697,,,,
long_straddle_24h,long_vol_proxy,24,p80,0.8,delayed,fed_inflation_rates,UNG,11,0.5454545454545454,0.34482758620688814,0.3009363017974668,3.3102993197721347,2.6636491077020867,0.02160664819944591,1.0,0.0,0.5454545454545454,0.9999999999999988,1.071428571428557,,,,
long_straddle_24h,long_vol_proxy,24,p80,0.8,delayed,fed_inflation_rates,USO,7,0.14285714285714285,-0.656250000000002,-0.26348305576246905,-1.8443813903372832,0.5888040087686629,0.01111532146014893,0.9491525423728814,0.5714285714285714,0.5714285714285714,0.48198198198197917,1.8666666666666643,,,,
long_straddle_24h,long_vol_proxy,24,p80,0.8,delayed,immigration_border,GLD,35,0.5142857142857142,0.008741258741250757,0.11256481241511158,3.9397684345289052,1.4482902112871345,0.008490411407965803,0.9830508474576272,0.3142857142857143,0.5142857142857142,0.9548872180450901,0.49860724233982623,,,,
long_straddle_24h,long_vol_proxy,24,p80,0.8,delayed,immigration_border,QQQ,31,0.3548387096774194,-0.2177777777777692,0.5277626812735697,16.360643119480663,2.4446202029162123,0.0055414620103990675,1.0,0.3870967741935484,0.6451612903225806,0.844444444444447,1.0250000000000496,,,,
long_straddle_24h,long_vol_proxy,24,p80,0.8,delayed,immigration_border,SLV,31,0.5161290322580645,0.09999999999997877,0.4523178037598883,14.021851916556537,2.740106218866913,0.014190219303389373,0.9830508474576272,0.2903225806451613,0.4838709677419355,1.6521739130434299,0.6206896551724146,,,,
long_straddle_24h,long_vol_proxy,24,p80,0.8,delayed,immigration_border,SPY,30,0.3333333333333333,-0.3882863340563901,0.3379714604866837,10.13914381460051,1.8548417366881704,0.004697844976330745,0.9830508474576272,0.36666666666666664,0.6,0.7093275488069354,0.9691935483870893,,,,
long_straddle_24h,long_vol_proxy,24,p80,0.8,delayed,immigration_border,UNG,35,0.5142857142857142,0.04878048780487698,0.6910280027176466,24.185980095117632,4.959286581251751,0.0277945619335348,1.0,0.3142857142857143,0.5714285714285714,0.743243243243244,0.6896551724137946,,,,
long_straddle_24h,long_vol_proxy,24,p80,0.8,delayed,immigration_border,USO,22,0.4090909090909091,-0.09943977591036457,0.1676533652419052,3.688374035321914,1.496246826994912,0.013944590488825459,0.9649122807017544,0.6363636363636364,0.7727272727272727,0.4468325791855162,1.0897435897435854,,,,
long_straddle_24h,long_vol_proxy,24,p80,0.8,delayed,domestic_politics_attacks,GLD,87,0.39080459770114945,-0.07199999999997997,0.1677403107312524,14.59340703361896,1.6056645388701059,0.00786418400876232,0.9830508474576272,0.3218390804597701,0.6206896551724138,0.6868686868686874,0.8029197080291696,,,,
long_straddle_24h,long_vol_proxy,24,p80,0.8,delayed,domestic_politics_attacks,QQQ,85,0.4117647058823529,-0.3770491803278797,0.5119784110409523,43.51816493848095,2.3990318245494318,0.005966993998908876,1.0,0.4235294117647059,0.611764705882353,0.7253886010363354,1.0166130760986067,,,,
long_straddle_24h,long_vol_proxy,24,p80,0.8,delayed,domestic_politics_attacks,SLV,76,0.39473684210526316,-0.29306487695749495,0.12436154887582443,9.451477714562657,1.399090788402713,0.015053879310344853,0.9830508474576272,0.34210526315789475,0.6578947368421053,0.7452172822699114,0.7666666666666635,,,,
long_straddle_24h,long_vol_proxy,24,p80,0.8,delayed,domestic_politics_attacks,SPY,84,0.5,0.04346598007581959,0.44244281934503665,37.16519682498308,2.5563610824902416,0.005030432826819142,0.9836065573770492,0.39285714285714285,0.6666666666666666,0.8893219724438209,0.7879735835940198,,,,
long_straddle_24h,long_vol_proxy,24,p80,0.8,delayed,domestic_politics_attacks,UNG,88,0.5681818181818182,0.3501915708812169,0.8836262247404799,77.75910777716223,6.763990429322331,0.01649272960339765,1.0,0.2727272727272727,0.5568181818181818,0.8982125124131048,0.8330769230769253,,,,
long_straddle_24h,long_vol_proxy,24,p80,0.8,delayed,domestic_politics_attacks,USO,56,0.4642857142857143,-0.07142857142857384,-0.00942775379671922,-0.5279542126162764,0.9723489145080829,0.011647254575707255,0.9649122807017544,0.48214285714285715,0.6071428571428571,0.5185185185185228,0.7384072580645071,,,,
long_straddle_24h,long_vol_proxy,24,p80,0.8,delayed,other,GLD,840,0.4726190476190476,-0.032258064516100915,0.2709834080797239,227.62606278696805,1.9998061822847635,0.007011035306693447,0.9830508474576272,0.31785714285714284,0.5547619047619048,0.8297872340425833,0.7572815533980585,,,,
long_straddle_24h,long_vol_proxy,24,p80,0.8,delayed,other,QQQ,811,0.43403205918618987,-0.19642857142856962,0.512860574956818,415.92992628997945,2.5600447483492634,0.0055414620103990675,1.0,0.41800246609124536,0.623921085080148,0.7420289855072207,1.0250000000000496,,,,
long_straddle_24h,long_vol_proxy,24,p80,0.8,delayed,other,SLV,749,0.4205607476635514,-0.16111111111110699,0.328179941540596,245.8067762139064,2.2137985748990556,0.013427401001365413,0.9830508474576272,0.34979973297730305,0.6021361815754339,0.7397260273972454,0.7297297297297363,,,,
long_straddle_24h,long_vol_proxy,24,p80,0.8,delayed,other,SPY,806,0.49503722084367247,-0.005964214711724258,0.5313711114348739,428.2851158165084,2.7970886849148426,0.004530969174306287,0.9830508474576272,0.43424317617866004,0.6327543424317618,0.6859213250517531,1.0617760617760488,,,,
long_straddle_24h,long_vol_proxy,24,p80,0.8,delayed,other,UNG,874,0.551487414187643,0.21428571428573684,0.9141834829814811,798.9963641258145,5.651128420831308,0.020197241496335117,1.0,0.32608695652173914,0.5526315789473685,0.8490566037735817,0.961538461538459,,,,
long_straddle_24h,long_vol_proxy,24,p80,0.8,delayed,other,USO,552,0.4673913043478261,-0.07142857142857384,0.2414616357687566,133.28682294435364,1.8151078084456063,0.012737999463663163,0.9649122807017544,0.45108695652173914,0.6123188405797102,0.5795278637770882,0.855844155844157,,,,
long_straddle_24h,long_vol_proxy,24,p90,0.9,immediate,tariffs_trade,GLD,16,0.5625,1.0743561030235496,1.2792452606655305,20.467924170648487,6.027587861245354,0.006881369468392018,0.9588572990705304,0.375,0.625,0.5661357766572495,1.1330512060939517,,,,
long_straddle_24h,long_vol_proxy,24,p90,0.9,immediate,tariffs_trade,QQQ,20,0.7,1.3285831360408091,1.667106262472421,33.34212524944842,10.747406174558575,0.008673437274719364,0.9516129032258065,0.5,0.75,0.4906733656733582,1.698488579844502,,,,
long_straddle_24h,long_vol_proxy,24,p90,0.9,immediate,tariffs_trade,SLV,11,0.7272727272727273,1.6271186440677767,2.0785214388673916,22.86373582754131,14.176697627990624,0.011247637051039705,0.9661016949152542,0.36363636363636365,0.45454545454545453,1.1481481481481584,1.5783132530120507,,,,
long_straddle_24h,long_vol_proxy,24,p90,0.9,immediate,tariffs_trade,SPY,20,0.75,1.3494366613376043,1.8053296260652274,36.10659252130455,11.873828925498028,0.00791281217736911,0.9676662320730117,0.4,0.65,0.6320625918924772,1.4588643914225259,,,,
long_straddle_24h,long_vol_proxy,24,p90,0.9,immediate,tariffs_trade,UNG,12,0.5,0.09105374823196266,0.5580937986017648,6.697125583221178,2.9791035562710637,0.022207368561250718,0.9441361916771753,0.75,0.8333333333333334,0.20116707616707638,1.6025852585258518,,,,
long_straddle_24h,long_vol_proxy,24,p90,0.9,immediate,tariffs_trade,USO,11,0.5454545454545454,0.22891566265060015,1.2951593906269958,14.246753296896955,5.533656504133734,0.013533834586466176,0.9375,0.5454545454545454,0.7272727272727273,0.4932432432432446,1.278169014084504,,,,
long_straddle_24h,long_vol_proxy,24,p90,0.9,immediate,war_geopolitics,GLD,23,0.6956521739130435,0.7400000000000091,1.2638446871327231,29.068427804052632,10.889446952937265,0.006146426798420812,0.9538461538461539,0.30434782608695654,0.5217391304347826,0.9264705882352782,1.2157894736841899,,,,
long_straddle_24h,long_vol_proxy,24,p90,0.9,immediate,war_geopolitics,QQQ,21,0.5714285714285714,0.4185185185185185,0.9023811744579127,18.950004663616166,4.172621129707345,0.005603403548822161,0.9508196721311475,0.2857142857142857,0.5238095238095238,0.7976011994003123,0.9935965848452505,,,,
long_straddle_24h,long_vol_proxy,24,p90,0.9,immediate,war_geopolitics,SLV,18,0.6111111111111112,0.5198061883713033,1.137082738682696,20.46748929628853,9.143564347229944,0.0166747327537925,0.9692307692307692,0.3333333333333333,0.4444444444444444,1.1059877038225097,1.5962257735464154,,,,
long_straddle_24h,long_vol_proxy,24,p90,0.9,immediate,war_geopolitics,SPY,20,0.65,0.31545750950239626,0.6955636415836219,13.91127283167244,3.933177329586227,0.004485759522274979,0.9594130089899524,0.3,0.45,1.3599058769512704,1.386663162012844,,,,
long_straddle_24h,long_vol_proxy,24,p90,0.9,immediate,war_geopolitics,UNG,16,0.5625,0.2988714961776495,0.6758405923810554,10.813449478096887,2.9778255739251676,0.020144052829609127,0.944640605296343,0.4375,0.6875,0.5631578947368399,0.7504690431519714,,,,
long_straddle_24h,long_vol_proxy,24,p90,0.9,immediate,war_geopolitics,USO,26,0.6538461538461539,1.0732546942705843,1.3470159549286298,35.02241482814438,8.068308151047827,0.01148503161390746,0.9666574048346763,0.2692307692307692,0.5,0.9438205051412566,1.0463828314295665,,,,
long_straddle_24h,long_vol_proxy,24,p90,0.9,immediate,oil_gas_energy,GLD,1,0.0,-0.9468599033816357,-0.9468599033816357,-0.9468599033816357,0.0,0.004862921981816926,0.9375,0.0,1.0,0.951690821256055,0.5797101449275327,,,,
long_straddle_24h,long_vol_proxy,24,p90,0.9,immediate,oil_gas_energy,QQQ,5,0.6,0.46084337349398585,0.32613889278090624,1.630694463904531,3.50005523488193,0.010103950103950154,0.9661016949152542,0.0,0.2,1.868475991649293,0.9457202505219221,,,,
long_straddle_24h,long_vol_proxy,24,p90,0.9,immediate,oil_gas_energy,SLV,2,0.5,2.4254658385093184,2.4254658385093184,4.850931677018637,33.541666666667375,0.012457684549797454,0.9614182692307692,0.5,0.5,1.0434782608695654,10.701213346815134,,,,
long_straddle_24h,long_vol_proxy,24,p90,0.9,immediate,oil_gas_energy,SPY,5,0.6,0.6910112359550771,0.48055525634465085,2.4027762817232543,4.784514940109831,0.005454361805999897,0.9692307692307692,0.0,0.4,2.302752293577906,1.6323185011709735,,,,
long_straddle_24h,long_vol_proxy,24,p90,0.9,immediate,oil_gas_energy,UNG,3,1.0,3.8235294117646594,4.089324618736372,12.267973856209116,inf,0.008970976253298346,0.9830508474576272,0.6666666666666666,0.6666666666666666,0.0,5.8823529411764115,,,,
long_straddle_24h,long_vol_proxy,24,p90,0.9,immediate,oil_gas_energy,USO,4,0.75,2.4684684684684655,2.1187351499851452,8.474940599940581,10.305817129346465,0.011862776606151315,0.9684485006518906,0.0,0.25,4.618468468468465,1.3690476190476089,,,,
long_straddle_24h,long_vol_proxy,24,p90,0.9,immediate,fed_inflation_rates,GLD,7,0.8571428571428571,0.6608695652173802,1.288862909436197,9.022040366053378,10.705223823616512,0.007403368217948403,0.9230769230769231,0.2857142857142857,0.2857142857142857,2.7956521739130324,0.8096590909091016,,,,
long_straddle_24h,long_vol_proxy,24,p90,0.9,immediate,fed_inflation_rates,QQQ,2,0.0,-0.8393759488180438,-0.8393759488180438,-1.6787518976360876,0.0,0.010001036962420384,0.9682219419924338,0.5,1.0,0.49819453480807196,1.1460529169377491,,,,
long_straddle_24h,long_vol_proxy,24,p90,0.9,immediate,fed_inflation_rates,SLV,8,0.625,0.24906976744186649,1.7466326456222232,13.973061164977786,10.162192213007065,0.017704546813518518,0.9765508684863524,0.125,0.25,1.859069767441866,0.6330873025025929,,,,
long_straddle_24h,long_vol_proxy,24,p90,0.9,immediate,fed_inflation_rates,SPY,2,0.0,-0.42910731760356563,-0.42910731760356563,-0.8582146352071313,0.0,0.00713128893844811,0.9682219419924338,0.5,0.5,0.757247346542773,1.1010467460125035,,,,
long_straddle_24h,long_vol_proxy,24,p90,0.9,immediate,fed_inflation_rates,UNG,7,0.5714285714285714,0.9523809523809452,0.8080742656078577,5.6565198592550034,10.521050328290606,0.019028871391076008,0.9538461538461539,0.2857142857142857,0.42857142857142855,1.2413793103448354,1.4418604651162723,,,,
long_straddle_24h,long_vol_proxy,24,p90,0.9,immediate,fed_inflation_rates,USO,4,1.0,2.631309852296733,2.8356549261483632,11.342619704593453,inf,0.010032054532433277,0.9282471626733921,0.0,0.0,6.1585011709601964,0.7002545968882619,,,,
long_straddle_24h,long_vol_proxy,24,p90,0.9,immediate,immigration_border,GLD,11,0.6363636363636364,0.4910179640718475,1.0373439142329632,11.410783056562597,4.84864782680896,0.005477564943584312,0.9508196721311475,0.36363636363636365,0.5454545454545454,0.9450292397660788,2.1209068010075462,,,,
long_straddle_24h,long_vol_proxy,24,p90,0.9,immediate,immigration_border,QQQ,10,0.7,0.87287091396682,1.026470515980704,10.26470515980704,5.057463778077939,0.006059838179529098,0.9756742464304601,0.0,0.2,1.330521472392626,0.8324609037848164,,,,
long_straddle_24h,long_vol_proxy,24,p90,0.9,immediate,immigration_border,SLV,6,0.6666666666666666,2.2692658458732304,2.259340460521916,13.556042763131495,14.797654475599758,0.017236105265163615,0.952116935483871,0.3333333333333333,0.8333333333333334,0.7020070694348467,2.478515324195287,,,,
long_straddle_24h,long_vol_proxy,24,p90,0.9,immediate,immigration_border,SPY,8,0.625,0.57252262193775,1.115984133453476,8.927873067627807,5.580277260262681,0.008044937860125834,0.9842431761786601,0.125,0.5,1.2758207171870097,1.1580096373133195,,,,
long_straddle_24h,long_vol_proxy,24,p90,0.9,immediate,immigration_border,UNG,6,0.8333333333333334,1.8583333333333751,1.7716559645805088,10.629935787483053,15.805981989708497,0.014167000542323616,0.9589512711864407,0.16666666666666666,0.3333333333333333,1.6439283986453765,2.2292452830188645,,,,
long_straddle_24h,long_vol_proxy,24,p90,0.9,immediate,immigration_border,USO,13,0.6153846153846154,0.5999999999999659,1.1021217141346902,14.327582283750973,5.106566438189907,0.011716919231370193,0.9333333333333333,0.3076923076923077,0.46153846153846156,1.0317460317460483,1.3818181818181854,,,,
long_straddle_24h,long_vol_proxy,24,p90,0.9,immediate,domestic_politics_attacks,GLD,6,0.3333333333333333,-0.287573486769541,0.9835093083091383,5.90105584985483,4.02172469253306,0.005614120736793293,0.9423182066703116,0.3333333333333333,0.6666666666666666,0.7166281939027241,0.4503986209868728,,,,
long_straddle_24h,long_vol_proxy,24,p90,0.9,immediate,domestic_politics_attacks,QQQ,6,0.6666666666666666,0.585204269414793,0.7173535890138588,4.304121534083153,3.8016214806228583,0.00683767095099197,0.9307692307692308,0.0,0.16666666666666666,1.4730039608088696,0.7987127296732303,,,,
long_straddle_24h,long_vol_proxy,24,p90,0.9,immediate,domestic_politics_attacks,SLV,8,1.0,1.5897370653095768,2.072540258448508,16.580322067588064,inf,0.013168947072152215,0.9527295285359803,0.5,0.5,1.1047803617570917,2.1336917562723894,,,,
long_straddle_24h,long_vol_proxy,24,p90,0.9,immediate,domestic_politics_attacks,SPY,6,0.6666666666666666,0.4557379147071243,0.8828988563751604,5.297393138250962,7.482750742970558,0.00455415316052904,0.9384615384615385,0.16666666666666666,0.16666666666666666,1.6657498397778299,0.8233995584988969,,,,
long_straddle_24h,long_vol_proxy,24,p90,0.9,immediate,domestic_politics_attacks,UNG,13,0.6923076923076923,0.6923076923076965,0.5627262137713686,7.315440779027791,4.889917454988287,0.015978695073235683,0.9538461538461539,0.3076923076923077,0.46153846153846156,1.3043478260869672,1.7499999999999982,,,,
long_straddle_24h,long_vol_proxy,24,p90,0.9,immediate,domestic_politics_attacks,USO,8,0.75,1.2515133171913195,1.3985055283100825,11.18804422648066,15.36617226310229,0.009195516120761416,0.9514993481095176,0.25,0.5,2.05704008221998,1.0542372881355924,,,,
long_straddle_24h,long_vol_proxy,24,p90,0.9,immediate,other,GLD,135,0.5851851851851851,0.3786982248520634,1.0677738532733163,144.1494701918977,5.9341052052143235,0.006470630526997034,0.953125,0.32592592592592595,0.5111111111111111,0.9636363636362941,1.2000000000000206,,,,
long_straddle_24h,long_vol_proxy,24,p90,0.9,immediate,other,QQQ,147,0.6326530612244898,0.7103448275861659,1.2212099170931467,179.51785781269257,8.511023571397956,0.006963649085396373,0.9538461538461539,0.2585034013605442,0.4557823129251701,1.104868913857712,1.1572327044025148,,,,
long_straddle_24h,long_vol_proxy,24,p90,0.9,immediate,other,SLV,130,0.6384615384615384,0.7323725055432432,1.2631030444618436,164.20339578003967,7.150668186388376,0.013237741185197494,0.951216287678477,0.26153846153846155,0.38461538461538464,1.4229249011857616,0.9257105943152479,,,,
long_straddle_24h,long_vol_proxy,24,p90,0.9,immediate,other,SPY,160,0.7,0.8254672157111198,1.3398681979721594,214.3789116755455,9.915246489058628,0.005449814496596428,0.9538461538461539,0.28125,0.41875,1.1589536516853287,1.1279478092783448,,,,
long_straddle_24h,long_vol_proxy,24,p90,0.9,immediate,other,UNG,166,0.6626506024096386,0.6333333333333413,1.1355785761785422,188.506043645638,7.6339704689870915,0.0163837417419615,0.9523689516129032,0.2891566265060241,0.46987951807228917,1.0701970443349715,1.2163742690058497,,,,
long_straddle_24h,long_vol_proxy,24,p90,0.9,immediate,other,USO,153,0.6470588235294118,0.6029411764705899,1.2110958157119176,185.2976598039234,7.397257412305127,0.01160365058670143,0.953125,0.3202614379084967,0.5163398692810458,0.9661016949152491,1.3421052631579242,,,,
long_straddle_24h,long_vol_proxy,24,p90,0.9,delayed,tariffs_trade,GLD,19,0.3157894736842105,-0.4489795918367461,-0.2879777044762508,-5.471576385048765,0.35122198715052105,0.011721869111118055,0.9833333333333333,0.42105263157894735,0.6842105263157895,0.5510204081632539,0.3499999999999943,,,,
long_straddle_24h,long_vol_proxy,24,p90,0.9,delayed,tariffs_trade,QQQ,22,0.3181818181818182,-0.35191869956085725,0.196897711928069,4.3317496624175185,1.444741542819083,0.00823570080424052,1.0,0.5,0.9545454545454546,0.501506857046097,1.1790442418101987,,,,
long_straddle_24h,long_vol_proxy,24,p90,0.9,delayed,tariffs_trade,SLV,25,0.36,-0.27027027027026373,0.18745453744114698,4.686363436028675,1.6102529807034218,0.014423076923076872,0.9830508474576272,0.44,0.6,0.7122302158273393,0.7297297297297363,,,,
long_straddle_24h,long_vol_proxy,24,p90,0.9,delayed,tariffs_trade,SPY,20,0.35,-0.4100418410041875,0.520473697179052,10.40947394358104,2.4376034791556718,0.007765026206366987,1.0,0.7,0.95,0.32904153406244796,1.3863319386331874,,,,
long_straddle_24h,long_vol_proxy,24,p90,0.9,delayed,tariffs_trade,UNG,27,0.5555555555555556,0.10869565217390664,0.5839538979819588,15.766755245512888,3.6716962475615946,0.02300000000000002,1.0,0.2222222222222222,0.48148148148148145,1.0909090909090895,1.2500000000000044,,,,
long_straddle_24h,long_vol_proxy,24,p90,0.9,delayed,tariffs_trade,USO,17,0.5882352941176471,0.13742690058479434,0.22822025157845985,3.8797442768338173,2.078050056139736,0.014097142124823714,0.9649122807017544,0.47058823529411764,0.7647058823529411,0.5181818181818276,1.2453987730061349,,,,
long_straddle_24h,long_vol_proxy,24,p90,0.9,delayed,war_geopolitics,GLD,68,0.5147058823529411,0.03840210972028868,0.09106545457816656,6.192450911315326,1.2849400683207903,0.013279257486919271,0.9830508474576272,0.4411764705882353,0.6617647058823529,0.5988097684865726,0.34978522336769896,,,,
long_straddle_24h,long_vol_proxy,24,p90,0.9,delayed,war_geopolitics,QQQ,76,0.27631578947368424,-0.3333333333333306,-0.13180724622562198,-10.01735071314727,0.678202400372786,0.008865450864503965,1.0,0.5657894736842105,0.7763157894736842,0.4187327823691415,0.9063829787233936,,,,
long_straddle_24h,long_vol_proxy,24,p90,0.9,delayed,war_geopolitics,SLV,69,0.5362318840579711,0.09999999999997877,0.848917334861966,58.57529610547565,4.695450499794032,0.017108352901710755,0.9830508474576272,0.5652173913043478,0.7246376811594203,0.47552447552448274,1.0952380952380996,,,,
long_straddle_24h,long_vol_proxy,24,p90,0.9,delayed,war_geopolitics,SPY,71,0.4647887323943662,-0.005964214711724258,-0.003494168472218059,-0.2480859615274822,0.9904136356486065,0.0059827527183216045,1.0,0.5492957746478874,0.6619718309859155,0.44105691056912416,0.9900000000000091,,,,
long_straddle_24h,long_vol_proxy,24,p90,0.9,delayed,war_geopolitics,UNG,84,0.7380952380952381,0.657142857142859,1.2215840067290662,102.61305656524156,12.188010361340393,0.017858462397403352,1.0,0.27380952380952384,0.4166666666666667,1.3093582887700563,0.8897435897435981,,,,
long_straddle_24h,long_vol_proxy,24,p90,0.9,delayed,war_geopolitics,USO,60,0.36666666666666664,-0.1927010923535324,0.07194633270460944,4.316779962276566,1.2340913728990013,0.02463799438080838,1.0,0.5833333333333334,0.7833333333333333,0.44230769230768363,0.7929515418502194,,,,
long_straddle_24h,long_vol_proxy,24,p90,0.9,delayed,oil_gas_energy,GLD,3,1.0,1.0287356321838819,1.0398972750587239,3.119691825176172,inf,0.006273181006456241,0.9491525423728814,0.0,0.3333333333333333,2.028735632183882,0.07956318252730007,,,,
long_straddle_24h,long_vol_proxy,24,p90,0.9,delayed,oil_gas_energy,QQQ,5,0.2,-0.3770491803278797,-0.20101269599408714,-1.0050634799704357,0.5977522145077997,0.007267441860465018,1.0,0.6,1.0,0.13075506445670615,0.8917647058823444,,,,
long_straddle_24h,long_vol_proxy,24,p90,0.9,delayed,oil_gas_energy,SLV,4,0.5,0.4310947673016621,0.6799687746502504,2.7198750986010016,4.429407733018585,0.011120325633641237,0.9661016949152543,0.75,0.75,0.3929346515553389,1.6724137931034513,,,,
long_straddle_24h,long_vol_proxy,24,p90,0.9,delayed,oil_gas_energy,SPY,5,0.2,-0.5121951219511858,-0.16056100904582316,-0.8028050452291158,0.654587166183277,0.003948652274667674,0.9830508474576272,0.6,1.0,0.3359073359073335,1.0617760617760488,,,,
long_straddle_24h,long_vol_proxy,24,p90,0.9,delayed,oil_gas_energy,UNG,4,0.75,1.5982142857142758,1.8368429919137417,7.347371967654967,9.653571428571409,0.012331449706823594,0.9444444444444444,0.25,0.25,1.9732142857142785,1.1333333333333395,,,,
long_straddle_24h,long_vol_proxy,24,p90,0.9,delayed,oil_gas_energy,USO,5,0.4,-0.3645374449339205,-0.2969965578126969,-1.4849827890634846,0.15618143337569027,0.02463799438080838,1.0,0.8,1.0,0.0770925110132145,1.4444444444444489,,,,
long_straddle_24h,long_vol_proxy,24,p90,0.9,delayed,fed_inflation_rates,GLD,10,0.1,-0.5118483412322166,-0.5368752220839482,-5.3687522208394824,0.012394094692795784,0.006786966451156395,0.9833333333333333,0.4,0.5,0.8622786735854273,0.28382021306929217,,,,
long_straddle_24h,long_vol_proxy,24,p90,0.9,delayed,fed_inflation_rates,QQQ,4,0.25,-0.1444831722411538,-0.07282164630429891,-0.29128658521719564,0.7590968067285967,0.007358211583446683,1.0,0.75,0.75,0.0878721887868381,1.803886204019174,,,,
long_straddle_24h,long_vol_proxy,24,p90,0.9,delayed,fed_inflation_rates,SLV,10,0.1,-0.7662003825920602,-0.48579027318419854,-4.857902731841985,0.2221131919791121,0.02035928143712573,0.9838709677419355,0.6,0.6,0.40350367789391817,0.2058823529411774,,,,
long_straddle_24h,long_vol_proxy,24,p90,0.9,delayed,fed_inflation_rates,SPY,11,0.5454545454545454,0.17532467532466756,0.4214499076083457,4.635948983691803,2.744866108554574,0.0033630798731471012,0.9838709677419355,0.6363636363636364,0.6363636363636364,0.3550000000000182,1.5959302325581697,,,,
long_straddle_24h,long_vol_proxy,24,p90,0.9,delayed,fed_inflation_rates,UNG,11,0.5454545454545454,0.34482758620688814,0.3009363017974668,3.3102993197721347,2.6636491077020867,0.02160664819944591,1.0,0.0,0.5454545454545454,0.9999999999999988,1.071428571428557,,,,
long_straddle_24h,long_vol_proxy,24,p90,0.9,delayed,fed_inflation_rates,USO,4,0.25,-0.79211229946524,0.03109215241568075,0.124368609662723,1.04941817979678,0.018136955434201907,0.9830508474576272,0.25,0.25,1.4117647058823608,0.29855590885002736,,,,
long_straddle_24h,long_vol_proxy,24,p90,0.9,delayed,immigration_border,GLD,27,0.5185185185185185,0.008741258741250757,-0.0256119558752571,-0.6915228086319417,0.9113912208513154,0.01453595471748681,0.9830508474576272,0.37037037037037035,0.5555555555555556,0.6767485822306182,0.30526315789473213,,,,
long_straddle_24h,long_vol_proxy,24,p90,0.9,delayed,immigration_border,QQQ,25,0.32,-0.2574750830564716,0.48620448502607255,12.155112125651813,2.302725552360951,0.006629047279899103,1.0,0.48,0.8,0.6084656084656008,1.0222222222222146,,,,
long_straddle_24h,long_vol_proxy,24,p90,0.9,delayed,immigration_border,SLV,24,0.4583333333333333,-0.2646809712027081,0.25156267043622965,6.037504090469511,1.820046595844651,0.017876056123216022,0.9830508474576272,0.375,0.625,0.9628146453089277,0.6176470588235322,,,,
long_straddle_24h,long_vol_proxy,24,p90,0.9,delayed,immigration_border,SPY,23,0.30434782608695654,-0.4838095238095169,0.06600403064577452,1.518092704852814,1.1540393339598718,0.0059827527183216045,1.0,0.4782608695652174,0.7391304347826086,0.5313351498637311,0.8369304556355021,,,,
long_straddle_24h,long_vol_proxy,24,p90,0.9,delayed,immigration_border,UNG,32,0.5,0.007383441181349815,0.4433118779724259,14.185980095117628,3.3222693647979074,0.030532767943799943,1.0,0.28125,0.5625,0.8716216216216214,0.5837049742710128,,,,
long_straddle_24h,long_vol_proxy,24,p90,0.9,delayed,immigration_border,USO,19,0.3684210526315789,-0.1274509803921553,0.05984615081634579,1.13707686551057,1.1678022909223102,0.014319151865620272,0.9649122807017544,0.5789473684210527,0.7368421052631579,0.4705882352941141,1.0714285714285832,,,,
long_straddle_24h,long_vol_proxy,24,p90,0.9,delayed,domestic_politics_attacks,GLD,60,0.43333333333333335,-0.1530929059988015,0.06876178818834115,4.125707291300469,1.2116074770894194,0.01346648509608106,0.9833333333333333,0.31666666666666665,0.65,0.5749408633944442,0.37987781596028103,,,,
long_straddle_24h,long_vol_proxy,24,p90,0.9,delayed,domestic_politics_attacks,QQQ,67,0.34328358208955223,-0.41473684210526895,0.21652508806346235,14.507180900251978,1.525406330542384,0.009316126150557547,1.0,0.47761194029850745,0.6417910447761194,0.5370018975331833,0.7071005917159733,,,,
long_straddle_24h,long_vol_proxy,24,p90,0.9,delayed,domestic_politics_attacks,SLV,62,0.3870967741935484,-0.29306487695749495,0.053966438815717284,3.3459192065744716,1.182315378557545,0.017108352901710755,0.9830508474576272,0.3225806451612903,0.6612903225806451,0.7720469255663507,0.6209831254585472,,,,
long_straddle_24h,long_vol_proxy,24,p90,0.9,delayed,domestic_politics_attacks,SPY,66,0.4393939393939394,-0.31422850150182596,0.3844990128427319,25.376934847620305,2.149035378743771,0.0072428291671465805,1.0,0.45454545454545453,0.7878787878787878,0.6054219707685244,0.7142675982882261,,,,
long_straddle_24h,long_vol_proxy,24,p90,0.9,delayed,domestic_politics_attacks,UNG,81,0.5432098765432098,0.21428571428573684,0.6935280795534434,56.175774443828914,5.409228707859382,0.01866666666666661,1.0,0.25925925925925924,0.5679012345679012,0.8490566037735817,0.7352941176470591,,,,
long_straddle_24h,long_vol_proxy,24,p90,0.9,delayed,domestic_politics_attacks,USO,43,0.3953488372093023,-0.37777777777777266,-0.17260310232419193,-7.421933399940253,0.5557924649066253,0.014733969986357454,0.9649122807017544,0.4883720930232558,0.627906976744186,0.5185185185185228,0.5775401069518693,,,,
long_straddle_24h,long_vol_proxy,24,p90,0.9,delayed,other,GLD,591,0.4703891708967851,-0.027711797307998665,0.13446376639257668,79.46808593801282,1.43222336405038,0.011721869111118055,0.9830508474576272,0.3333333333333333,0.5888324873096447,0.7299270072992828,0.3250000000000011,,,,
long_straddle_24h,long_vol_proxy,24,p90,0.9,delayed,other,QQQ,648,0.38580246913580246,-0.2842105263158079,0.30799496966230994,199.58074034117683,1.8770955761261023,0.006709833330450277,1.0,0.47530864197530864,0.7129629629629629,0.6084656084656008,0.8958547116110593,,,,
long_straddle_24h,long_vol_proxy,24,p90,0.9,delayed,other,SLV,621,0.4170692431561997,-0.16111111111110699,0.28192026588260927,175.07248511310036,2.035400844178441,0.015625,0.9830508474576272,0.3752012882447665,0.6280193236714976,0.7380073800737986,0.6199999999999903,,,,
long_straddle_24h,long_vol_proxy,24,p90,0.9,delayed,other,SPY,611,0.4369885433715221,-0.3722772277227522,0.30068462946970703,183.718308605991,1.8801364634438769,0.0059827527183216045,1.0,0.4877250409165303,0.7152209492635024,0.5096525096524788,0.9414316702819752,,,,
long_straddle_24h,long_vol_proxy,24,p90,0.9,delayed,other,UNG,805,0.5167701863354037,0.12068965517241437,0.6428470383184063,517.4918658463171,4.01243063530114,0.02376811594202899,1.0,0.3142857142857143,0.5577639751552795,0.8490566037735817,0.8888888888888882,,,,
long_straddle_24h,long_vol_proxy,24,p90,0.9,delayed,other,USO,435,0.4160919540229885,-0.15384615384615108,0.03313104718444509,14.412005525233614,1.1040712322312243,0.015108451757666508,0.9672131147540983,0.5103448275862069,0.6827586206896552,0.48198198198197917,0.7929515418502194,,,,
long_straddle_72h,long_vol_proxy,72,all,0.0,immediate,tariffs_trade,GLD,95,0.8631578947368421,5.0,3.3917593303240325,322.2171363807831,47.72916474224787,0.0014781774331578124,0.5692307692307692,,,,,0.1368421052631579,0.2,5.074074074074091,6.487804878048446
long_straddle_72h,long_vol_proxy,72,all,0.0,immediate,tariffs_trade,QQQ,95,0.8631578947368421,4.882113821138136,3.208269267094836,304.78558037400944,58.59573716285017,0.0020180194871376456,0.6307692307692307,,,,,0.1368421052631579,0.18947368421052632,6.642857142855142,4.2703081232492925
long_straddle_72h,long_vol_proxy,72,all,0.0,immediate,tariffs_trade,SLV,93,0.8172043010752689,5.0,3.2513141212306556,302.372213274451,48.723961604034635,0.0024227740763174133,0.4838709677419355,,,,,0.13978494623655913,0.23655913978494625,5.523809523809298,6.44444444444426
long_straddle_72h,long_vol_proxy,72,all,0.0,immediate,tariffs_trade,SPY,95,0.8842105263157894,4.367088607594423,3.1343923969220104,297.767277707591,47.62385564941822,0.0016038874420376548,0.6721311475409836,,,,,0.15789473684210525,0.24210526315789474,5.406976744186032,4.095238095239126
long_straddle_72h,long_vol_proxy,72,all,0.0,immediate,tariffs_trade,UNG,91,0.8901098901098901,5.0,3.4127372708095725,310.5590916436711,93.23611244329115,0.004773269689737347,0.5901639344262295,,,,,0.13186813186813187,0.2087912087912088,4.666666666666673,5.647058823529419
long_straddle_72h,long_vol_proxy,72,all,0.0,immediate,tariffs_trade,USO,90,0.8333333333333334,4.152777777777715,3.1524598087364737,283.7213827862826,34.83701696210371,0.0031529816916597286,0.6229508196721312,,,,,0.1,0.2,4.729166666666542,6.533251231527037
long_straddle_72h,long_vol_proxy,72,all,0.0,immediate,war_geopolitics,GLD,152,0.9013157894736842,5.0,3.544810725161929,538.8112302246133,120.80406689072073,0.001364467701693295,0.49230769230769234,,,,,0.09210526315789473,0.17763157894736842,6.656666666666588,7.2471014492753625
long_straddle_72h,long_vol_proxy,72,all,0.0,immediate,war_geopolitics,QQQ,153,0.9019607843137255,5.0,3.5321154042480236,540.4136568499476,75.73779835704143,0.0015692497575596764,0.5538461538461539,,,,,0.0718954248366013,0.13725490196078433,6.627118644067875,5.515068493150718
long_straddle_72h,long_vol_proxy,72,all,0.0,immediate,war_geopolitics,SLV,148,0.8648648648648649,5.0,3.2790416201555086,485.29815978301525,46.25558293551269,0.0029949425953523234,0.5668734491315137,,,,,0.10135135135135136,0.1891891891891892,5.617346938775604,6.276836158192291
long_straddle_72h,long_vol_proxy,72,all,0.0,immediate,war_geopolitics,SPY,153,0.8954248366013072,5.0,3.454460906958765,528.5325187646911,70.77028527547563,0.0013456013383278398,0.5806451612903226,,,,,0.058823529411764705,0.12418300653594772,6.171428571428662,5.776315789473736
long_straddle_72h,long_vol_proxy,72,all,0.0,immediate,war_geopolitics,UNG,144,0.8194444444444444,5.0,3.0499119141606768,439.18731563913747,31.92617919647041,0.004250127571564288,0.5397225725094578,,,,,0.125,0.19444444444444445,5.345238095238125,6.450000000000116
long_straddle_72h,long_vol_proxy,72,all,0.0,immediate,war_geopolitics,USO,147,0.8367346938775511,5.0,3.184712715676493,468.15276920444444,33.594937462823154,0.00347222222222221,0.6307692307692307,,,,,0.14965986394557823,0.21768707482993196,5.148648648648687,4.92647058823534
long_straddle_72h,long_vol_proxy,72,all,0.0,immediate,oil_gas_energy,GLD,23,1.0,5.0,4.259030992735923,97.95771283292623,inf,0.0010498815831236907,0.38461538461538464,,,,,0.13043478260869565,0.17391304347826086,3.65217391304343,8.347826086956385
long_straddle_72h,long_vol_proxy,72,all,0.0,immediate,oil_gas_energy,QQQ,23,0.8695652173913043,5.0,3.3135880414545333,76.21252495345426,41.01228065652078,0.0010894991508316743,0.43548387096774194,,,,,0.13043478260869565,0.17391304347826086,8.185258964143358,5.799999999998712
long_straddle_72h,long_vol_proxy,72,all,0.0,immediate,oil_gas_energy,SLV,24,0.9166666666666666,3.857142857142717,3.003548324860116,72.08515979664278,58.66812783731627,0.0015431483169972005,0.4587641866330391,,,,,0.16666666666666666,0.25,5.750000000000089,9.49999999999849
long_straddle_72h,long_vol_proxy,72,all,0.0,immediate,oil_gas_energy,SPY,24,0.9166666666666666,4.958904109588962,3.4008623888325835,81.620697331982,93.86925119737752,0.0013682420137902662,0.6299007444168734,,,,,0.08333333333333333,0.16666666666666666,6.938814134972202,6.086512168444096
long_straddle_72h,long_vol_proxy,72,all,0.0,immediate,oil_gas_energy,UNG,23,0.8695652173913043,5.0,3.756213209921643,86.39290382819779,77.79369229172798,0.005123825789923098,0.7538461538461538,,,,,0.17391304347826086,0.21739130434782608,4.399999999999915,7.599999999999907
long_straddle_72h,long_vol_proxy,72,all,0.0,immediate,oil_gas_energy,USO,24,0.9583333333333334,4.255656108597265,3.499450012536301,83.98680030087122,336.9472012035446,0.003890474203133154,0.7,,,,,0.20833333333333334,0.3333333333333333,3.1712962962963873,5.870065789473786
long_straddle_72h,long_vol_proxy,72,all,0.0,immediate,fed_inflation_rates,GLD,46,0.8695652173913043,4.724999999999994,3.19697504727228,147.06085217452488,57.222352056842,0.001696297825338866,0.5156368221941993,,,,,0.08695652173913043,0.10869565217391304,6.032077051926206,2.3982758620689593
long_straddle_72h,long_vol_proxy,72,all,0.0,immediate,fed_inflation_rates,QQQ,46,0.8913043478260869,3.7902402402402777,3.228327041507165,148.5030439093296,49.70184201202441,0.001322994577975023,0.5242503259452412,,,,,0.06521739130434782,0.15217391304347827,5.239583333332999,5.2736111111110615
long_straddle_72h,long_vol_proxy,72,all,0.0,immediate,fed_inflation_rates,SLV,44,0.9318181818181818,5.0,4.007261258094349,176.31949535615138,90.7612323761525,0.004016064257028051,0.5556116015132408,,,,,0.045454545454545456,0.11363636363636363,6.856209150326846,3.5904761904761964
long_straddle_72h,long_vol_proxy,72,all,0.0,immediate,fed_inflation_rates,SPY,46,0.8913043478260869,3.267367906066363,2.9874964127583525,137.4248349868842,49.495095872638984,0.0011246996100329198,0.5752986940816893,,,,,0.13043478260869565,0.15217391304347827,4.821356275303547,4.572544858190049
long_straddle_72h,long_vol_proxy,72,all,0.0,immediate,fed_inflation_rates,UNG,45,0.8222222222222222,3.000000000000089,2.859790467857616,128.69057105359272,39.14430908594065,0.005405405405405239,0.5409836065573771,,,,,0.06666666666666667,0.13333333333333333,3.520833333333329,5.250000000000133
long_straddle_72h,long_vol_proxy,72,all,0.0,immediate,fed_inflation_rates,USO,43,1.0,5.0,4.094116514872869,176.04701013953337,inf,0.002192982456140413,0.47540983606557374,,,,,0.09302325581395349,0.13953488372093023,6.888888888888521,6.676470588235237
long_straddle_72h,long_vol_proxy,72,all,0.0,immediate,immigration_border,GLD,83,0.927710843373494,5.0,3.439029541466166,285.43945194169174,84.11007870426735,0.0016239158516331287,0.5833333333333334,,,,,0.07228915662650602,0.1686746987951807,4.741007194244439,4.1428571428575145
long_straddle_72h,long_vol_proxy,72,all,0.0,immediate,immigration_border,QQQ,84,0.9285714285714286,5.0,3.5084565668239454,294.7103516132114,84.49021924063535,0.0014104259057358126,0.5353598014888337,,,,,0.08333333333333333,0.17857142857142858,4.22664215276613,5.6936652641420835
long_straddle_72h,long_vol_proxy,72,all,0.0,immediate,immigration_border,SLV,82,0.8292682926829268,5.0,3.2339702538623967,265.18556081671653,36.48215214527097,0.0021183060730423087,0.5125706214689265,,,,,0.14634146341463414,0.23170731707317074,4.000000000000107,7.958333333333112
long_straddle_72h,long_vol_proxy,72,all,0.0,immediate,immigration_border,SPY,83,0.9036144578313253,5.0,3.3860829933683756,281.0448884495752,87.5738013152073,0.0012627591286962225,0.5483870967741935,,,,,0.1566265060240964,0.26506024096385544,3.1304347826085666,5.8512396694213455
long_straddle_72h,long_vol_proxy,72,all,0.0,immediate,immigration_border,UNG,80,0.925,4.944444444444455,3.3542235680012524,268.3378854401002,94.43524460257173,0.003626656848306431,0.5169491525423728,,,,,0.1125,0.175,7.333333333333265,6.450000000000244
long_straddle_72h,long_vol_proxy,72,all,0.0,immediate,immigration_border,USO,81,0.8148148148148148,5.0,3.275607137974789,265.3241781759579,45.31898133094788,0.0023041474654377225,0.5573770491803278,,,,,0.08641975308641975,0.20987654320987653,4.695652173912955,7.833333333333097
long_straddle_72h,long_vol_proxy,72,all,0.0,immediate,domestic_politics_attacks,GLD,90,0.9,5.0,3.546037551969383,319.14337967724447,53.69633659842747,0.0008954536853697515,0.3885245901639344,,,,,0.06666666666666667,0.12222222222222222,7.340579710144036,10.335227272728044
long_straddle_72h,long_vol_proxy,72,all,0.0,immediate,domestic_politics_attacks,QQQ,92,0.9021739130434783,5.0,3.703050593434573,340.68065459598074,70.20272456967733,0.001335916756015909,0.5322916666666666,,,,,0.09782608695652174,0.09782608695652174,6.644395604395728,6.45551414929531
long_straddle_72h,long_vol_proxy,72,all,0.0,immediate,domestic_politics_attacks,SLV,90,0.9222222222222223,5.0,3.5161691486189524,316.4552233757057,82.33636942711107,0.0020186157348418554,0.4553760593220339,,,,,0.12222222222222222,0.2,6.608142493638533,6.731457800511416
long_straddle_72h,long_vol_proxy,72,all,0.0,immediate,domestic_politics_attacks,SPY,90,0.9,5.0,3.67332334935399,330.5991014418591,73.91164071834208,0.0009518127816848798,0.48346762989719366,,,,,0.07777777777777778,0.1111111111111111,7.146051811121723,5.803556543484108
long_straddle_72h,long_vol_proxy,72,all,0.0,immediate,domestic_politics_attacks,UNG,86,0.8604651162790697,4.954545454545471,3.301759916941352,283.95135285695625,41.03066148173328,0.005049523147808821,0.5250069463739928,,,,,0.18604651162790697,0.22093023255813954,4.381818181818198,5.800699300699321
long_straddle_72h,long_vol_proxy,72,all,0.0,immediate,domestic_politics_attacks,USO,88,0.8977272727272727,4.617647058823505,3.269913474950025,287.7523857956022,73.96726708283373,0.002688529823094532,0.5889178617992177,,,,,0.07954545454545454,0.125,5.029304029304002,6.46634615384637
long_straddle_72h,long_vol_proxy,72,all,0.0,immediate,other,GLD,1344,0.9077380952380952,5.0,3.674502557518897,4938.531437305398,79.96809399368213,0.0013020556895957935,0.5081967213114754,,,,,0.10863095238095238,0.15922619047619047,6.352275280898704,6.941346153846428
long_straddle_72h,long_vol_proxy,72,all,0.0,immediate,other,QQQ,1346,0.9286775631500743,5.0,3.609680447771953,4858.629882701049,108.24233616376397,0.0011917360155238588,0.5084745762711864,,,,,0.08023774145616643,0.13893016344725112,7.09410319410318,6.604952830187467
long_straddle_72h,long_vol_proxy,72,all,0.0,immediate,other,SLV,1282,0.8837753510140406,5.0,3.4384544861823536,4408.098651285777,57.69645398216863,0.002164446634168038,0.515625,,,,,0.11076443057722309,0.18174726989079562,6.154761904761752,6.309523809524373
long_straddle_72h,long_vol_proxy,72,all,0.0,immediate,other,SPY,1346,0.8967310549777118,5.0,3.494425261295024,4703.4964017031025,76.52580811477488,0.0009171842733730617,0.5083356487913309,,,,,0.09435364041604755,0.14041604754829123,6.8779898427259365,6.33333333333305
long_straddle_72h,long_vol_proxy,72,all,0.0,immediate,other,UNG,1279,0.8928850664581705,5.0,3.392246128114573,4338.682797858539,65.41425304581978,0.004658385093167627,0.5901639344262295,,,,,0.11024237685691947,0.1704456606724003,5.374999999999992,5.666666666666785
long_straddle_72h,long_vol_proxy,72,all,0.0,immediate,other,USO,1305,0.8942528735632184,5.0,3.3773986850083144,4407.5052839358505,70.87592192858135,0.002379619260918231,0.532258064516129,,,,,0.11264367816091954,0.18160919540229886,5.62962962962955,5.849999999999925
long_straddle_72h,long_vol_proxy,72,all,0.0,delayed,tariffs_trade,GLD,38,0.7105263157894737,0.6320125348189398,1.7467906501927895,66.378044707326,11.680543604785754,0.005540163146018906,0.923728813559322,,,,,0.15789473684210525,0.3684210526315789,2.0107843137254786,1.5875491314821661
long_straddle_72h,long_vol_proxy,72,all,0.0,delayed,tariffs_trade,QQQ,38,0.8157894736842105,2.0206325426694343,2.172084801862245,82.53922247076531,23.993995640364496,0.004044493318416942,0.926857887874837,,,,,0.15789473684210525,0.42105263157894735,1.397957099080673,2.3599999999999937
long_straddle_72h,long_vol_proxy,72,all,0.0,delayed,tariffs_trade,SLV,38,0.631578947368421,0.5912082534355975,1.4561367524602442,55.33319659348928,9.976912309810743,0.009629936979488662,0.950382722799344,,,,,0.15789473684210525,0.34210526315789475,1.8413043478260391,1.4394736842105278
long_straddle_72h,long_vol_proxy,72,all,0.0,delayed,tariffs_trade,SPY,38,0.8157894736842105,2.4795068705912717,2.511740184865397,95.44612702488507,29.111221472183452,0.002903471100691335,0.9153846153846155,,,,,0.23684210526315788,0.2894736842105263,1.6750000000000387,3.156729131175468
long_straddle_72h,long_vol_proxy,72,all,0.0,delayed,tariffs_trade,UNG,38,0.6578947368421053,1.7849190283400882,2.0662155602925356,78.51619129111636,12.700845032532708,0.012648624490729843,0.9814814814814815,,,,,0.07894736842105263,0.23684210526315788,2.195652173913021,2.747826086956521
long_straddle_72h,long_vol_proxy,72,all,0.0,delayed,tariffs_trade,USO,37,0.8108108108108109,1.5545454545454698,2.1582348360475696,79.85468893376007,24.572194658176898,0.008107352530053014,0.8852459016393442,,,,,0.13513513513513514,0.35135135135135137,1.4390243902439228,3.281818181818198
long_straddle_72h,long_vol_proxy,72,all,0.0,delayed,war_geopolitics,GLD,105,0.7238095238095238,0.8640000000000023,1.43821925135872,151.0130213926656,10.757365045345084,0.006273181006456241,0.9491525423728814,,,,,0.1619047619047619,0.34285714285714286,2.021235521235524,1.2254335260115505
long_straddle_72h,long_vol_proxy,72,all,0.0,delayed,war_geopolitics,QQQ,105,0.6857142857142857,0.7909090909091021,1.4787079809395312,155.26433799865077,9.073150683388098,0.006477518713750019,1.0,,,,,0.26666666666666666,0.3619047619047619,1.7460317460317947,1.771349862258973
long_straddle_72h,long_vol_proxy,72,all,0.0,delayed,war_geopolitics,SLV,104,0.6153846153846154,1.0350274725274806,1.4994031952337918,155.93793230431436,9.262708406577305,0.01185673733799314,0.9745762711864407,,,,,0.19230769230769232,0.3269230769230769,1.9999999999996447,2.3655913978494643
long_straddle_72h,long_vol_proxy,72,all,0.0,delayed,war_geopolitics,SPY,105,0.7523809523809524,0.8916666666666695,1.6297570104624393,171.12448609855613,14.089433719633723,0.004016803628512644,0.9830508474576272,,,,,0.2,0.3047619047619048,1.8458333333333774,2.1806930693069035
long_straddle_72h,long_vol_proxy,72,all,0.0,delayed,war_geopolitics,UNG,104,0.7211538461538461,2.0,2.1389517933075615,222.45098650398637,18.166643599665225,0.011361251291451824,0.9814814814814815,,,,,0.1346153846153846,0.18269230769230768,3.145445134575562,2.051724137931033
long_straddle_72h,long_vol_proxy,72,all,0.0,delayed,war_geopolitics,USO,105,0.7428571428571429,1.071428571428818,1.927854448490001,202.4247170914501,25.24931750847328,0.011256507668496063,0.9473684210526315,,,,,0.20952380952380953,0.34285714285714286,2.5714285714286023,2.4999999999999916
long_straddle_72h,long_vol_proxy,72,all,0.0,delayed,oil_gas_energy,GLD,7,0.7142857142857143,0.13725490196080115,1.2128658112483746,8.490060678738622,15.690430005777579,0.004746504106656557,0.8983050847457628,,,,,0.0,0.2857142857142857,2.9252873563218094,4.039215686274586
long_straddle_72h,long_vol_proxy,72,all,0.0,delayed,oil_gas_energy,QQQ,7,1.0,2.3341176470588407,2.9606763315942963,20.724734321160074,inf,0.007267441860465018,1.0,,,,,0.14285714285714285,0.14285714285714285,3.8163265306124785,2.3599999999999937
long_straddle_72h,long_vol_proxy,72,all,0.0,delayed,oil_gas_energy,SLV,7,0.5714285714285714,0.0833333333333135,1.1286444692765263,7.900511284935684,12.034918211041056,0.00881325026591706,0.9491525423728814,,,,,0.14285714285714285,0.14285714285714285,3.8333333333331954,3.7619047619048698
long_straddle_72h,long_vol_proxy,72,all,0.0,delayed,oil_gas_energy,SPY,7,0.8571428571428571,4.575289575289528,3.4403044096834114,24.08213086778388,189.70326426249713,0.003948652274667674,0.9830508474576272,,,,,0.14285714285714285,0.14285714285714285,2.7692307692308615,2.7335907335907157
long_straddle_72h,long_vol_proxy,72,all,0.0,delayed,oil_gas_energy,UNG,7,0.8571428571428571,2.0,2.742330894621998,19.19631626235399,170.56746031746357,0.00742804085422466,0.9074074074074074,,,,,0.14285714285714285,0.14285714285714285,11.866666666666786,5.374999999999992
long_straddle_72h,long_vol_proxy,72,all,0.0,delayed,oil_gas_energy,USO,7,0.7142857142857143,1.5087719298245452,1.7513690850115549,12.259583595080883,17.011586388365817,0.014733969986357454,0.9649122807017544,,,,,0.14285714285714285,0.14285714285714285,5.195906432748509,2.2500000000000253
long_straddle_72h,long_vol_proxy,72,all,0.0,delayed,fed_inflation_rates,GLD,12,0.5833333333333334,0.2866530886915698,1.2652267339623184,15.182720807547822,6.615282431156191,0.006786966451156395,0.9831920903954803,,,,,0.25,0.4166666666666667,1.5104883902357673,0.947867298578193
long_straddle_72h,long_vol_proxy,72,all,0.0,delayed,fed_inflation_rates,QQQ,12,0.5833333333333334,0.8697691734921585,1.7878903787695488,21.454684545234585,7.829226966746023,0.0031193284936480437,0.8709677419354839,,,,,0.16666666666666666,0.3333333333333333,1.3696969696968886,3.6484848484847054
long_straddle_72h,long_vol_proxy,72,all,0.0,delayed,fed_inflation_rates,SLV,12,0.4166666666666667,-0.506319115323854,1.0625011120363472,12.750013344436166,3.7382833029775724,0.02035928143712573,0.9838709677419355,,,,,0.3333333333333333,0.4166666666666667,1.803547572699062,0.36007983384176334
long_straddle_72h,long_vol_proxy,72,all,0.0,delayed,fed_inflation_rates,SPY,12,0.5833333333333334,1.3916629347663894,1.8381575989668824,22.05789118760259,12.35896326918592,0.0031856187944933056,0.9673453199365415,,,,,0.5,0.5833333333333334,0.5540710539025808,1.5959302325581697
long_straddle_72h,long_vol_proxy,72,all,0.0,delayed,fed_inflation_rates,UNG,12,0.75,1.2254901960784312,1.0497969650024783,12.597563580029739,9.695801563734717,0.02160664819944591,1.0,,,,,0.0,0.3333333333333333,2.1468449448744966,2.110547667342799
long_straddle_72h,long_vol_proxy,72,all,0.0,delayed,fed_inflation_rates,USO,12,0.4166666666666667,-0.5342105263157972,0.8678659958347068,10.414391950016482,2.861264043064069,0.007760397720383283,0.8363636363636363,,,,,0.25,0.4166666666666667,1.4117647058823608,1.9218750000000044
long_straddle_72h,long_vol_proxy,72,all,0.0,delayed,immigration_border,GLD,43,0.6976744186046512,0.5797101449275053,1.3819577193556898,59.424181932294665,11.489308479589699,0.006812164211716931,0.9661016949152542,,,,,0.11627906976744186,0.27906976744186046,1.8156028368794752,0.9068322981366461
long_straddle_72h,long_vol_proxy,72,all,0.0,delayed,immigration_border,QQQ,43,0.7441860465116279,0.8189368770764061,1.8140797886229991,78.00543091078896,14.289044155979647,0.003934529430280165,0.9384615384615385,,,,,0.18604651162790697,0.3023255813953488,1.436363636363659,2.4937500000001473
long_straddle_72h,long_vol_proxy,72,all,0.0,delayed,immigration_border,SLV,43,0.5813953488372093,0.45982142857142083,1.7126131059220095,73.64236355464641,9.96020718809318,0.00916590284142993,0.9491525423728814,,,,,0.06976744186046512,0.23255813953488372,2.4411764705882315,1.2337662337662438
long_straddle_72h,long_vol_proxy,72,all,0.0,delayed,immigration_border,SPY,43,0.6976744186046512,0.9471544715448081,2.0743093762097473,89.19530317701914,16.133307991297176,0.00300815771583951,0.9508196721311475,,,,,0.16279069767441862,0.2558139534883721,1.7857142857142987,2.1806930693069035
long_straddle_72h,long_vol_proxy,72,all,0.0,delayed,immigration_border,UNG,42,0.6190476190476191,0.5572337042925232,1.587908910712032,66.69217424990535,9.523506368048785,0.021181834478233297,1.0,,,,,0.19047619047619047,0.30952380952380953,1.8465965965965985,1.5510204081632641
long_straddle_72h,long_vol_proxy,72,all,0.0,delayed,immigration_border,USO,43,0.813953488372093,1.7380952380952235,2.3609231968894897,101.51969746624806,26.829228585910094,0.007642393655371338,0.8363636363636363,,,,,0.20930232558139536,0.37209302325581395,2.263157894736783,2.1794871794871753
long_straddle_72h,long_vol_proxy,72,all,0.0,delayed,domestic_politics_attacks,GLD,109,0.6605504587155964,0.8640000000000023,1.6457252492080603,179.38405216367858,11.760670779250338,0.005417031785230675,0.9491525423728814,,,,,0.06422018348623854,0.29357798165137616,1.6996015936254951,1.695187165775375
long_straddle_72h,long_vol_proxy,72,all,0.0,delayed,domestic_politics_attacks,QQQ,109,0.6788990825688074,1.1838235294117418,1.7302535440800624,188.5976363047268,11.303059159292332,0.004886117342864704,0.9836065573770492,,,,,0.1834862385321101,0.30275229357798167,1.6926315789473607,2.4086021505374795
long_straddle_72h,long_vol_proxy,72,all,0.0,delayed,domestic_politics_attacks,SLV,109,0.7155963302752294,0.7999999999999716,1.8220940129432461,198.60824741081382,17.78774627714098,0.00881325026591706,0.9491525423728814,,,,,0.08256880733944955,0.22018348623853212,2.8776978417266177,1.3478260869565137
long_straddle_72h,long_vol_proxy,72,all,0.0,delayed,domestic_politics_attacks,SPY,108,0.6574074074074074,1.0387952621826124,1.80616401019868,195.06571310145745,11.90558417691467,0.0036215283643512564,0.9830508474576272,,,,,0.17592592592592593,0.2962962962962963,1.9708029197080144,2.7226277372262815
long_straddle_72h,long_vol_proxy,72,all,0.0,delayed,domestic_politics_attacks,UNG,108,0.7314814814814815,1.5166666666666662,1.9462992362522191,210.20031751523968,12.426426870176634,0.014790398918187897,0.9814814814814815,,,,,0.19444444444444445,0.3055555555555556,2.5862068965517158,2.7874837027379353
long_straddle_72h,long_vol_proxy,72,all,0.0,delayed,domestic_politics_attacks,USO,109,0.7155963302752294,1.4545454545454741,1.9271515453218941,210.05951844008646,15.654191326928444,0.007642393655371338,0.847457627118644,,,,,0.21100917431192662,0.3486238532110092,2.1874999999999973,2.450980392156838
long_straddle_72h,long_vol_proxy,72,all,0.0,delayed,other,GLD,1065,0.7408450704225352,1.0528301886792182,1.732526371220358,1845.1405853496813,13.991344477403233,0.005729064361945868,0.9491525423728814,,,,,0.11643192488262911,0.27323943661971833,1.9572649572649714,1.557046979865777
long_straddle_72h,long_vol_proxy,72,all,0.0,delayed,other,QQQ,1065,0.755868544600939,1.4180327868852292,1.915462214434616,2039.9672583728661,14.751513901664376,0.004685754306391732,0.9838709677419355,,,,,0.2140845070422535,0.3502347417840376,1.5733333333333424,2.8662337662337833
long_straddle_72h,long_vol_proxy,72,all,0.0,delayed,other,SLV,1059,0.6572237960339944,0.7999999999999716,1.7153026520452956,1816.5055085159681,11.285301746510232,0.00999432140829093,0.9491525423728814,,,,,0.13220018885741266,0.26534466477809254,2.2857142857143726,1.5789473684210567
long_straddle_72h,long_vol_proxy,72,all,0.0,delayed,other,SPY,1062,0.7410546139359698,1.298449612403045,1.9741191820060855,2096.5145712904628,16.409258338884182,0.003322016039337239,0.9661016949152542,,,,,0.2071563088512241,0.2900188323917137,1.7857142857142987,2.8483870967741494
long_straddle_72h,long_vol_proxy,72,all,0.0,delayed,other,UNG,1050,0.6895238095238095,1.3333333333333304,1.8555324489591971,1948.309071407157,12.355011135924892,0.014233241505968719,0.9814814814814815,,,,,0.16666666666666666,0.2819047619047619,2.3333333333333464,2.292364532019707
long_straddle_72h,long_vol_proxy,72,all,0.0,delayed,other,USO,1063,0.7572906867356538,1.5249999999999768,2.15751965300396,2293.4433911432093,19.663822240781723,0.006882312456985562,0.8181818181818182,,,,,0.17591721542803387,0.30103480714957664,2.215686274509773,2.4999999999999916
long_straddle_72h,long_vol_proxy,72,p80,0.8,immediate,tariffs_trade,GLD,27,0.7777777777777778,1.4210526315789882,2.221610651380713,59.98348758727925,16.673640366076793,0.0058014611087237045,0.9193548387096774,,,,,0.2222222222222222,0.37037037037037035,2.407098121085579,1.7276595744681111
long_straddle_72h,long_vol_proxy,72,p80,0.8,immediate,tariffs_trade,QQQ,33,0.7878787878787878,1.6719999999999953,2.3683655019245498,78.15606156351014,26.422911841640264,0.005431146444173307,0.9180327868852459,,,,,0.2727272727272727,0.36363636363636365,2.6481481481484446,2.703703703703743
long_straddle_72h,long_vol_proxy,72,p80,0.8,immediate,tariffs_trade,SLV,20,0.85,4.1562937062936935,3.247340694576522,64.94681389153044,52.19342902893881,0.007728197020740013,0.9038461538461539,,,,,0.35,0.45,1.2628458498023467,2.740112994350292
long_straddle_72h,long_vol_proxy,72,p80,0.8,immediate,tariffs_trade,SPY,31,0.7419354838709677,1.3125904486251776,2.1436543788123092,66.45328574318158,13.8964433507472,0.005059678256356892,0.9344262295081968,,,,,0.22580645161290322,0.41935483870967744,1.8857938718662735,1.9184549356222955
long_straddle_72h,long_vol_proxy,72,p80,0.8,immediate,tariffs_trade,UNG,22,0.6818181818181818,0.6738861386138578,1.5267420092722228,33.588324203988904,14.377581630451077,0.014079014715776939,0.9016129032258065,,,,,0.3181818181818182,0.5,1.0882352941176456,2.3283828382838356
long_straddle_72h,long_vol_proxy,72,p80,0.8,immediate,tariffs_trade,USO,27,0.7037037037037037,2.6282051282051206,2.2456221456056777,60.631797931353304,12.492387404876803,0.007551919446192712,0.8688524590163934,,,,,0.25925925925925924,0.37037037037037035,2.326530612244923,2.0416666666666683
long_straddle_72h,long_vol_proxy,72,p80,0.8,immediate,war_geopolitics,GLD,37,0.7837837837837838,2.025423728813584,2.1514908470808893,79.60516134199291,35.344063542708405,0.004817014675565945,0.9322033898305084,,,,,0.16216216216216217,0.2972972972972973,2.958637469586412,2.640000000000043
long_straddle_72h,long_vol_proxy,72,p80,0.8,immediate,war_geopolitics,QQQ,43,0.7674418604651163,0.9903381642511617,1.7857120196895742,76.78561684665169,17.531598457811988,0.004628181875039106,0.8983050847457628,,,,,0.13953488372093023,0.2558139534883721,2.183908045976974,2.5123456790122995
long_straddle_72h,long_vol_proxy,72,p80,0.8,immediate,war_geopolitics,SLV,35,0.7142857142857143,2.1451612903225867,2.083986825832469,72.93953890413641,13.104261350710726,0.010200927357032374,0.9076923076923077,,,,,0.14285714285714285,0.2571428571428571,3.4062499999999676,2.827586206896561
long_straddle_72h,long_vol_proxy,72,p80,0.8,immediate,war_geopolitics,SPY,44,0.75,0.5365657752963076,1.5153257278886672,66.67433202710136,14.229228117541902,0.003605986991941368,0.8923076923076924,,,,,0.11363636363636363,0.25,2.4560185185184387,2.238411055137046
long_straddle_72h,long_vol_proxy,72,p80,0.8,immediate,war_geopolitics,UNG,35,0.7428571428571429,2.2222222222222276,2.310376167171907,80.86316585101675,20.037477713960563,0.013793103448275668,0.8769230769230769,,,,,0.2571428571428571,0.4,1.636363636363629,2.6666666666666625
long_straddle_72h,long_vol_proxy,72,p80,0.8,immediate,war_geopolitics,USO,49,0.7142857142857143,1.9166666666666545,2.082439080557323,102.03951494730882,12.653712002168872,0.00788981010965506,0.8923076923076924,,,,,0.16326530612244897,0.2857142857142857,3.0555555555555385,2.3181818181818534
long_straddle_72h,long_vol_proxy,72,p80,0.8,immediate,oil_gas_energy,GLD,6,1.0,3.4841653247450375,3.1508877386901766,18.90532643214106,inf,0.004042243370921572,0.8810844892812106,,,,,0.0,0.16666666666666666,2.9089065043905302,3.2537659984142753
long_straddle_72h,long_vol_proxy,72,p80,0.8,immediate,oil_gas_energy,QQQ,9,0.6666666666666666,2.1038961038960817,1.8340604483746077,16.50654403537147,9.666088323617041,0.004974818818326954,0.9016393442622951,,,,,0.1111111111111111,0.2222222222222222,3.018789144050135,1.689393939393889
long_straddle_72h,long_vol_proxy,72,p80,0.8,immediate,oil_gas_energy,SLV,4,1.0,5.0,3.9565217391304346,15.826086956521738,inf,0.005569800946634951,0.9099087353324642,,,,,0.5,0.5,1.319875776397516,12.948841698841555
long_straddle_72h,long_vol_proxy,72,p80,0.8,immediate,oil_gas_energy,SPY,8,0.75,1.8995877731974948,1.9958718917887313,15.96697513430985,19.167463316065916,0.0046308450198046525,0.9173045379989064,,,,,0.125,0.25,3.4660841919613765,2.28526037418102
long_straddle_72h,long_vol_proxy,72,p80,0.8,immediate,oil_gas_energy,UNG,8,0.875,3.973039215686292,3.2945990896358524,26.35679271708682,31.122048819527695,0.009236081950877217,0.8699101004759386,,,,,0.375,0.5,1.2946428571428559,6.071428571428595
long_straddle_72h,long_vol_proxy,72,p80,0.8,immediate,oil_gas_energy,USO,7,1.0,3.9230769230769207,4.071646083121512,28.501522581850583,inf,0.008194322505121532,0.9538461538461539,,,,,0.14285714285714285,0.42857142857142855,2.5925925925926414,3.35000000000008
long_straddle_72h,long_vol_proxy,72,p80,0.8,immediate,fed_inflation_rates,GLD,13,0.7692307692307693,1.5901639344262568,1.8337116625874612,23.838251613636995,21.478834327125526,0.005980392156862746,0.9016393442622951,,,,,0.23076923076923078,0.23076923076923078,2.7956521739130324,1.37068965517243
long_straddle_72h,long_vol_proxy,72,p80,0.8,immediate,fed_inflation_rates,QQQ,9,0.7777777777777778,1.2533333333333303,1.131807470457339,10.186267234116052,9.480397877513905,0.004896440287910586,0.8225806451612904,,,,,0.0,0.1111111111111111,3.2099999999999986,0.9809523809523981
long_straddle_72h,long_vol_proxy,72,p80,0.8,immediate,fed_inflation_rates,SLV,13,0.7692307692307693,4.515050167224062,3.3712760651891305,43.826588847458694,23.31136504698253,0.011627906976744207,0.9384615384615385,,,,,0.0,0.07692307692307693,6.595317725752488,0.75
long_straddle_72h,long_vol_proxy,72,p80,0.8,immediate,fed_inflation_rates,SPY,6,0.8333333333333334,1.2329192546583676,1.4310647778331385,8.58638866699883,13.24355421035072,0.004330474195076706,0.8846153846153846,,,,,0.16666666666666666,0.16666666666666666,2.8660895796445858,1.1010467460125035
long_straddle_72h,long_vol_proxy,72,p80,0.8,immediate,fed_inflation_rates,UNG,12,0.75,1.1361149110807078,1.7624191416840846,21.149029700209017,14.981252881710294,0.016046927940557454,0.9106292966684294,,,,,0.16666666666666666,0.4166666666666667,1.1666666666666625,3.0163690476190412
long_straddle_72h,long_vol_proxy,72,p80,0.8,immediate,fed_inflation_rates,USO,8,1.0,5.0,4.435497855392151,35.483982843137206,inf,0.008727453189659173,0.9051702395964691,,,,,0.0,0.0,7.558501170960193,1.1888839285714232
long_straddle_72h,long_vol_proxy,72,p80,0.8,immediate,immigration_border,GLD,22,0.8636363636363636,2.9503667628668326,2.762318426766859,60.77100538887089,37.967533906386386,0.004751866769390489,0.8884615384615384,,,,,0.18181818181818182,0.36363636363636365,1.20080289672542,3.981250513262733
long_straddle_72h,long_vol_proxy,72,p80,0.8,immediate,immigration_border,QQQ,18,0.8333333333333334,1.3943016666511863,1.6666000849878537,29.998801529781367,24.82116011982936,0.0057445520914694015,0.9092400218698742,,,,,0.05555555555555555,0.2222222222222222,2.248887790410243,2.9322958571895756
long_straddle_72h,long_vol_proxy,72,p80,0.8,immediate,immigration_border,SLV,9,0.8888888888888888,5.0,3.3026294041732793,29.723664637559512,39.70988883031025,0.01642512077294689,0.9193548387096774,,,,,0.3333333333333333,0.6666666666666666,0.8758389261744953,4.218543046357604
long_straddle_72h,long_vol_proxy,72,p80,0.8,immediate,immigration_border,SPY,20,0.85,1.2689935064935083,2.0340465303610458,40.680930607220915,29.48588740784416,0.004141892860746843,0.8897022332506204,,,,,0.1,0.3,2.8951405152223346,2.0794611479890444
long_straddle_72h,long_vol_proxy,72,p80,0.8,immediate,immigration_border,UNG,17,0.9411764705882353,3.3333333333331954,2.69004639645554,45.730788739744185,64.69645574464352,0.010466222645099887,0.8688524590163934,,,,,0.11764705882352941,0.17647058823529413,4.400000000000299,2.1132075471698086
long_straddle_72h,long_vol_proxy,72,p80,0.8,immediate,immigration_border,USO,21,0.6190476190476191,0.7377049180327921,1.6266303667166784,34.159237701050245,11.481220486655527,0.010953058321479414,0.921875,,,,,0.09523809523809523,0.2857142857142857,1.073170731707355,1.5181818181818276
long_straddle_72h,long_vol_proxy,72,p80,0.8,immediate,domestic_politics_attacks,GLD,13,0.7692307692307693,1.1348314606741963,1.881756791921405,24.462838294978265,10.425656498712566,0.005026809651474506,0.8923076923076924,,,,,0.07692307692307693,0.15384615384615385,1.8484438430311299,1.7572815533980586
long_straddle_72h,long_vol_proxy,72,p80,0.8,immediate,domestic_politics_attacks,QQQ,16,0.6875,1.1865948428117092,1.9164308239078232,30.66289318252517,11.826115369888143,0.003236507830291724,0.875,,,,,0.1875,0.1875,2.5995583364004777,2.9736842105263355
long_straddle_72h,long_vol_proxy,72,p80,0.8,immediate,domestic_politics_attacks,SLV,16,0.875,3.51735382308847,2.8294625177608452,45.271400284173524,36.07513895890929,0.010881077029408937,0.90882996172772,,,,,0.3125,0.375,3.0224812030075134,5.070967741935453
long_straddle_72h,long_vol_proxy,72,p80,0.8,immediate,domestic_politics_attacks,SPY,14,0.7142857142857143,1.4992949471210222,1.8912904916919315,26.478066883687042,19.88505567913187,0.0038180467129924622,0.8724358974358974,,,,,0.14285714285714285,0.21428571428571427,2.4873071528751285,2.8182250573555363
long_straddle_72h,long_vol_proxy,72,p80,0.8,immediate,domestic_politics_attacks,UNG,20,0.75,1.412162162162162,2.1976993164493166,43.95398632898633,12.625553423910322,0.01396169028667571,0.9205548549810845,,,,,0.35,0.35,2.3074074074074016,2.9409722222222148
long_straddle_72h,long_vol_proxy,72,p80,0.8,immediate,domestic_politics_attacks,USO,20,0.85,2.8825665859564635,2.5466188915129715,50.93237783025943,40.772956552087614,0.007132237663938168,0.8629726205997392,,,,,0.1,0.15,3.935535781900805,2.1125603864734583
long_straddle_72h,long_vol_proxy,72,p80,0.8,immediate,other,GLD,281,0.800711743772242,2.3372093023255336,2.4334525775011207,683.8001742778149,22.98942306682189,0.004433942225998244,0.8923076923076924,,,,,0.16370106761565836,0.28825622775800713,2.428571428571448,2.2689075630252207
long_straddle_72h,long_vol_proxy,72,p80,0.8,immediate,other,QQQ,288,0.8125,1.8993582389215475,2.3060241567466893,664.1349571430464,28.62986295823397,0.004901917995941085,0.9016393442622951,,,,,0.1701388888888889,0.2777777777777778,2.431807907282627,2.588131934944518
long_straddle_72h,long_vol_proxy,72,p80,0.8,immediate,other,SLV,250,0.74,2.282392026578077,2.3011551484628385,575.2887871157096,17.605023885188594,0.009003554022137372,0.9016393442622951,,,,,0.156,0.264,2.49698795180723,2.586956521739128
long_straddle_72h,long_vol_proxy,72,p80,0.8,immediate,other,SPY,298,0.761744966442953,1.738760773351925,2.116248269403612,630.6419842822763,20.469392183455017,0.003909682852737961,0.9076923076923077,,,,,0.18456375838926176,0.27181208053691275,2.149019501917797,2.765128205128232
long_straddle_72h,long_vol_proxy,72,p80,0.8,immediate,other,UNG,336,0.8095238095238095,2.052989130434778,2.197590796868,738.3905077476479,21.554039738097398,0.012840394714099923,0.8983050847457628,,,,,0.18154761904761904,0.28273809523809523,2.474999999999987,2.7029411764705937
long_straddle_72h,long_vol_proxy,72,p80,0.8,immediate,other,USO,303,0.7887788778877888,1.7607843137254902,2.1851153583412612,662.0899535774022,23.87897989080528,0.0077821011673152585,0.8983050847457628,,,,,0.2079207920792079,0.3234323432343234,2.085106382978737,2.51612903225805
long_straddle_72h,long_vol_proxy,72,p80,0.8,delayed,tariffs_trade,GLD,28,0.6428571428571429,0.15174690329117513,1.0525478529124104,29.47133988154749,6.4426817149573905,0.008824486428636868,0.9830508474576272,,,,,0.21428571428571427,0.42857142857142855,1.8551347517730734,1.1246986406771073
long_straddle_72h,long_vol_proxy,72,p80,0.8,delayed,tariffs_trade,QQQ,30,0.8,1.4615194462755365,1.7414361199434458,52.24308359830337,16.9521245755511,0.005753447373057163,1.0,,,,,0.16666666666666666,0.43333333333333335,1.3504432289702053,2.276297335203354
long_straddle_72h,long_vol_proxy,72,p80,0.8,delayed,tariffs_trade,SLV,32,0.5625,0.370774130328268,0.966662393546539,30.93319659348925,6.018408665632068,0.01191344574965264,0.9745762711864407,,,,,0.1875,0.34375,1.7766546662974019,1.269522305566523
long_straddle_72h,long_vol_proxy,72,p80,0.8,delayed,tariffs_trade,SPY,28,0.75,0.9263332001709904,1.648893521112488,46.169018591149666,14.59790645492382,0.00395842438640337,0.9830508474576272,,,,,0.32142857142857145,0.35714285714285715,1.3046661031276663,2.8764551829010463
long_straddle_72h,long_vol_proxy,72,p80,0.8,delayed,tariffs_trade,UNG,29,0.5517241379310345,0.24390243902439357,1.316650274406306,38.18285795778287,6.6901856358100655,0.018413597733710985,1.0,,,,,0.10344827586206896,0.3103448275862069,1.5600000000000023,1.5510204081632641
long_straddle_72h,long_vol_proxy,72,p80,0.8,delayed,tariffs_trade,USO,23,0.782608695652174,1.5094339622641693,1.4241150421778734,32.75464597009109,13.15353286078088,0.013385826771653564,0.9649122807017544,,,,,0.13043478260869565,0.34782608695652173,1.395705521472398,2.1794871794871753
long_straddle_72h,long_vol_proxy,72,p80,0.8,delayed,war_geopolitics,GLD,87,0.6781609195402298,0.48134328358208545,0.7944674395470998,69.11866724059767,5.628072479143193,0.008940114380875164,0.9830508474576272,,,,,0.19540229885057472,0.41379310344827586,1.523622047244084,0.8571428571428571
long_straddle_72h,long_vol_proxy,72,p80,0.8,delayed,war_geopolitics,QQQ,90,0.6444444444444445,0.5833333333333333,1.0650407152295995,95.85366437066395,6.154753073911618,0.007251817875847999,1.0,,,,,0.28888888888888886,0.4,1.2176079734219374,1.5987654320988016
long_straddle_72h,long_vol_proxy,72,p80,0.8,delayed,war_geopolitics,SLV,83,0.5301204819277109,0.42307692307691824,0.9808442322464321,81.41007127645386,5.535526771367371,0.014462809917355157,0.9830508474576272,,,,,0.2289156626506024,0.39759036144578314,1.6521739130434299,1.7450980392156943
long_straddle_72h,long_vol_proxy,72,p80,0.8,delayed,war_geopolitics,SPY,90,0.7111111111111111,0.29207920792077413,1.1352750072091133,102.17475064882021,8.815419388126475,0.005909110854334654,0.9923076923076923,,,,,0.23333333333333334,0.34444444444444444,1.5741332058635886,1.8838709677418994
long_straddle_72h,long_vol_proxy,72,p80,0.8,delayed,war_geopolitics,UNG,85,0.6588235294117647,1.5384615384615237,1.5602076843606232,132.61765317065297,11.234164490719465,0.016178736517719616,1.0,,,,,0.16470588235294117,0.2235294117647059,2.3749999999999916,1.0454545454545443
long_straddle_72h,long_vol_proxy,72,p80,0.8,delayed,war_geopolitics,USO,63,0.7142857142857143,0.17647058823529282,1.1343859865556265,71.46631715300447,14.441409482684044,0.02463799438080838,1.0,,,,,0.30158730158730157,0.49206349206349204,1.0185185185185148,1.5473568281938317
long_straddle_72h,long_vol_proxy,72,p80,0.8,delayed,oil_gas_energy,GLD,6,0.6666666666666666,0.13725490196080115,0.5816767797897704,3.4900606787386224,7.038884061844376,0.005003796606286914,0.9067796610169492,,,,,0.0,0.3333333333333333,2.5539073287069325,4.039215686274586
long_straddle_72h,long_vol_proxy,72,p80,0.8,delayed,oil_gas_energy,QQQ,6,1.0,2.3341176470588407,2.620789053526679,15.724734321160074,inf,0.007267441860465018,1.0,,,,,0.16666666666666666,0.16666666666666666,2.9764965986395673,2.3599999999999937
long_straddle_72h,long_vol_proxy,72,p80,0.8,delayed,oil_gas_energy,SLV,5,0.4,-0.12068965517240238,0.5634355903204741,2.8171779516023703,4.934850183830021,0.00881325026591706,0.9491525423728814,,,,,0.2,0.2,3.3728813559322277,3.7619047619048698
long_straddle_72h,long_vol_proxy,72,p80,0.8,delayed,oil_gas_energy,SPY,6,0.8333333333333334,4.343652934284294,3.180355144630647,19.08213086778388,150.5241597848828,0.003948652274667674,0.9830508474576272,,,,,0.16666666666666666,0.16666666666666666,2.6163227016886523,2.7335907335907157
long_straddle_72h,long_vol_proxy,72,p80,0.8,delayed,oil_gas_energy,UNG,4,0.75,1.4047619047618989,1.9240790655884972,7.696316262353989,68.98412698412825,0.012331449706823594,0.9444444444444444,,,,,0.25,0.25,2.7351190476190377,1.2232704402515728
long_straddle_72h,long_vol_proxy,72,p80,0.8,delayed,oil_gas_energy,USO,5,0.6,0.007709251101320813,0.4519167190161764,2.259583595080882,3.9511212720869784,0.02463799438080838,1.0,,,,,0.2,0.2,1.2884615384615339,1.5473568281938317
long_straddle_72h,long_vol_proxy,72,p80,0.8,delayed,fed_inflation_rates,GLD,10,0.5,-0.12571639073668395,0.5182720807547821,5.182720807547821,2.9168132948702548,0.006786966451156395,0.9833333333333333,,,,,0.3,0.5,0.999061884538329,0.8072669826224298
long_straddle_72h,long_vol_proxy,72,p80,0.8,delayed,fed_inflation_rates,QQQ,10,0.5,0.12823138124430639,1.1454684545234584,11.454684545234583,4.64613333870995,0.003178452045930036,0.8816377171215881,,,,,0.2,0.2,1.3696969696968886,3.1628500191790327
long_straddle_72h,long_vol_proxy,72,p80,0.8,delayed,fed_inflation_rates,SLV,11,0.36363636363636365,-0.6666666666666667,0.7045466676760151,7.750013344436167,2.6644478374749028,0.02035928143712573,0.9838709677419355,,,,,0.36363636363636365,0.45454545454545453,1.1951710261569415,0.30080482897384403
long_straddle_72h,long_vol_proxy,72,p80,0.8,delayed,fed_inflation_rates,SPY,11,0.5454545454545454,0.5649350649350813,1.5507173806911445,17.05789118760259,9.784156100953513,0.0033630798731471012,0.9838709677419355,,,,,0.5454545454545454,0.6363636363636364,0.48587570621470194,1.5959302325581697
long_straddle_72h,long_vol_proxy,72,p80,0.8,delayed,fed_inflation_rates,UNG,11,0.7272727272727273,1.117647058823532,0.6906875981845217,7.597563580029739,6.2444192752104035,0.02160664819944591,1.0,,,,,0.0,0.36363636363636365,1.707482993197278,2.1034482758620663
long_straddle_72h,long_vol_proxy,72,p80,0.8,delayed,fed_inflation_rates,USO,7,0.2857142857142857,-0.8906250000000108,0.3270378022216203,2.289264615551342,1.5057011686684776,0.01111532146014893,0.9491525423728814,,,,,0.42857142857142855,0.5714285714285714,0.5180180180180144,1.9218750000000044
long_straddle_72h,long_vol_proxy,72,p80,0.8,delayed,immigration_border,GLD,35,0.6285714285714286,0.15602836879434911,0.7853211665467296,27.486240829135536,5.851756467250752,0.008490411407965803,0.9830508474576272,,,,,0.14285714285714285,0.34285714285714286,1.6996015936254951,0.49860724233982623
long_straddle_72h,long_vol_proxy,72,p80,0.8,delayed,immigration_border,QQQ,31,0.7096774193548387,0.42010309278350455,1.2435238046370525,38.54923794374863,9.051460238242727,0.0055414620103990675,1.0,,,,,0.22580645161290322,0.3870967741935484,1.0478723404254886,1.771349862258973
long_straddle_72h,long_vol_proxy,72,p80,0.8,delayed,immigration_border,SLV,31,0.45161290322580644,-0.010869565217389132,0.8566176403155734,26.555146849782776,4.326241412664525,0.014190219303389373,0.9830508474576272,,,,,0.0967741935483871,0.3225806451612903,1.666666666666643,0.8909952606635085
long_straddle_72h,long_vol_proxy,72,p80,0.8,delayed,immigration_border,SPY,30,0.5666666666666667,0.0407921412401564,1.0309653312897584,30.928959938692753,6.24755743779256,0.004697844976330745,0.9830508474576272,,,,,0.23333333333333334,0.3333333333333333,1.3058953722333575,1.5206291321836596
long_straddle_72h,long_vol_proxy,72,p80,0.8,delayed,immigration_border,UNG,35,0.5428571428571428,0.21768707482993088,0.9054906928544383,31.69217424990534,5.050377005616418,0.0277945619335348,1.0,,,,,0.22857142857142856,0.37142857142857144,1.564102564102572,1.1132075471698124
long_straddle_72h,long_vol_proxy,72,p80,0.8,delayed,immigration_border,USO,22,0.6818181818181818,0.24999999999999534,0.7616518555859696,16.75634082289133,5.658309857337363,0.013944590488825459,0.9649122807017544,,,,,0.36363636363636365,0.5909090909090909,0.7587529008172613,1.6984126984126842
long_straddle_72h,long_vol_proxy,72,p80,0.8,delayed,domestic_politics_attacks,GLD,87,0.5977011494252874,0.393274853801179,1.0996462709031205,95.66922556857149,7.041747613340988,0.00786418400876232,0.9830508474576272,,,,,0.06896551724137931,0.3563218390804598,1.167630057803481,1.118279569892487
long_straddle_72h,long_vol_proxy,72,p80,0.8,delayed,domestic_politics_attacks,QQQ,85,0.611764705882353,0.6925972396486828,1.0568052057752384,89.82844249089526,6.112079130449478,0.005966993998908876,1.0,,,,,0.2,0.3411764705882353,1.4516129032258123,1.771349862258973
long_straddle_72h,long_vol_proxy,72,p80,0.8,delayed,domestic_politics_attacks,SLV,76,0.6447368421052632,0.5338753387533817,0.9265058054869403,70.41444121700746,7.455615344450862,0.015053879310344853,0.9830508474576272,,,,,0.10526315789473684,0.3026315789473684,2.4317685112335017,1.1519607843137294
long_straddle_72h,long_vol_proxy,72,p80,0.8,delayed,domestic_politics_attacks,SPY,84,0.5833333333333334,0.560872180009983,1.0909571305252084,91.6403989641175,6.311697458095903,0.005030432826819142,0.9836065573770492,,,,,0.21428571428571427,0.34523809523809523,1.349890109890148,2.0256918290486263
long_straddle_72h,long_vol_proxy,72,p80,0.8,delayed,domestic_politics_attacks,UNG,88,0.6818181818181818,0.8110119047619053,1.3579581535822696,119.50031751523973,7.791342062006034,0.01649272960339765,1.0,,,,,0.22727272727272727,0.36363636363636365,1.8783783783783785,1.443055555555551
long_straddle_72h,long_vol_proxy,72,p80,0.8,delayed,domestic_politics_attacks,USO,56,0.6071428571428571,0.799479166666675,0.6860492796257079,38.418759659039644,4.5181824025512745,0.011647254575707255,0.9649122807017544,,,,,0.30357142857142855,0.4642857142857143,1.1631054131054124,1.3085106382978797
long_straddle_72h,long_vol_proxy,72,p80,0.8,delayed,other,GLD,838,0.6754176610978521,0.3718304352682781,1.0501985591288328,880.0663925499618,7.258820577195601,0.007011035306693447,0.9830508474576272,,,,,0.13723150357995226,0.3305489260143198,1.5861507128309664,1.0873786407766746
long_straddle_72h,long_vol_proxy,72,p80,0.8,delayed,other,QQQ,811,0.7114673242909988,0.7909090909091021,1.323494732321523,1073.354227912755,8.998368054334742,0.0055414620103990675,1.0,,,,,0.2564734895191122,0.3995067817509248,1.3696969696968886,2.2890365448505006
long_straddle_72h,long_vol_proxy,72,p80,0.8,delayed,other,SLV,747,0.5555555555555556,0.42307692307691824,0.8899318056517772,664.7790588218776,4.97242823739173,0.013427401001365413,0.9830508474576272,,,,,0.16198125836680052,0.33467202141900937,1.7707006369426757,0.9661016949152608
long_straddle_72h,long_vol_proxy,72,p80,0.8,delayed,other,SPY,806,0.6724565756823822,0.8253424657534254,1.2799131795994763,1031.6100227571778,8.699182514023153,0.004530969174306287,0.9830508474576272,,,,,0.26054590570719605,0.3511166253101737,1.5263157894736168,2.3826086956521872
long_straddle_72h,long_vol_proxy,72,p80,0.8,delayed,other,UNG,874,0.6327231121281465,0.7976190476190493,1.3417533235017067,1172.6924047404916,7.9894051478702774,0.020197241496335117,1.0,,,,,0.19107551487414187,0.3295194508009153,1.564102564102572,1.4017857142857095
long_straddle_72h,long_vol_proxy,72,p80,0.8,delayed,other,USO,550,0.6272727272727273,0.3243243243243388,0.8541568506343554,469.7862678488955,5.817560068225401,0.012737999463663163,0.9649122807017544,,,,,0.28545454545454546,0.44,1.2291666666666339,1.6769230769230725
long_straddle_72h,long_vol_proxy,72,p90,0.9,immediate,tariffs_trade,GLD,16,0.6875,1.3743194192377841,1.9016723577868353,30.426757724589365,10.704617646245403,0.006881369468392018,0.9588572990705304,,,,,0.3125,0.4375,2.6282290893263776,1.3084290504387548
long_straddle_72h,long_vol_proxy,72,p90,0.9,immediate,tariffs_trade,QQQ,20,0.75,1.2901545034062192,2.018746000349251,40.37492000698502,20.367070992149785,0.008673437274719364,0.9516129032258065,,,,,0.35,0.5,0.9197172796244155,2.3152584311753914
long_straddle_72h,long_vol_proxy,72,p90,0.9,immediate,tariffs_trade,SLV,11,0.8181818181818182,3.873563218390773,2.939833817532525,32.338171992857774,46.10638501398181,0.011247637051039705,0.9661016949152542,,,,,0.36363636363636365,0.45454545454545453,1.43478260869562,2.294964028776981
long_straddle_72h,long_vol_proxy,72,p90,0.9,immediate,tariffs_trade,SPY,20,0.65,1.0295613024966994,1.9414145039840853,38.82829007968171,9.387629179892501,0.00791281217736911,0.9676662320730117,,,,,0.3,0.55,0.7425117233294296,1.7372195665561958
long_straddle_72h,long_vol_proxy,72,p90,0.9,immediate,tariffs_trade,UNG,12,0.6666666666666666,0.5717391304347538,1.1473648374100318,13.768378048920383,9.846534080626746,0.022207368561250718,0.9441361916771753,,,,,0.5,0.6666666666666666,0.4991638795986584,1.9771923620933487
long_straddle_72h,long_vol_proxy,72,p90,0.9,immediate,tariffs_trade,USO,11,0.5454545454545454,0.43055555555555935,1.6437209281081324,18.080930209189457,7.081703513606297,0.013533834586466176,0.9375,,,,,0.45454545454545453,0.6363636363636364,0.7552083333333397,1.278169014084504
long_straddle_72h,long_vol_proxy,72,p90,0.9,immediate,war_geopolitics,GLD,23,0.7391304347826086,2.4375000000001443,2.0359596066705983,46.82707095342376,24.764725197048715,0.006146426798420812,0.9538461538461539,,,,,0.21739130434782608,0.2608695652173913,2.958637469586412,2.144989339019191
long_straddle_72h,long_vol_proxy,72,p90,0.9,immediate,war_geopolitics,QQQ,21,0.7619047619047619,0.6571428571429376,1.5894383033226396,33.37820436977543,15.459408362004273,0.005603403548822161,0.9508196721311475,,,,,0.19047619047619047,0.2857142857142857,2.1385542168675293,2.138339920948627
long_straddle_72h,long_vol_proxy,72,p90,0.9,immediate,war_geopolitics,SLV,18,0.6111111111111112,0.5726436781609135,1.270806426054644,22.87451566898359,4.947169300147797,0.0166747327537925,0.9692307692307692,,,,,0.2222222222222222,0.3333333333333333,2.568217054263563,2.264712643678151
long_straddle_72h,long_vol_proxy,72,p90,0.9,immediate,war_geopolitics,SPY,20,0.55,0.10868079289131272,1.0960670994996884,21.921341989993767,6.419724296878045,0.004485759522274979,0.9594130089899524,,,,,0.15,0.25,2.288115218115212,1.619663990943713
long_straddle_72h,long_vol_proxy,72,p90,0.9,immediate,war_geopolitics,UNG,16,0.6875,1.0441176470588251,1.4965509573638167,23.944815317821067,12.084488675554395,0.020144052829609127,0.944640605296343,,,,,0.1875,0.3125,1.7328159645232777,2.6169154228855662
long_straddle_72h,long_vol_proxy,72,p90,0.9,immediate,war_geopolitics,USO,23,0.6521739130434783,0.7014925373134293,1.6665398434442533,38.330416399217825,9.475639432259282,0.013040293040293083,0.967741935483871,,,,,0.21739130434782608,0.34782608695652173,1.7500000000000178,1.7800000000000011
long_straddle_72h,long_vol_proxy,72,p90,0.9,immediate,oil_gas_energy,GLD,1,1.0,4.314009661835766,4.314009661835766,4.314009661835766,inf,0.004862921981816926,0.9375,,,,,0.0,0.0,2.806763285024165,5.314009661835766
long_straddle_72h,long_vol_proxy,72,p90,0.9,immediate,oil_gas_energy,QQQ,5,0.6,1.997912317327792,1.7416538180887087,8.708269090443544,6.912288021313299,0.010103950103950154,0.9661016949152542,,,,,0.0,0.0,3.018789144050135,0.9457202505219221
long_straddle_72h,long_vol_proxy,72,p90,0.9,immediate,oil_gas_energy,SLV,2,1.0,2.913043478260869,2.913043478260869,5.826086956521738,inf,0.012457684549797454,0.9614182692307692,,,,,0.5,0.5,1.319875776397516,17.587462082912317
long_straddle_72h,long_vol_proxy,72,p90,0.9,immediate,oil_gas_energy,SPY,5,0.8,2.4078711985688455,2.0680825660544846,10.340412830272422,12.90122986125677,0.005454361805999897,0.9692307692307692,,,,,0.0,0.2,4.052469135802457,1.6323185011709735
long_straddle_72h,long_vol_proxy,72,p90,0.9,immediate,oil_gas_energy,UNG,3,1.0,4.916666666666697,4.305555555555552,12.916666666666655,inf,0.008970976253298346,0.9830508474576272,,,,,0.6666666666666666,0.6666666666666666,0.0,9.529411764705793
long_straddle_72h,long_vol_proxy,72,p90,0.9,immediate,oil_gas_energy,USO,4,1.0,4.874999999999988,4.668269230769224,18.673076923076895,inf,0.011862776606151315,0.9684485006518906,,,,,0.0,0.25,9.705994455994457,2.07995495495495
long_straddle_72h,long_vol_proxy,72,p90,0.9,immediate,fed_inflation_rates,GLD,7,0.5714285714285714,1.2902097902098286,1.6141214615479036,11.298850230835326,10.70655422698502,0.007403368217948403,0.9230769230769231,,,,,0.2857142857142857,0.2857142857142857,2.7956521739130324,0.8096590909091016
long_straddle_72h,long_vol_proxy,72,p90,0.9,immediate,fed_inflation_rates,QQQ,2,1.0,1.0136494252873627,1.0136494252873627,2.0272988505747254,inf,0.010001036962420384,0.9682219419924338,,,,,0.0,0.0,2.0883620689655205,1.1460529169377491
long_straddle_72h,long_vol_proxy,72,p90,0.9,immediate,fed_inflation_rates,SLV,8,0.625,4.059608416945339,2.63773371829189,21.10186974633512,11.742600130780191,0.017704546813518518,0.9765508684863524,,,,,0.0,0.125,6.5249315901489915,0.6819378772152369
long_straddle_72h,long_vol_proxy,72,p90,0.9,immediate,fed_inflation_rates,SPY,2,1.0,1.5482870668529316,1.5482870668529316,3.096574133705863,inf,0.00713128893844811,0.9682219419924338,,,,,0.0,0.0,2.6832223718436934,1.1010467460125035
long_straddle_72h,long_vol_proxy,72,p90,0.9,immediate,fed_inflation_rates,UNG,7,0.7142857142857143,0.34482758620690257,0.7349532002477234,5.144672401734064,5.654703601568888,0.019028871391076008,0.9538461538461539,,,,,0.14285714285714285,0.2857142857142857,1.7586206896551768,1.8604651162790609
long_straddle_72h,long_vol_proxy,72,p90,0.9,immediate,fed_inflation_rates,USO,4,1.0,5.0,5.0,20.0,inf,0.010032054532433277,0.9282471626733921,,,,,0.0,0.0,9.79612244897957,0.7002545968882619
long_straddle_72h,long_vol_proxy,72,p90,0.9,immediate,immigration_border,GLD,11,0.8181818181818182,2.4550898203592375,2.577422259772987,28.35164485750286,28.59300057039077,0.005477564943584312,0.9508196721311475,,,,,0.2727272727272727,0.45454545454545453,1.187499999999969,2.428571428571622
long_straddle_72h,long_vol_proxy,72,p90,0.9,immediate,immigration_border,QQQ,10,0.7,0.29789673046251464,1.260410878109227,12.604108781092268,11.008549613026304,0.006059838179529098,0.9756742464304601,,,,,0.0,0.2,2.2808445388063396,1.0646250477538772
long_straddle_72h,long_vol_proxy,72,p90,0.9,immediate,immigration_border,SLV,6,1.0,3.9569536423841027,3.4152536300694423,20.491521780416655,inf,0.017236105265163615,0.952116935483871,,,,,0.3333333333333333,0.6666666666666666,0.9180519134183681,4.120899430155545
long_straddle_72h,long_vol_proxy,72,p90,0.9,immediate,immigration_border,SPY,8,0.625,0.8462282599650617,1.453501357641523,11.628010861132184,9.142247564725224,0.008044937860125834,0.9842431761786601,,,,,0.125,0.375,1.7120147853665069,1.4405815493268548
long_straddle_72h,long_vol_proxy,72,p90,0.9,immediate,immigration_border,UNG,6,0.8333333333333334,3.843939393939401,2.9289506091392905,17.573703654835743,25.477658662092576,0.014167000542323616,0.9589512711864407,,,,,0.0,0.16666666666666666,3.326329331046322,3.4732704402515644
long_straddle_72h,long_vol_proxy,72,p90,0.9,immediate,immigration_border,USO,13,0.6153846153846154,1.5217391304347934,1.5608956345659664,20.291643249357563,14.312059607462157,0.011716919231370193,0.9333333333333333,,,,,0.07692307692307693,0.38461538461538464,1.045454545454556,1.5181818181818276
long_straddle_72h,long_vol_proxy,72,p90,0.9,immediate,domestic_politics_attacks,GLD,6,0.6666666666666666,0.8287163035380584,1.0230157846164307,6.138094707698584,4.710680935056512,0.005614120736793293,0.9423182066703116,,,,,0.0,0.0,1.8317849467256373,0.5478345184227696
long_straddle_72h,long_vol_proxy,72,p90,0.9,immediate,domestic_politics_attacks,QQQ,6,0.8333333333333334,0.8967224345182562,1.44218288595838,8.65309731575028,15.57987629914104,0.00683767095099197,0.9307692307692308,,,,,0.0,0.0,2.422129361153827,1.6572371051579504
long_straddle_72h,long_vol_proxy,72,p90,0.9,immediate,domestic_politics_attacks,SLV,8,0.875,3.5047101449275235,2.59347714856291,20.74781718850328,27.239886444283826,0.013168947072152215,0.9527295285359803,,,,,0.375,0.375,3.186507936507925,4.837634408602122
long_straddle_72h,long_vol_proxy,72,p90,0.9,immediate,domestic_politics_attacks,SPY,6,0.5,0.08743641424321968,1.2454244568272037,7.472546740963223,10.20639595744706,0.00455415316052904,0.9384615384615385,,,,,0.0,0.0,2.5710237887656895,1.630443120509335
long_straddle_72h,long_vol_proxy,72,p90,0.9,immediate,domestic_politics_attacks,UNG,13,0.7692307692307693,1.4999999999999964,2.2255917159763285,28.93269230769227,15.22919293820917,0.015978695073235683,0.9538461538461539,,,,,0.3076923076923077,0.3076923076923077,2.314814814814811,2.437499999999994
long_straddle_72h,long_vol_proxy,72,p90,0.9,immediate,domestic_politics_attacks,USO,7,0.8571428571428571,2.7142857142858303,2.333875825662561,16.337130779637928,92.48793236597794,0.007485630263333709,0.9491525423728814,,,,,0.0,0.14285714285714285,4.5968992248062355,2.3555555555555885
long_straddle_72h,long_vol_proxy,72,p90,0.9,immediate,other,GLD,134,0.7313432835820896,1.5578512396693902,1.9599848185073565,262.63796567998577,15.11297656372967,0.006511812508632642,0.953485576923077,,,,,0.21641791044776118,0.373134328358209,1.6199133464147426,1.7890262110152957
long_straddle_72h,long_vol_proxy,72,p90,0.9,immediate,other,QQQ,147,0.7482993197278912,1.4466501240694987,1.9091864139411976,280.65040284935606,19.607813163896516,0.006963649085396373,0.9538461538461539,,,,,0.17687074829931973,0.32653061224489793,1.9123414071510905,2.2432432432432146
long_straddle_72h,long_vol_proxy,72,p90,0.9,immediate,other,SLV,127,0.6692913385826772,1.9411764705882057,1.957769059229842,248.63667052218995,11.489488035370254,0.013739946380697088,0.953125,,,,,0.16535433070866143,0.29133858267716534,2.2444444444444436,1.6122448979591755
long_straddle_72h,long_vol_proxy,72,p90,0.9,immediate,other,SPY,160,0.725,1.4056763810352304,1.932528489983217,309.2045583973147,16.123633632984127,0.005449814496596428,0.9538461538461539,,,,,0.2,0.325,1.933411336453441,2.3886154703315117
long_straddle_72h,long_vol_proxy,72,p90,0.9,immediate,other,UNG,166,0.7831325301204819,1.635135135135127,1.9133287626112436,317.61257459346643,16.745571909631586,0.0163837417419615,0.9523689516129032,,,,,0.19879518072289157,0.3493975903614458,1.6734449760765542,2.2426573426573504
long_straddle_72h,long_vol_proxy,72,p90,0.9,immediate,other,USO,150,0.76,1.8019607843137337,2.101914820888452,315.28722313326784,20.982421390351462,0.011677188377586245,0.9523689516129032,,,,,0.26666666666666666,0.4266666666666667,1.355643640824114,2.108134111235974
long_straddle_72h,long_vol_proxy,72,p90,0.9,delayed,tariffs_trade,GLD,19,0.47368421052631576,-0.1614100185528734,0.3029251378524053,5.7555776191957015,2.062923409418112,0.011721869111118055,0.9833333333333333,,,,,0.15789473684210525,0.42105263157894735,1.8946666666666716,0.49860724233982623
long_straddle_72h,long_vol_proxy,72,p90,0.9,delayed,tariffs_trade,QQQ,22,0.7727272727272727,1.1697054698457117,1.125652760720501,24.76436073585102,8.83507131337911,0.00823570080424052,1.0,,,,,0.18181818181818182,0.5454545454545454,0.9572541222822188,1.955369211408304
long_straddle_72h,long_vol_proxy,72,p90,0.9,delayed,tariffs_trade,SLV,25,0.48,-0.03333333333333843,0.6160769102689422,15.401922756723554,3.982588275270072,0.014423076923076872,0.9830508474576272,,,,,0.12,0.32,2.011185682326621,1.0724637681159483
long_straddle_72h,long_vol_proxy,72,p90,0.9,delayed,tariffs_trade,SPY,20,0.7,0.916317991631781,1.3293922332413335,26.58784466482667,10.491189544487336,0.007765026206366987,1.0,,,,,0.4,0.45,1.1606019826415723,2.3584271659585294
long_straddle_72h,long_vol_proxy,72,p90,0.9,delayed,tariffs_trade,UNG,27,0.5185185185185185,0.0666666666666651,1.043809553991958,28.18285795778287,5.199939504391233,0.02300000000000002,1.0,,,,,0.1111111111111111,0.3333333333333333,1.5000000000000089,1.375000000000001
long_straddle_72h,long_vol_proxy,72,p90,0.9,delayed,tariffs_trade,USO,17,0.7058823529411765,1.5087719298245452,1.1039658594273691,18.767419610265275,7.963606053128961,0.014097142124823714,0.9649122807017544,,,,,0.17647058823529413,0.4117647058823529,1.395705521472398,1.4444444444444489
long_straddle_72h,long_vol_proxy,72,p90,0.9,delayed,war_geopolitics,GLD,67,0.6417910447761194,0.6949685534591117,0.6881940155291772,46.108999040454876,4.834221922266351,0.013698630136986356,0.9830508474576272,,,,,0.23880597014925373,0.5223880597014925,0.837662337662343,0.8056680161943268
long_straddle_72h,long_vol_proxy,72,p90,0.9,delayed,war_geopolitics,QQQ,76,0.618421052631579,0.5833333333333333,0.890952603941418,67.71239789954777,4.993604875148355,0.008865450864503965,1.0,,,,,0.3157894736842105,0.4342105263157895,1.2176079734219374,1.584489099028104
long_straddle_72h,long_vol_proxy,72,p90,0.9,delayed,war_geopolitics,SLV,69,0.5072463768115942,0.2734375000000009,0.9927011721305199,68.49638087700588,5.9566870362596305,0.017108352901710755,0.9830508474576272,,,,,0.2608695652173913,0.463768115942029,1.2698412698412858,1.5270270270270314
long_straddle_72h,long_vol_proxy,72,p90,0.9,delayed,war_geopolitics,SPY,71,0.676056338028169,0.29207920792077413,1.1941434619688043,84.7841857997851,8.77548991135914,0.0059827527183216045,1.0,,,,,0.2676056338028169,0.4084507042253521,1.3371428571428754,1.4453280318091493
long_straddle_72h,long_vol_proxy,72,p90,0.9,delayed,war_geopolitics,UNG,83,0.6506024096385542,1.4661016949152548,1.5104536526584693,125.36765317065296,10.674678699923286,0.019538188277087087,1.0,,,,,0.1686746987951807,0.2289156626506024,2.3749999999999916,0.9411764705882464
long_straddle_72h,long_vol_proxy,72,p90,0.9,delayed,war_geopolitics,USO,58,0.6896551724137931,0.06078431372549353,0.9901956983819225,57.4313505061515,11.801708133973468,0.02463799438080838,1.0,,,,,0.3103448275862069,0.5172413793103449,0.8964603283173715,1.5473568281938317
long_straddle_72h,long_vol_proxy,72,p90,0.9,delayed,oil_gas_energy,GLD,3,0.3333333333333333,-0.20436817472698154,0.4691566889120884,1.4074700667362652,3.435358389415905,0.006273181006456241,0.9491525423728814,,,,,0.0,0.3333333333333333,2.182527301092056,0.07956318252730007
long_straddle_72h,long_vol_proxy,72,p90,0.9,delayed,oil_gas_energy,QQQ,5,1.0,2.3341176470588407,2.144946864232015,10.724734321160074,inf,0.007267441860465018,1.0,,,,,0.2,0.2,2.136666666666656,2.3599999999999937
long_straddle_72h,long_vol_proxy,72,p90,0.9,delayed,oil_gas_energy,SLV,4,0.25,-0.12068965517240238,0.4066754402815276,1.6267017611261103,3.2720707863566076,0.011120325633641237,0.9661016949152543,,,,,0.25,0.25,4.945061367621297,4.481070653484463
long_straddle_72h,long_vol_proxy,72,p90,0.9,delayed,oil_gas_energy,SPY,5,0.8,4.11201629327906,2.816426173556777,14.082130867783883,111.34505530726848,0.003948652274667674,0.9830508474576272,,,,,0.2,0.2,2.463414634146443,2.7335907335907157
long_straddle_72h,long_vol_proxy,72,p90,0.9,delayed,oil_gas_energy,UNG,4,0.75,1.4047619047618989,1.9240790655884972,7.696316262353989,68.98412698412825,0.012331449706823594,0.9444444444444444,,,,,0.25,0.25,2.7351190476190377,1.2232704402515728
long_straddle_72h,long_vol_proxy,72,p90,0.9,delayed,oil_gas_energy,USO,5,0.6,0.007709251101320813,0.4519167190161764,2.259583595080882,3.9511212720869784,0.02463799438080838,1.0,,,,,0.2,0.2,1.2884615384615339,1.5473568281938317
long_straddle_72h,long_vol_proxy,72,p90,0.9,delayed,fed_inflation_rates,GLD,10,0.5,-0.12571639073668395,0.5182720807547821,5.182720807547821,2.9168132948702548,0.006786966451156395,0.9833333333333333,,,,,0.3,0.5,0.999061884538329,0.8072669826224298
long_straddle_72h,long_vol_proxy,72,p90,0.9,delayed,fed_inflation_rates,QQQ,4,0.5,1.8526117933075645,1.8015138222898073,7.206055289159229,12.074504561648794,0.007358211583446683,1.0,,,,,0.5,0.5,0.603326810176133,1.815016341005475
long_straddle_72h,long_vol_proxy,72,p90,0.9,delayed,fed_inflation_rates,SLV,10,0.4,-0.506319115323854,0.853262204008835,8.53262204008835,3.202763891133612,0.02035928143712573,0.9838709677419355,,,,,0.4,0.5,0.9423722429362904,0.2901082968398616
long_straddle_72h,long_vol_proxy,72,p90,0.9,delayed,fed_inflation_rates,SPY,11,0.5454545454545454,0.5649350649350813,1.5507173806911445,17.05789118760259,9.784156100953513,0.0033630798731471012,0.9838709677419355,,,,,0.5454545454545454,0.6363636363636364,0.48587570621470194,1.5959302325581697
long_straddle_72h,long_vol_proxy,72,p90,0.9,delayed,fed_inflation_rates,UNG,11,0.7272727272727273,1.117647058823532,0.6906875981845217,7.597563580029739,6.2444192752104035,0.02160664819944591,1.0,,,,,0.0,0.36363636363636365,1.707482993197278,2.1034482758620663
long_straddle_72h,long_vol_proxy,72,p90,0.9,delayed,fed_inflation_rates,USO,4,0.5,0.4535427807486623,1.2402849038878436,4.9611396155513745,3.6744156603038456,0.018136955434201907,0.9830508474576272,,,,,0.0,0.25,1.4117647058823608,1.0774774774774765
long_straddle_72h,long_vol_proxy,72,p90,0.9,delayed,immigration_border,GLD,27,0.5925925925925926,0.14746543778800114,0.47978024210214243,12.954066536757846,3.894735329043583,0.01453595471748681,0.9830508474576272,,,,,0.14814814814814814,0.4074074074074074,1.523622047244084,0.313852813852813
long_straddle_72h,long_vol_proxy,72,p90,0.9,delayed,immigration_border,QQQ,25,0.68,0.2533333333333303,1.0189719815981506,25.474299539953766,7.436880352937878,0.006629047279899103,1.0,,,,,0.28,0.48,1.0300000000000011,1.3376288659793678
long_straddle_72h,long_vol_proxy,72,p90,0.9,delayed,immigration_border,SLV,24,0.375,-0.08275862068965367,0.29813111874094783,7.155146849782748,2.1958070405148558,0.017876056123216022,0.9830508474576272,,,,,0.125,0.4166666666666667,1.658620689655178,0.8909952606635085
long_straddle_72h,long_vol_proxy,72,p90,0.9,delayed,immigration_border,SPY,23,0.5217391304347826,0.032537960954441836,0.4650864938083153,10.696989357591251,3.2824907331751882,0.0059827527183216045,1.0,,,,,0.30434782608695654,0.43478260869565216,1.2125813449023894,1.0455531453362088
long_straddle_72h,long_vol_proxy,72,p90,0.9,delayed,immigration_border,UNG,32,0.5,0.10884353741496544,0.5216304453095418,16.69217424990534,3.1333215645739734,0.030532767943799943,1.0,,,,,0.1875,0.34375,1.635792778649925,0.94735647832993
long_straddle_72h,long_vol_proxy,72,p90,0.9,delayed,immigration_border,USO,19,0.6842105263157895,0.24999999999999534,0.7698998893875265,14.628097898363004,6.404880507360224,0.014319151865620272,0.9649122807017544,,,,,0.3684210526315789,0.5263157894736842,0.6684491978609609,1.4444444444444489
long_straddle_72h,long_vol_proxy,72,p90,0.9,delayed,domestic_politics_attacks,GLD,60,0.5333333333333333,0.3311227434264489,0.7212203951421174,43.27322370852705,4.242352170060212,0.01346648509608106,0.9833333333333333,,,,,0.08333333333333333,0.4,1.2857110611048652,0.9068322981366461
long_straddle_72h,long_vol_proxy,72,p90,0.9,delayed,domestic_politics_attacks,QQQ,67,0.5223880597014925,0.09876543209878408,0.7439337991188603,49.84356454096364,3.9636055946781856,0.009316126150557547,1.0,,,,,0.22388059701492538,0.34328358208955223,1.4193548387096597,1.3356164383561688
long_straddle_72h,long_vol_proxy,72,p90,0.9,delayed,domestic_politics_attacks,SLV,62,0.5806451612903226,0.45982142857142083,0.589791882993904,36.567096745622045,4.3890353367622845,0.017108352901710755,0.9830508474576272,,,,,0.12903225806451613,0.3387096774193548,1.984759507829967,1.10954222326381
long_straddle_72h,long_vol_proxy,72,p90,0.9,delayed,domestic_politics_attacks,SPY,66,0.48484848484848486,-0.08030592734226982,0.7401955831717968,48.85290848933859,3.8881727258796945,0.0072428291671465805,1.0,,,,,0.2727272727272727,0.4393939393939394,1.2237623762376475,1.4453280318091493
long_straddle_72h,long_vol_proxy,72,p90,0.9,delayed,domestic_politics_attacks,UNG,81,0.654320987654321,0.777777777777747,1.1282618074583783,91.38920640412864,6.193754915224879,0.01866666666666661,1.0,,,,,0.20987654320987653,0.35802469135802467,2.3913043478260856,1.3333333333333333
long_straddle_72h,long_vol_proxy,72,p90,0.9,delayed,domestic_politics_attacks,USO,43,0.5348837209302325,0.17647058823529282,0.528928190752568,22.743912202360423,3.202093361456787,0.014733969986357454,0.9649122807017544,,,,,0.32558139534883723,0.46511627906976744,1.0185185185185148,0.9310344827586214
long_straddle_72h,long_vol_proxy,72,p90,0.9,delayed,other,GLD,589,0.6044142614601019,0.1774193548387153,0.7134168129359482,420.2025028192735,4.516210087749084,0.011721869111118055,0.9830508474576272,,,,,0.14431239388794567,0.37860780984719866,1.4442105263157923,0.7836257309941801
long_straddle_72h,long_vol_proxy,72,p90,0.9,delayed,other,QQQ,648,0.6712962962962963,0.6948275862069169,1.0925641722833328,707.9815836395996,6.88069626346016,0.006709833330450277,1.0,,,,,0.2916666666666667,0.4506172839506173,1.0952380952381184,1.783333333333341
long_straddle_72h,long_vol_proxy,72,p90,0.9,delayed,other,SLV,621,0.5201288244766505,0.2564102564102415,0.7048557663685764,437.7154309148859,4.0896790067521,0.015625,0.9830508474576272,,,,,0.17391304347826086,0.3719806763285024,1.7213114754098446,1.0
long_straddle_72h,long_vol_proxy,72,p90,0.9,delayed,other,SPY,611,0.618657937806874,0.4947780678851075,0.9600133108986992,586.5681329591052,6.072584469966865,0.0059827527183216045,1.0,,,,,0.3158756137479542,0.43044189852700493,1.2125813449023894,1.7174796747967485
long_straddle_72h,long_vol_proxy,72,p90,0.9,delayed,other,UNG,805,0.6049689440993788,0.5999999999999788,1.1371943859187177,915.4414806645677,6.512477940276944,0.02376811594202899,1.0,,,,,0.16770186335403728,0.31801242236024846,1.564102564102572,1.3333333333333333
long_straddle_72h,long_vol_proxy,72,p90,0.9,delayed,other,USO,433,0.5842956120092379,0.18987341772152466,0.6836871379046475,296.03653071271236,4.549031336090144,0.015035500487261544,0.9672131147540983,,,,,0.3233256351039261,0.49191685912240185,1.0185185185185148,1.5473568281938317
